"RP_INC_LOG","HP_INC_LOG","CF_INC_LOG","RF_AGE","RF_AGE_DEATH","RF_YRS_SINCE_DEATH","RM_AGE","RM_AGE_DEATH","RM_YRS_SINCE_DEATH","HF_AGE","HF_AGE_DEATH","HF_YRS_SINCE_DEATH","HM_AGE","HM_AGE_DEATH","HM_YRS_SINCE_DEATH","HUS_AGE","RESP_AGE"
11.0020998412042,10.4912742174382,10.4912742174382,50,NA,NA,NA,20,20,NA,NA,NA,NA,NA,NA,NA,24
8.53699581871242,NA,11.2772031314492,NA,59,17,71,NA,NA,NA,NA,NA,NA,NA,NA,NA,59
10.1266311038503,NA,10.9681982895286,NA,102,1,NA,70,12,NA,NA,NA,NA,NA,NA,55,48
NA,NA,11.289781913656,NA,112,8,NA,70,25,NA,85,11,NA,80,5,62,48
8.00636756765025,8.51719319141624,8.51719319141624,NA,70,20,NA,65,15,NA,NA,NA,NA,NA,NA,NA,56
9.90348755253613,NA,9.68034400122192,NA,70,45,NA,80,25,NA,80,30,NA,90,3,75,54
10.0690019910137,9.68034400122192,11.5898865061064,NA,90,8,NA,55,14,NA,90,20,NA,100,1,60,46
9.47270463644367,NA,11.2644641056717,NA,55,5,50,NA,NA,NA,NA,8,80,NA,NA,31,23
10.1266311038503,NA,10.4912742174382,100,NA,NA,NA,75,16,NA,65,15,NA,48,46,55,52
NA,10.4042628404486,10.3089526606443,NA,55,25,NA,45,28,NA,NA,NA,NA,NA,NA,NA,57
8.51719319141624,NA,NA,65,NA,NA,NA,50,9,NA,70,9,NA,60,7,NA,41
7.60090245954208,9.16951837745593,10.77895628989,NA,70,4,NA,65,1,NA,NA,NA,NA,NA,NA,NA,50
12.3544926506484,11.206400304717,11.1844213979982,NA,NA,NA,NA,NA,NA,NA,NA,NA,NA,NA,NA,NA,27
NA,NA,10.0858091093301,NA,35,50,NA,65,9,NA,NA,NA,NA,NA,NA,NA,56
11.4295438560312,10.8967393255464,11.3385720778255,NA,65,26,NA,72,4,NA,60,25,NA,62,20,52,43
NA,NA,10.5966347330961,NA,85,12,NA,86,7,NA,NA,NA,NA,70,22,66,60
9.7981270368783,9.61580548008435,10.77895628989,NA,82,14,NA,92,4,NA,85,10,NA,86,6,66,47
NA,NA,NA,NA,50,22,67,NA,NA,74,NA,NA,67,NA,NA,25,20
9.39266192877014,NA,10.77895628989,80,NA,NA,67,NA,NA,NA,60,18,62,NA,NA,38,28
NA,NA,10.8197782844103,NA,75,7,70,NA,NA,NA,60,14,NA,65,9,50,48
NA,NA,10.2035921449865,62,NA,NA,45,NA,NA,NA,40,30,NA,30,28,37,25
7.78322401633604,NA,8.00636756765025,NA,85,13,78,NA,NA,NA,50,40,NA,55,22,65,55
11.0020998412042,11.6172854802945,12.1007121298723,70,NA,NA,55,NA,NA,NA,82,1,NA,65,5,47,40
7.60090245954208,11.7117763237154,11.0020998412042,NA,55,29,NA,55,24,NA,75,10,75,NA,NA,47,43
NA,NA,12.7938593104323,85,NA,NA,70,NA,NA,80,NA,NA,70,NA,NA,55,49
10.6919449129004,10.4042628404486,11.6439537273766,NA,66,35,90,NA,NA,NA,NA,NA,NA,NA,NA,NA,60
10.8780471925343,NA,10.77895628989,65,NA,NA,54,NA,NA,NA,65,22,NA,72,2,45,33
11.5711943730942,NA,NA,60,NA,NA,50,NA,NA,NA,NA,NA,NA,NA,NA,NA,22
11.289781913656,NA,12.3883942023241,NA,58,2,49,NA,NA,86,NA,NA,64,NA,NA,32,22
NA,NA,9.90348755253613,NA,80,10,NA,70,3,NA,NA,NA,NA,NA,NA,NA,50
10.8197782844103,10.5966347330961,12.3883942023241,60,NA,NA,50,NA,NA,90,NA,NA,80,NA,NA,30,20
9.7981270368783,10.0858091093301,12.3883942023241,NA,75,5,60,NA,NA,70,NA,NA,55,NA,NA,35,31
NA,NA,10.6735957742322,NA,NA,NA,NA,NA,NA,NA,NA,NA,NA,NA,NA,NA,55
9.90348755253613,10.4912742174382,13.3046849341983,80,NA,NA,NA,60,11,80,NA,NA,75,NA,NA,36,31
10.4631033404715,NA,NA,85,NA,NA,62,NA,NA,NA,NA,NA,NA,NA,NA,NA,22
NA,NA,11.3022044336546,NA,60,19,NA,35,32,NA,NA,40,NA,60,14,45,35
9.61580548008435,10.0858091093301,11.47210347045,NA,50,20,50,NA,NA,71,NA,NA,65,NA,NA,26,22
NA,NA,10.7995755770928,NA,70,16,NA,68,13,NA,80,34,NA,70,31,70,64
11.0020998412042,NA,10.5966347330961,NA,60,20,NA,70,1,NA,75,8,NA,65,9,52,44
10.4912742174382,NA,10.4912742174382,NA,62,15,NA,55,6,NA,NA,NA,NA,NA,NA,62,51
11.1844213979982,9.39266192877014,9.90348755253613,NA,85,2,NA,NA,35,NA,80,11,NA,75,3,46,37
NA,NA,12.3883942023241,67,NA,NA,59,NA,NA,80,NA,NA,65,NA,NA,35,21
10.3089526606443,10.3089526606443,12.1007121298723,80,NA,NA,70,NA,NA,NA,55,45,76,NA,NA,45,36
8.1886891244442,NA,11.1844213979982,60,NA,NA,55,NA,NA,74,NA,NA,62,NA,NA,40,34
8.69951474821019,8.51719319141624,9.61580548008435,NA,NA,NA,NA,NA,NA,NA,NA,NA,NA,NA,NA,78,52
NA,8.34283980427146,11.1844213979982,NA,80,12,NA,70,1,NA,NA,NA,NA,NA,NA,NA,51
10.9331069697173,NA,10.0858091093301,NA,67,12,80,NA,NA,NA,85,17,NA,70,12,50,43
10.8780471925343,NA,9.90348755253613,NA,63,12,NA,50,6,75,NA,NA,NA,64,8,50,34
11.2384886192685,11.2644641056717,11.0508900053737,NA,70,10,NA,60,15,NA,70,16,70,NA,NA,54,48
NA,NA,NA,NA,95,4,95,NA,NA,NA,NA,NA,NA,NA,NA,63,54
9.19013766465866,NA,11.6952470217642,NA,55,14,60,NA,NA,NA,NA,NA,NA,NA,NA,NA,37
10.7144177687525,NA,11.3385720778255,70,NA,NA,55,NA,NA,NA,80,19,NA,73,2,48,41
NA,10.6454248972655,11.1844213979982,85,NA,NA,80,NA,NA,NA,81,1,82,NA,NA,60,51
9.89343721668263,9.7981270368783,11.2384886192685,NA,80,12,NA,72,6,NA,NA,NA,NA,NA,NA,NA,51
NA,NA,11.6952470217642,78,NA,NA,65,NA,NA,NA,70,10,60,NA,NA,40,27
12.5061772379805,9.10497985631836,9.89343721668263,55,NA,NA,50,NA,NA,NA,52,9,52,NA,NA,27,28
11.7610347623022,NA,9.39266192877014,62,NA,NA,54,NA,NA,NA,NA,NA,NA,NA,NA,NA,29
10.6454248972655,NA,11.0974100210086,NA,67,24,NA,55,8,NA,66,20,NA,57,15,50,40
10.6454248972655,8.29404964010203,11.6952470217642,100,NA,NA,90,NA,NA,NA,95,20,NA,85,10,60,56
9.68034400122192,8.51719319141624,10.3089526606443,NA,70,12,70,NA,NA,NA,NA,NA,NA,NA,NA,NA,42
11.0348896640272,NA,NA,55,NA,NA,40,NA,NA,NA,NA,NA,NA,NA,NA,NA,23
NA,8.69951474821019,9.7981270368783,NA,40,37,75,NA,NA,NA,60,19,NA,55,7,50,44
10.4912742174382,10.6454248972655,10.8967393255464,60,NA,NA,50,NA,NA,65,NA,NA,54,NA,NA,40,37
NA,NA,9.90348755253613,NA,70,15,80,NA,NA,NA,55,38,NA,45,40,NA,57
11.982929094216,11.289781913656,11.0666383623418,80,NA,NA,NA,25,45,NA,85,12,NA,80,1,65,49
NA,NA,NA,NA,80,12,NA,70,7,NA,60,35,NA,80,15,75,50
11.8204101647182,11.6082356447746,12.1007121298723,NA,NA,NA,NA,NA,NA,NA,NA,NA,NA,NA,NA,NA,34
10.4912742174382,11.0020998412042,10.77895628989,75,NA,NA,65,NA,NA,NA,NA,NA,NA,NA,NA,NA,41
9.61580548008435,11.982929094216,12.3883942023241,NA,67,10,62,NA,NA,NA,55,4,54,NA,NA,31,28
12.4090134895269,10.5966347330961,11.0020998412042,NA,67,3,64,NA,NA,70,NA,NA,NA,58,8,37,28
11.8844890214027,NA,NA,46,NA,NA,43,NA,NA,NA,NA,NA,NA,NA,NA,NA,23
8.51719319141624,NA,10.77895628989,NA,65,20,60,NA,NA,NA,70,11,60,NA,NA,36,34
NA,8.98719682066197,10.9508065468167,NA,NA,38,NA,67,30,NA,NA,NA,NA,NA,NA,73,63
8.13153071060425,NA,NA,67,NA,NA,58,NA,NA,NA,NA,NA,NA,NA,NA,NA,20
11.1562505210315,9.21034037197618,9.90348755253613,75,NA,NA,70,NA,NA,90,NA,NA,NA,40,48,50,38
8.79482492801452,7.9373746961633,10.2255710517052,NA,63,16,NA,37,24,NA,70,12,NA,58,10,67,51
10.3734911817819,10.1266311038503,11.6952470217642,NA,70,15,NA,65,8,NA,NA,NA,NA,NA,NA,NA,60
8.00636756765025,NA,11.0020998412042,NA,75,6,NA,60,5,NA,NA,NA,NA,NA,NA,NA,60
NA,NA,9.90348755253613,NA,70,30,NA,55,15,NA,75,35,NA,35,23,69,62
10.0858091093301,7.78322401633604,10.360912399575,68,NA,NA,57,NA,NA,NA,NA,NA,67,NA,NA,38,26
NA,NA,NA,90,NA,NA,80,NA,NA,NA,98,3,NA,45,30,65,64
10.3089526606443,10.8780471925343,9.39266192877014,NA,NA,NA,NA,NA,NA,NA,NA,NA,NA,NA,NA,NA,56
10.77895628989,NA,11.8775685785581,80,NA,NA,75,NA,NA,NA,82,13,85,NA,NA,50,42
12.2060726455302,11.0020998412042,11.0020998412042,78,NA,NA,72,NA,NA,75,NA,NA,67,NA,NA,36,29
8.29404964010203,8.98719682066197,10.0858091093301,NA,72,17,70,NA,NA,NA,67,30,NA,50,34,69,51
9.21034037197618,NA,NA,NA,50,40,85,NA,NA,NA,70,30,NA,65,25,60,56
9.90348755253613,NA,9.7981270368783,NA,45,19,NA,39,20,NA,NA,NA,NA,NA,NA,NA,23
11.7360690162844,NA,10.7363966754712,NA,NA,NA,NA,NA,NA,NA,NA,NA,NA,NA,NA,NA,24
9.39266192877014,NA,11.6952470217642,NA,75,5,80,NA,NA,NA,NA,NA,NA,NA,NA,36,28
11.3385720778255,NA,9.21034037197618,NA,68,9,70,NA,NA,NA,85,18,NA,65,20,70,58
9.90348755253613,NA,12.3883942023241,69,NA,NA,55,NA,NA,NA,70,15,64,NA,NA,34,23
7.09007683577609,8.69951474821019,12.3883942023241,82,NA,NA,65,NA,NA,NA,NA,NA,NA,NA,NA,NA,40
NA,NA,11.0666383623418,85,NA,NA,NA,65,7,NA,105,11,NA,80,11,59,47
10.7363966754712,NA,NA,45,NA,NA,42,NA,NA,NA,NA,NA,NA,NA,NA,NA,21
10.1023384112813,9.91837616502988,10.96992094284,74,NA,NA,68,NA,NA,75,NA,NA,58,NA,NA,34,31
NA,NA,11.1844213979982,NA,NA,45,90,NA,NA,NA,90,1,NA,85,2,50,43
NA,NA,11.6952470217642,NA,65,40,NA,80,1,NA,50,45,NA,40,38,58,48
NA,10.77895628989,11.47210347045,100,NA,NA,NA,60,2,NA,75,4,80,NA,NA,60,50
NA,NA,7.60090245954208,NA,70,33,NA,60,35,NA,NA,NA,NA,NA,NA,73,41
10.3089526606443,NA,8.98719682066197,55,NA,NA,40,NA,NA,NA,80,4,NA,75,NA,30,25
11.6439537273766,9.90348755253613,11.8775685785581,48,NA,NA,41,NA,NA,NA,95,1,80,NA,NA,34,41
NA,NA,11.4727907342301,NA,65,19,75,NA,NA,NA,115,3,90,NA,NA,53,46
NA,NA,NA,85,NA,NA,65,NA,NA,NA,NA,NA,NA,NA,NA,NA,36
NA,NA,NA,NA,NA,NA,NA,NA,NA,NA,NA,NA,NA,NA,NA,NA,62
11.4616321705827,NA,11.6952470217642,88,NA,NA,80,NA,NA,NA,NA,3,70,NA,NA,50,48
9.90348755253613,10.1266311038503,11.7752897294377,NA,85,4,75,NA,NA,NA,60,24,NA,NA,NA,65,66
NA,NA,9.74096862303835,NA,55,15,65,NA,NA,NA,NA,NA,NA,NA,NA,NA,46
8.00636756765025,NA,9.68034400122192,NA,65,10,NA,48,4,NA,NA,NA,NA,NA,NA,NA,52
10.8395809117065,10.9331069697173,11.0508900053737,NA,50,10,55,NA,NA,75,NA,NA,60,NA,NA,36,29
10.6919449129004,10.77895628989,11.1844213979982,NA,68,22,NA,58,25,NA,76,15,NA,86,NA,58,46
NA,NA,10.0858091093301,70,NA,NA,60,NA,NA,NA,NA,NA,NA,NA,NA,35,32
10.4912742174382,NA,12.1007121298723,70,NA,NA,43,NA,NA,95,NA,NA,70,NA,NA,NA,24
8.98719682066197,NA,8.47637119689598,NA,70,16,60,NA,NA,NA,80,14,NA,70,7,50,43
9.61580548008435,NA,NA,NA,NA,30,NA,NA,45,NA,NA,NA,NA,NA,NA,NA,60
NA,NA,10.3089526606443,75,NA,NA,60,NA,NA,NA,70,12,70,NA,NA,45,35
10.8197782844103,10.4912742174382,11.1272629841582,60,NA,NA,50,NA,NA,NA,80,5,76,NA,NA,41,28
11.0020998412042,9.39266192877014,11.1844213979982,75,NA,NA,55,NA,NA,NA,NA,NA,NA,NA,NA,NA,32
12.3883942023241,11.6952470217642,12.3883942023241,55,NA,NA,45,NA,NA,58,NA,NA,50,NA,NA,26,25
9.90348755253613,10.1266311038503,10.9681982895286,NA,90,10,90,NA,NA,NA,70,30,NA,75,18,NA,49
NA,NA,10.0858091093301,NA,54,38,NA,64,2,NA,57,15,NA,70,2,68,54
12.1007121298723,NA,NA,58,NA,NA,50,NA,NA,NA,NA,NA,NA,NA,NA,NA,21
8.00636756765025,NA,9.40919123072135,NA,99,5,NA,35,50,NA,45,50,NA,25,52,65,64
10.6454248972655,10.4912742174382,10.9937315915337,80,NA,NA,NA,45,36,85,NA,NA,NA,70,5,52,44
9.61580548008435,NA,10.1266311038503,NA,75,20,NA,90,7,NA,62,45,NA,95,11,NA,54
8.98719682066197,NA,10.8967393255464,51,NA,NA,40,NA,NA,NA,NA,NA,NA,NA,NA,NA,22
11.0186291431554,11.0020998412042,11.0020998412042,55,NA,NA,45,NA,NA,78,NA,NA,57,NA,NA,38,27
9.90348755253613,12.1547793511426,11.7360690162844,80,NA,NA,NA,70,7,NA,NA,11,85,NA,NA,NA,49
10.8197782844103,10.8197782844103,10.5966347330961,NA,75,27,85,NA,NA,NA,75,27,NA,80,4,60,49
NA,NA,10.8780471925343,75,NA,NA,NA,60,4,NA,50,70,NA,40,60,NA,58
NA,NA,NA,NA,NA,NA,NA,NA,NA,NA,NA,NA,NA,NA,NA,NA,30
NA,11.7440371859336,11.6952470217642,50,NA,NA,39,NA,NA,75,NA,NA,60,NA,NA,39,24
10.5453414387085,10.3089526606443,12.7938593104323,75,NA,NA,60,NA,NA,NA,NA,NA,NA,NA,NA,NA,30
10.4912742174382,10.77895628989,11.4075649493124,NA,55,32,90,NA,NA,NA,80,10,NA,56,40,50,42
10.1266311038503,9.51044496442652,11.1844213979982,55,NA,NA,45,NA,NA,78,NA,NA,NA,NA,18,31,33
11.0020998412042,NA,NA,NA,NA,NA,NA,NA,NA,NA,NA,NA,NA,NA,NA,NA,23
10.9681982895286,NA,NA,48,NA,NA,45,NA,NA,NA,NA,NA,NA,NA,NA,NA,20
NA,NA,NA,NA,60,30,NA,75,5,NA,NA,NA,NA,50,30,NA,59
NA,NA,12.2830336866663,75,NA,NA,65,NA,NA,NA,NA,NA,NA,60,28,60,50
11.1844213979982,9.90348755253613,12.7938593104323,55,NA,NA,40,NA,NA,80,NA,NA,60,NA,NA,30,21
10.8395809117065,10.6919449129004,8.88183630500415,NA,70,15,65,NA,NA,NA,70,23,NA,23,8,70,42
11.0186291431554,10.3089526606443,10.4631033404715,70,NA,NA,65,NA,NA,NA,NA,NA,NA,NA,NA,40,30
NA,NA,10.5584135202759,80,NA,NA,65,NA,NA,NA,57,25,68,NA,NA,50,39
10.0858091093301,9.39266192877014,10.2035921449865,NA,90,3,NA,70,8,NA,85,35,NA,80,31,53,48
11.0020998412042,10.77895628989,11.6952470217642,NA,79,1,66,NA,NA,NA,NA,NA,NA,NA,NA,NA,45
9.39266192877014,10.0858091093301,9.7981270368783,NA,40,30,70,NA,NA,NA,50,20,NA,70,1,NA,49
11.9183905730784,10.8197782844103,12.1007121298723,70,NA,NA,60,NA,NA,80,NA,NA,70,NA,NA,34,24
6.21460809842219,7.60090245954208,11.2384886192685,NA,70,12,NA,40,34,NA,75,30,NA,80,15,54,51
10.7363966754712,9.39266192877014,11.6952470217642,NA,NA,NA,NA,NA,NA,NA,NA,NA,NA,NA,NA,NA,36
9.90348755253613,9.21034037197618,10.3089526606443,50,NA,NA,35,NA,NA,NA,NA,NA,NA,NA,NA,NA,36
NA,10.0858091093301,11.0974100210086,76,NA,NA,67,NA,NA,NA,75,8,72,NA,NA,43,30
9.61580548008435,11.0020998412042,8.1886891244442,45,NA,NA,40,NA,NA,50,NA,NA,45,NA,NA,29,29
12.7938593104323,NA,11.6952470217642,NA,70,10,60,NA,NA,NA,65,26,90,NA,NA,52,35
9.39266192877014,NA,NA,60,NA,NA,53,NA,NA,66,NA,NA,60,NA,NA,35,25
NA,NA,NA,85,NA,NA,80,NA,NA,85,NA,NA,80,NA,NA,55,48
9.7981270368783,8.00636756765025,8.51719319141624,NA,50,30,NA,40,25,NA,NA,NA,NA,NA,NA,NA,54
11.289781913656,10.77895628989,10.8589989975636,90,NA,NA,80,NA,NA,NA,NA,NA,NA,NA,NA,NA,40
10.6213273456864,9.61580548008435,8.51719319141624,NA,70,20,NA,70,1,NA,NA,NA,65,NA,NA,NA,27
NA,NA,11.8775685785581,78,NA,NA,70,NA,NA,NA,75,9,NA,69,3,50,44
9.61580548008435,9.39266192877014,9.68034400122192,81,NA,NA,63,NA,NA,NA,NA,NA,NA,NA,NA,NA,40
9.90348755253613,10.3089526606443,11.4075649493124,NA,85,3,NA,73,1,NA,90,11,NA,57,22,64,48
NA,NA,11.0020998412042,NA,80,1,NA,70,1,NA,85,15,NA,70,12,54,47
8.29404964010203,8.00636756765025,9.39266192877014,NA,NA,NA,NA,NA,NA,NA,NA,NA,NA,NA,NA,NA,37
NA,NA,9.39266192877014,NA,70,34,NA,60,30,NA,72,17,NA,64,19,70,62
10.7144177687525,10.9331069697173,11.0020998412042,NA,54,23,60,NA,NA,NA,NA,NA,NA,NA,NA,NA,29
9.21034037197618,NA,NA,66,NA,NA,66,NA,NA,NA,NA,NA,NA,NA,NA,NA,63
NA,10.77895628989,12.1652506510099,NA,55,22,57,NA,NA,76,NA,NA,56,NA,NA,36,27
9.39266192877014,10.6919449129004,10.77895628989,64,NA,NA,54,NA,NA,60,NA,NA,49,NA,NA,31,23
NA,NA,11.7644620907857,NA,85,20,NA,40,55,NA,NA,NA,NA,85,10,NA,59
NA,NA,11.6952470217642,NA,75,25,90,NA,NA,NA,65,18,NA,40,40,56,51
10.0858091093301,10.6454248972655,NA,NA,NA,NA,NA,NA,NA,NA,NA,NA,NA,NA,NA,NA,61
13.7809191131947,10.8197782844103,10.77895628989,56,NA,NA,50,NA,NA,70,NA,NA,62,NA,NA,31,28
10.8197782844103,9.7981270368783,NA,80,NA,NA,60,NA,NA,NA,NA,NA,NA,NA,NA,NA,38
9.21034037197618,8.69951474821019,NA,NA,90,10,NA,90,7,NA,NA,NA,NA,NA,40,NA,64
9.57498348556409,8.51719319141624,9.21034037197618,NA,80,20,NA,70,25,NA,98,15,NA,102,1,70,54
8.51719319141624,8.51719319141624,9.98044859367226,73,NA,NA,NA,39,25,NA,NA,72,6,50,16,54,34
10.1266311038503,NA,10.5966347330961,85,NA,NA,80,NA,NA,NA,56,36,82,NA,NA,55,41
8.51719319141624,8.85366542803745,11.0020998412042,NA,69,32,NA,60,30,NA,57,2,NA,40,22,NA,52
8.51719319141624,8.29404964010203,9.5468126085974,NA,75,25,NA,79,10,NA,NA,NA,NA,NA,NA,NA,63
10.8197782844103,10.5966347330961,10.3089526606443,NA,60,30,NA,70,16,NA,70,30,NA,65,25,65,50
8.29404964010203,8.69951474821019,11.3850920934603,NA,60,15,60,NA,NA,90,NA,NA,NA,50,12,45,42
11.0020998412042,10.4341158035983,10.8780471925343,NA,85,4,75,NA,NA,NA,NA,NA,NA,NA,NA,NA,45
10.0858091093301,10.1811192891344,10.77895628989,NA,60,50,90,NA,NA,NA,77,12,NA,72,11,70,52
NA,NA,9.87302834505142,NA,31,35,90,NA,NA,NA,NA,NA,NA,90,4,NA,48
10.4912742174382,10.77895628989,12.0317192583854,NA,69,16,NA,50,9,NA,NA,NA,NA,NA,NA,NA,41
10.4341158035983,9.61580548008435,NA,NA,62,4,64,NA,NA,NA,65,8,50,NA,NA,38,26
NA,NA,NA,NA,60,4,62,NA,NA,NA,NA,NA,NA,NA,NA,NA,24
NA,10.5050675395706,6.90775527898214,NA,NA,30,NA,NA,30,NA,75,6,70,NA,NA,58,41
9.21034037197618,9.90348755253613,14.9141228466324,NA,NA,NA,NA,NA,NA,NA,NA,NA,NA,NA,NA,NA,29
11.6952470217642,12.3883942023241,14.0019901249069,NA,60,16,70,NA,NA,90,NA,NA,80,NA,NA,52,39
10.4912742174382,NA,9.61580548008435,NA,60,20,NA,60,10,NA,50,50,NA,90,6,55,50
NA,NA,9.21034037197618,NA,40,58,75,NA,NA,NA,65,25,NA,75,9,70,63
9.39266192877014,NA,11.1704351560235,70,NA,NA,64,NA,NA,NA,NA,NA,NA,NA,NA,38,34
NA,NA,11.3144745262464,NA,80,5,65,NA,NA,NA,75,13,NA,60,11,40,50
10.6919449129004,10.8197782844103,12.1007121298723,NA,NA,NA,NA,NA,NA,NA,NA,NA,NA,NA,NA,NA,22
8.51719319141624,9.21034037197618,11.1844213979982,75,NA,NA,52,NA,NA,NA,NA,NA,NA,NA,NA,NA,47
11.3385720778255,NA,NA,50,NA,NA,NA,34,5,NA,NA,NA,NA,NA,NA,NA,19
NA,NA,NA,NA,65,4,NA,55,4,NA,60,8,62,NA,NA,48,38
11.3850920934603,NA,11.1844213979982,70,NA,NA,55,NA,NA,NA,NA,NA,NA,NA,NA,NA,35
9.90348755253613,11.0020998412042,10.5966347330961,NA,55,30,75,NA,NA,NA,NA,43,NA,NA,43,62,56
12.9831013100708,11.2695792063385,12.1007121298723,80,NA,NA,70,NA,NA,70,NA,NA,65,NA,NA,NA,32
10.0858091093301,10.4912742174382,9.21034037197618,NA,70,28,85,NA,NA,90,NA,NA,75,NA,NA,54,47
11.5424842672118,11.47210347045,12.7938593104323,NA,76,3,70,NA,NA,75,NA,NA,60,NA,NA,45,37
10.0858091093301,9.90348755253613,12.7938593104323,NA,70,15,NA,65,13,NA,85,10,NA,50,30,65,52
11.1844213979982,9.90348755253613,9.90348755253613,NA,80,7,75,NA,NA,NA,110,30,NA,80,28,62,53
12.0668105781967,NA,9.61580548008435,NA,72,14,80,NA,NA,NA,50,50,80,NA,NA,70,47
11.6172854802945,10.8197782844103,11.0020998412042,50,NA,NA,40,NA,NA,NA,NA,NA,NA,NA,NA,NA,29
10.3734911817819,10.3089526606443,10.5966347330961,NA,70,30,NA,30,55,NA,90,30,NA,40,50,72,60
10.77895628989,NA,11.6952470217642,55,NA,NA,45,NA,NA,85,NA,NA,70,NA,NA,26,22
NA,NA,11.0020998412042,NA,57,20,55,NA,NA,NA,70,22,NA,62,19,37,29
NA,10.5186731916264,11.5333749418376,NA,70,16,NA,20,50,NA,NA,NA,NA,NA,NA,NA,47
12.4684369099977,12.7938593104323,12.3371009079366,NA,NA,NA,NA,NA,NA,NA,NA,NA,NA,NA,NA,NA,28
10.6501755000241,9.91591007253469,NA,75,NA,NA,65,NA,NA,55,NA,NA,50,NA,NA,32,27
9.61580548008435,10.0858091093301,9.7981270368783,NA,70,8,70,NA,NA,NA,65,24,75,NA,NA,52,41
9.21034037197618,9.21034037197618,10.4912742174382,80,NA,NA,70,NA,NA,NA,70,8,65,NA,NA,32,21
11.4075649493124,11.0348896640272,11.0508900053737,NA,80,15,NA,70,10,NA,80,25,NA,81,15,67,59
NA,NA,12.6115377536383,50,NA,NA,38,NA,NA,68,NA,NA,50,NA,NA,32,29
9.21034037197618,9.61580548008435,10.8967393255464,NA,80,8,70,NA,NA,NA,70,25,NA,65,15,NA,49
10.3089526606443,11.0666383623418,11.1844213979982,65,NA,NA,45,NA,NA,67,NA,NA,62,NA,NA,34,24
11.47210347045,8.51719319141624,NA,NA,NA,NA,NA,NA,NA,NA,NA,NA,NA,NA,NA,NA,34
8.98719682066197,NA,11.6952470217642,90,NA,NA,80,NA,NA,NA,NA,40,70,NA,NA,58,49
NA,9.21034037197618,10.3089526606443,NA,NA,20,NA,NA,25,NA,NA,NA,NA,NA,NA,NA,60
11.0020998412042,10.77895628989,11.0020998412042,NA,NA,40,NA,NA,35,NA,NA,50,NA,NA,52,NA,65
11.6082356447746,11.6952470217642,11.0020998412042,75,NA,NA,65,NA,NA,NA,82,4,70,NA,NA,40,22
10.1266311038503,NA,10.4912742174382,NA,60,30,80,NA,NA,NA,NA,NA,NA,NA,NA,NA,48
10.3089526606443,9.90348755253613,9.61580548008435,NA,70,15,80,NA,NA,NA,NA,15,NA,NA,35,NA,34
9.39266192877014,10.6919449129004,12.7541940540399,NA,78,10,NA,50,36,NA,NA,NA,NA,49,20,61,49
11.2515607008358,10.1266311038503,11.1562505210315,85,NA,NA,65,NA,NA,NA,65,30,NA,40,47,52,47
9.42545175159313,9.90348755253613,10.4912742174382,NA,70,10,68,NA,NA,NA,NA,NA,NA,NA,NA,NA,51
8.51719319141624,NA,10.8395809117065,NA,55,25,NA,75,2,NA,NA,30,NA,NA,27,55,49
10.4341158035983,NA,10.3089526606443,NA,80,19,86,NA,NA,NA,50,55,NA,65,30,75,61
9.51782507172414,10.7995755770928,9.90348755253613,NA,60,40,79,NA,NA,NA,NA,NA,NA,NA,NA,NA,51
10.6454248972655,8.69951474821019,11.1562505210315,65,NA,NA,50,NA,NA,79,NA,NA,NA,65,6,39,36
9.90348755253613,NA,NA,NA,NA,NA,NA,NA,NA,NA,NA,NA,NA,NA,NA,NA,25
NA,NA,NA,55,NA,NA,NA,NA,18,NA,NA,NA,NA,NA,NA,NA,21
9.90348755253613,NA,9.61580548008435,NA,85,14,95,NA,NA,NA,65,NA,NA,90,18,60,50
11.0508900053737,11.289781913656,11.3736633976367,NA,60,7,55,NA,NA,NA,NA,NA,NA,NA,NA,NA,34
8.69951474821019,NA,8.00636756765025,NA,65,2,55,NA,NA,NA,60,NA,62,NA,NA,35,34
11.0020998412042,9.90348755253613,12.1652506510099,60,NA,NA,55,NA,NA,NA,NA,NA,NA,NA,NA,NA,26
10.4912742174382,9.7981270368783,10.4912742174382,85,NA,NA,NA,40,15,NA,NA,NA,NA,NA,NA,NA,44
9.61580548008435,11.0020998412042,10.4516089610458,95,NA,NA,80,NA,NA,NA,80,18,NA,75,7,55,42
10.3089526606443,NA,10.4912742174382,75,NA,NA,70,NA,NA,NA,NA,NA,NA,NA,NA,NA,37
11.6952470217642,NA,11.6952470217642,NA,68,8,NA,70,3,NA,70,7,58,NA,NA,45,40
9.21034037197618,NA,9.39266192877014,NA,90,20,NA,100,12,NA,100,12,NA,95,6,NA,59
11.3385720778255,9.90348755253613,10.1266311038503,80,NA,NA,70,NA,NA,NA,70,25,NA,70,12,50,41
10.8197782844103,NA,12.4632929331743,NA,80,5,NA,60,8,NA,NA,NA,NA,NA,NA,NA,48
10.1266311038503,NA,12.3371009079366,NA,78,1,65,NA,NA,87,NA,NA,67,NA,NA,40,37
8.51719319141624,9.7981270368783,10.8395809117065,NA,75,16,NA,80,20,NA,NA,25,75,NA,NA,57,56
10.4042628404486,NA,NA,56,NA,NA,47,NA,NA,65,NA,NA,58,NA,NA,39,20
9.7981270368783,NA,10.6454248972655,NA,100,3,NA,92,1,NA,95,16,NA,80,14,NA,49
NA,NA,9.98044859367226,NA,65,22,68,NA,NA,NA,50,38,73,NA,NA,50,44
NA,NA,NA,NA,70,3,NA,55,10,NA,80,10,NA,70,3,60,54
NA,NA,12.3883942023241,NA,78,10,75,NA,NA,NA,85,19,NA,75,20,70,53
9.17988116449147,NA,11.0020998412042,NA,60,39,82,NA,NA,NA,76,20,90,NA,NA,65,55
NA,NA,12.1007121298723,NA,80,12,NA,60,15,NA,55,45,NA,22,65,NA,64
9.95227771670556,NA,11.1844213979982,85,NA,NA,70,NA,NA,81,NA,NA,70,NA,NA,40,38
NA,10.77895628989,NA,NA,70,20,NA,65,19,NA,70,20,NA,60,18,72,61
9.0595174822416,9.03598698483141,10.9681982895286,NA,75,15,NA,80,10,NA,NA,NA,NA,NA,NA,NA,64
NA,NA,10.2284654097316,NA,50,25,NA,70,5,NA,75,6,NA,65,10,26,50
9.39266192877014,NA,9.39266192877014,NA,76,8,NA,45,30,NA,77,11,NA,80,3,60,53
NA,NA,10.1425044530066,NA,69,10,70,NA,NA,NA,NA,NA,NA,NA,NA,NA,43
11.2252433925184,10.4912742174382,10.0858091093301,75,NA,NA,62,NA,NA,NA,62,22,80,NA,NA,42,36
NA,NA,8.51719319141624,NA,65,20,NA,18,40,NA,NA,NA,NA,NA,NA,NA,42
10.1266311038503,10.3089526606443,11.5935833679877,NA,60,38,NA,75,14,NA,NA,38,NA,NA,10,70,62
10.8197782844103,11.0020998412042,11.6952470217642,70,NA,NA,60,NA,NA,NA,90,9,85,NA,NA,NA,42
NA,NA,NA,NA,70,25,NA,80,4,NA,NA,NA,NA,70,18,54,52
11.4295438560312,10.9150884642146,11.4403547721354,65,NA,NA,50,NA,NA,74,NA,NA,62,NA,NA,43,34
12.7938593104323,12.3883942023241,11.6952470217642,60,NA,NA,50,NA,NA,80,NA,NA,55,NA,NA,29,23
NA,NA,11.3385720778255,NA,NA,NA,NA,NA,NA,NA,NA,NA,NA,NA,NA,NA,55
NA,NA,NA,70,NA,NA,65,NA,NA,NA,NA,NA,NA,NA,NA,NA,32
11.5129254649702,11.5521461781235,12.5567295171433,70,NA,NA,65,NA,NA,NA,NA,25,NA,NA,20,40,34
11.8493977015914,8.85366542803745,8.29404964010203,80,NA,NA,60,NA,NA,NA,NA,NA,NA,NA,NA,NA,28
NA,NA,9.39266192877014,72,NA,NA,65,NA,NA,NA,70,15,NA,75,3,51,39
10.3089526606443,10.2399597891573,9.7981270368783,69,NA,NA,56,NA,NA,74,NA,NA,68,NA,NA,37,24
10.3089526606443,10.77895628989,12.3883942023241,NA,90,13,60,NA,NA,80,NA,NA,70,NA,NA,40,35
10.3089526606443,NA,11.6613454700885,75,NA,NA,60,NA,NA,NA,69,10,67,NA,NA,38,27
9.12695876303713,NA,11.1844213979982,NA,60,11,NA,60,9,NA,NA,NA,NA,NA,NA,NA,63
12.9945300058944,NA,13.0689626006772,NA,75,3,65,NA,NA,NA,NA,27,90,NA,NA,48,40
NA,NA,9.21034037197618,NA,45,50,NA,60,20,NA,NA,NA,NA,75,3,65,51
10.9331069697173,9.68034400122192,NA,70,NA,NA,50,NA,NA,NA,75,5,65,NA,NA,32,26
NA,NA,NA,65,NA,NA,48,NA,NA,55,NA,NA,45,NA,NA,28,28
10.4912742174382,10.6454248972655,11.6952470217642,NA,NA,NA,NA,NA,NA,NA,NA,NA,NA,NA,NA,NA,25
9.39266192877014,NA,10.1266311038503,NA,60,4,64,NA,NA,NA,50,15,NA,55,20,60,50
8.51719319141624,9.21034037197618,11.3385720778255,NA,NA,NA,NA,NA,NA,NA,NA,NA,NA,NA,NA,NA,60
9.61580548008435,9.90348755253613,10.9681982895286,NA,NA,35,NA,NA,20,NA,NA,20,NA,NA,16,NA,61
9.61580548008435,8.51719319141624,9.90348755253613,75,NA,NA,60,NA,NA,NA,50,40,80,NA,NA,48,39
10.77895628989,NA,12.1007121298723,70,NA,NA,60,NA,NA,NA,60,12,NA,50,15,46,34
NA,NA,NA,NA,60,38,NA,62,20,NA,NA,NA,NA,NA,NA,NA,49
10.8395809117065,NA,11.5898865061064,NA,70,14,NA,60,7,NA,80,20,70,NA,NA,45,44
11.4295438560312,10.4912742174382,11.1844213979982,67,NA,NA,55,NA,NA,NA,54,12,78,NA,NA,52,41
NA,NA,8.1605182474775,90,NA,NA,85,NA,NA,NA,85,6,90,NA,NA,41,37
11.9479493753199,NA,10.4912742174382,NA,58,2,49,NA,NA,NA,NA,NA,NA,NA,NA,NA,21
10.77895628989,9.90348755253613,9.90348755253613,NA,60,10,65,NA,NA,NA,70,20,80,NA,NA,46,38
11.8350089641393,9.61580548008435,12.3883942023241,50,NA,NA,45,NA,NA,65,NA,NA,55,NA,NA,29,25
12.8346813049525,11.9316357998284,11.47210347045,60,NA,NA,45,NA,NA,80,NA,NA,NA,44,35,40,28
NA,8.51719319141624,12.3883942023241,NA,70,10,70,NA,NA,75,NA,NA,NA,55,10,42,50
9.47270463644367,9.61580548008435,10.1658518170036,NA,67,22,70,NA,NA,NA,NA,NA,NA,NA,NA,NA,54
10.4912742174382,9.90348755253613,9.61580548008435,NA,70,25,NA,90,2,NA,NA,25,NA,NA,15,65,57
NA,NA,10.1023384112813,NA,74,3,NA,70,8,NA,80,22,NA,73,20,64,54
8.47637119689598,NA,11.2252433925184,70,NA,NA,65,NA,NA,NA,NA,12,85,NA,NA,51,43
9.57498348556409,10.0858091093301,9.7981270368783,50,NA,NA,40,NA,NA,NA,NA,NA,NA,NA,NA,NA,22
10.0858091093301,NA,10.4912742174382,NA,70,20,NA,25,53,NA,NA,NA,NA,NA,NA,NA,54
9.21034037197618,8.51719319141624,11.0020998412042,NA,85,13,75,NA,NA,NA,50,30,NA,70,7,60,51
9.7981270368783,9.95227771670556,9.89343721668263,87,NA,NA,67,NA,NA,NA,NA,NA,NA,NA,NA,NA,52
9.61580548008435,9.90348755253613,11.8775685785581,NA,45,30,NA,30,55,NA,NA,NA,NA,NA,NA,NA,60
NA,NA,11.1844213979982,NA,60,4,65,NA,NA,70,NA,NA,65,NA,NA,55,43
10.5966347330961,10.8354941408503,12.1652506510099,80,NA,NA,70,NA,NA,78,NA,NA,57,NA,NA,31,25
NA,8.51719319141624,10.3089526606443,NA,85,3,75,NA,NA,NA,65,12,NA,40,20,50,37
10.7144177687525,10.4912742174382,11.0974100210086,NA,60,62,NA,38,25,NA,75,15,NA,66,3,48,42
NA,NA,NA,NA,90,18,NA,78,19,NA,NA,NA,NA,NA,NA,NA,50
NA,NA,9.90348755253613,NA,70,22,NA,60,27,NA,80,12,NA,70,11,54,48
NA,NA,NA,NA,NA,NA,NA,NA,NA,NA,NA,NA,NA,NA,NA,NA,40
9.5915127875153,NA,10.0858091093301,102,NA,NA,80,NA,NA,NA,45,40,NA,40,30,55,49
13.0980706848353,9.21034037197618,NA,55,NA,NA,50,NA,NA,63,NA,NA,54,NA,NA,29,28
10.3089526606443,10.3089526606443,10.6454248972655,NA,72,5,70,NA,NA,97,NA,NA,90,NA,NA,53,42
NA,NA,11.5521461781235,NA,70,35,NA,60,36,NA,NA,NA,NA,90,22,67,57
11.1844213979982,NA,12.1007121298723,NA,70,13,NA,65,2,NA,NA,30,NA,50,20,50,42
10.1266311038503,NA,9.61580548008435,NA,65,12,70,NA,NA,NA,60,20,77,NA,NA,42,36
NA,9.7981270368783,12.7938593104323,60,NA,NA,55,NA,NA,NA,77,NA,NA,67,NA,45,34
11.6082356447746,11.0031992366475,12.7938593104323,NA,73,7,65,NA,NA,70,NA,NA,60,NA,NA,42,33
11.3621025752356,13.308012724291,13.4870064909922,NA,NA,NA,NA,NA,NA,NA,NA,NA,NA,NA,NA,NA,30
8.00636756765025,NA,9.39266192877014,NA,80,10,70,NA,NA,NA,NA,70,NA,70,13,75,60
8.00636756765025,NA,NA,NA,NA,NA,NA,NA,NA,NA,NA,NA,NA,NA,NA,NA,44
NA,NA,11.2797315778025,NA,95,1,80,NA,NA,NA,NA,NA,NA,NA,NA,NA,50
8.69951474821019,8.00636756765025,11.0020998412042,NA,NA,NA,NA,NA,NA,NA,NA,NA,NA,NA,NA,NA,53
NA,NA,11.7117763237154,NA,NA,20,70,NA,NA,NA,NA,NA,NA,NA,20,60,51
10.6919449129004,NA,10.9681982895286,73,NA,NA,64,NA,NA,75,NA,NA,68,NA,NA,39,25
NA,NA,12.6115377536383,85,NA,NA,64,NA,NA,NA,78,4,NA,67,6,48,36
10.0858091093301,7.78322401633604,10.77895628989,70,NA,NA,NA,28,30,NA,NA,NA,NA,NA,NA,NA,39
NA,8.66561319653451,10.0858091093301,NA,NA,NA,NA,NA,NA,NA,NA,NA,NA,NA,NA,73,61
NA,NA,10.0858091093301,NA,50,50,NA,60,30,NA,NA,50,NA,NA,30,NA,57
10.8197782844103,10.5966347330961,10.3089526606443,NA,70,23,NA,65,22,NA,90,15,NA,80,14,75,67
10.1266311038503,11.3022044336546,11.6952470217642,46,NA,NA,40,NA,NA,60,NA,NA,57,NA,NA,29,22
10.77895628989,11.2252433925184,10.1266311038503,NA,70,2,65,NA,NA,NA,80,13,NA,75,3,52,47
NA,NA,NA,60,NA,NA,50,NA,NA,NA,50,25,80,NA,NA,40,34
10.1811192891344,NA,NA,80,NA,NA,65,NA,NA,NA,80,24,96,NA,NA,50,44
NA,NA,NA,NA,50,13,NA,55,1,NA,65,12,70,NA,NA,45,38
10.1658518170036,6.90775527898214,11.5028751291167,50,NA,NA,40,NA,NA,NA,75,10,60,NA,NA,40,33
NA,NA,NA,NA,50,56,NA,70,8,NA,60,40,90,NA,NA,70,59
9.21034037197618,NA,9.61580548008435,85,NA,NA,70,NA,NA,NA,NA,NA,NA,NA,NA,41,37
9.90348755253613,10.0432494949113,9.7981270368783,NA,73,35,NA,67,32,NA,NA,NA,NA,NA,NA,NA,58
10.7144177687525,9.90348755253613,11.2384886192685,NA,85,7,90,NA,NA,NA,80,17,NA,75,16,72,59
6.90775527898214,NA,11.1844213979982,NA,85,7,95,NA,NA,NA,80,20,NA,95,13,NA,59
9.85219425814858,11.1562505210315,11.5521461781235,NA,100,4,NA,85,7,NA,50,44,NA,44,20,65,58
11.7035458245789,NA,11.2644641056717,80,NA,NA,70,NA,NA,80,NA,NA,75,NA,NA,45,40
11.6952470217642,10.4912742174382,11.0020998412042,NA,70,30,NA,60,28,NA,NA,40,NA,NA,40,NA,60
NA,9.21034037197618,11.1844213979982,68,NA,NA,NA,56,3,70,NA,NA,62,NA,NA,50,39
NA,NA,9.62905070683437,NA,71,8,80,NA,NA,NA,64,15,80,NA,NA,67,47
NA,NA,9.47270463644367,NA,59,1,52,NA,NA,NA,NA,NA,NA,NA,NA,NA,28
11.5028751291167,11.8493977015914,11.8775685785581,70,NA,NA,60,NA,NA,66,NA,NA,58,NA,NA,36,30
NA,NA,NA,NA,80,16,80,NA,NA,NA,65,30,NA,60,10,64,57
NA,NA,11.3385720778255,NA,65,10,75,NA,NA,NA,NA,30,NA,NA,30,60,52
11.1272629841582,8.98719682066197,12.1756134380455,NA,90,8,80,NA,NA,NA,NA,NA,NA,NA,NA,NA,53
9.21034037197618,10.4631033404715,10.0858091093301,NA,80,20,NA,80,13,80,NA,NA,65,NA,NA,NA,52
9.9560800026553,NA,11.0974100210086,NA,NA,38,70,NA,NA,NA,NA,NA,NA,NA,NA,NA,42
10.1266311038503,10.0858091093301,10.8967393255464,NA,60,5,NA,55,4,NA,69,9,66,NA,NA,50,43
NA,NA,13.3046849341983,NA,60,16,NA,30,35,NA,70,7,70,NA,NA,48,42
9.39266192877014,9.7981270368783,12.6115377536383,60,NA,NA,50,NA,NA,64,NA,NA,55,NA,NA,32,30
NA,NA,9.21034037197618,NA,NA,NA,NA,NA,NA,NA,NA,NA,NA,NA,NA,NA,55
11.8775685785581,NA,NA,52,NA,NA,48,NA,NA,NA,NA,NA,NA,NA,NA,NA,23
12.8346813049525,11.6082356447746,11.7035458245789,95,NA,NA,NA,66,20,NA,95,26,NA,90,12,66,53
11.6952470217642,NA,NA,56,NA,NA,50,NA,NA,NA,NA,NA,NA,NA,NA,NA,23
NA,NA,NA,55,NA,NA,50,NA,NA,NA,65,18,NA,60,3,45,38
11.4927227576527,11.5327280922664,12.0317192583854,NA,70,10,65,NA,NA,NA,NA,NA,NA,NA,NA,NA,33
9.21034037197618,NA,NA,70,NA,NA,65,NA,NA,NA,NA,NA,NA,NA,NA,NA,25
8.51719319141624,8.51719319141624,10.3089526606443,NA,70,4,65,NA,NA,NA,NA,NA,NA,NA,NA,NA,47
11.0020998412042,11.0020998412042,11.9576112862317,85,NA,NA,70,NA,NA,84,NA,NA,76,NA,NA,52,47
10.3089526606443,11.3736633976367,12.1007121298723,72,NA,NA,66,NA,NA,82,NA,NA,76,NA,NA,40,35
9.90348755253613,10.3089526606443,10.5966347330961,NA,90,10,NA,50,45,NA,NA,37,NA,NA,9,55,51
NA,NA,8.51719319141624,NA,NA,15,76,NA,NA,NA,NA,NA,NA,NA,NA,NA,58
9.90348755253613,9.90348755253613,11.4510500612521,NA,50,42,95,NA,NA,NA,NA,32,NA,NA,40,60,52
9.61580548008435,10.8967393255464,11.5898865061064,70,NA,NA,57,NA,NA,65,NA,NA,52,NA,NA,NA,23
10.4912742174382,11.0020998412042,11.3850920934603,NA,60,9,60,NA,NA,70,NA,NA,50,NA,NA,35,30
11.4295438560312,NA,NA,NA,NA,NA,NA,NA,NA,NA,NA,NA,NA,NA,NA,NA,25
10.6454248972655,NA,13.0815413828841,92,NA,NA,NA,35,35,NA,NA,NA,NA,NA,NA,NA,34
8.00636756765025,10.1811192891344,12.8038096412855,75,NA,NA,NA,50,8,NA,NA,NA,NA,NA,NA,46,42
NA,NA,10.77895628989,65,NA,NA,50,NA,NA,70,NA,NA,55,NA,NA,32,27
11.1853376447825,9.39266192877014,11.6957968705696,70,NA,NA,55,NA,NA,74,NA,NA,64,NA,NA,35,27
9.21034037197618,NA,11.6952470217642,60,NA,NA,45,NA,NA,76,88,NA,NA,45,20,39,24
9.90348755253613,11.4075649493124,12.6443275764613,60,NA,NA,50,NA,NA,NA,NA,30,70,NA,NA,40,31
9.61580548008435,9.21034037197618,10.3089526606443,NA,90,20,NA,95,15,NA,90,18,NA,80,15,NA,56
NA,NA,9.39266192877014,NA,45,40,NA,40,35,NA,NA,NA,NA,NA,NA,NA,61
10.4912742174382,10.4912742174382,12.3883942023241,NA,NA,NA,NA,NA,NA,NA,NA,NA,NA,NA,NA,NA,25
NA,10.1266311038503,12.1007121298723,NA,NA,32,65,NA,NA,75,NA,NA,60,NA,NA,36,35
NA,NA,11.1844213979982,NA,50,10,NA,25,38,NA,NA,NA,NA,NA,NA,NA,41
9.21034037197618,NA,11.0974100210086,NA,55,27,NA,60,14,NA,70,15,NA,75,9,44,33
NA,NA,NA,NA,70,4,NA,50,7,NA,NA,NA,NA,NA,NA,NA,54
NA,NA,NA,50,NA,NA,35,NA,NA,NA,70,8,60,NA,NA,33,19
8.00636756765025,9.61580548008435,11.6952470217642,NA,NA,NA,NA,NA,NA,NA,NA,NA,NA,NA,NA,NA,49
NA,NA,NA,NA,60,17,75,NA,NA,NA,80,10,NA,75,12,53,54
10.3089526606443,11.0020998412042,10.3089526606443,53,NA,NA,45,NA,NA,50,NA,NA,46,NA,NA,25,23
NA,NA,10.1735146897492,NA,45,50,NA,70,20,NA,NA,NA,NA,NA,NA,NA,54
10.77895628989,11.3504065354725,11.6952470217642,70,NA,NA,65,NA,NA,NA,NA,NA,NA,NA,NA,NA,45
11.3504065354725,NA,10.7363966754712,75,NA,NA,NA,61,3,NA,80,6,NA,67,9,42,39
8.51719319141624,8.51719319141624,8.98719682066197,NA,NA,NA,NA,NA,NA,NA,NA,NA,NA,NA,NA,NA,42
9.99879773234045,9.21034037197618,11.47210347045,50,NA,NA,40,NA,NA,82,NA,NA,70,NA,NA,38,26
10.0858091093301,NA,10.7872550927047,NA,58,22,NA,48,24,NA,60,28,NA,52,24,59,51
10.8197782844103,NA,10.9295291483694,70,NA,NA,50,NA,NA,NA,NA,NA,NA,NA,NA,NA,37
8.69951474821019,NA,11.1844213979982,82,NA,NA,77,NA,NA,NA,50,45,NA,65,24,63,53
11.3144745262464,NA,12.4607148639038,NA,92,4,NA,70,3,78,NA,NA,60,NA,NA,NA,30
NA,NA,10.8780471925343,NA,60,18,70,NA,NA,NA,64,17,NA,54,18,69,59
8.51719319141624,NA,10.7363966754712,NA,70,15,NA,60,10,NA,NA,NA,NA,NA,NA,NA,64
9.90348755253613,9.90348755253613,10.8395809117065,NA,NA,NA,NA,NA,NA,NA,NA,NA,NA,NA,NA,NA,45
9.39266192877014,NA,11.8775685785581,90,NA,NA,NA,76,1,NA,65,35,NA,60,34,60,39
10.4912742174382,10.4912742174382,10.77895628989,NA,80,10,NA,70,3,NA,NA,40,NA,NA,45,75,53
10.3089526606443,10.7872550927047,13.9978321147582,NA,NA,NA,NA,NA,NA,NA,NA,NA,NA,NA,NA,NA,31
NA,NA,11.3385720778255,NA,70,25,NA,90,8,NA,50,40,NA,45,35,NA,58
NA,NA,9.39266192877014,55,NA,NA,45,NA,NA,NA,NA,NA,NA,NA,NA,NA,24
10.2035921449865,NA,NA,57,NA,NA,51,NA,NA,NA,NA,NA,NA,NA,NA,NA,24
NA,NA,10.6454248972655,70,NA,NA,60,NA,NA,60,NA,NA,50,NA,NA,30,27
10.77895628989,11.0020998412042,9.61580548008435,60,NA,NA,NA,35,20,75,NA,NA,65,NA,NA,30,24
9.90348755253613,9.21034037197618,11.0020998412042,NA,NA,49,NA,NA,50,NA,NA,60,NA,80,10,60,49
NA,NA,10.77895628989,NA,45,20,NA,50,4,NA,61,NA,NA,53,NA,33,21
9.90348755253613,9.90348755253613,11.0974100210086,80,NA,NA,60,NA,NA,NA,60,35,NA,70,4,60,38
12.7938593104323,NA,NA,76,NA,NA,66,NA,NA,NA,NA,NA,NA,NA,NA,NA,28
9.72913416539135,NA,10.0858091093301,NA,73,1,70,NA,NA,NA,57,15,NA,50,10,69,52
9.21034037197618,9.68034400122192,13.3293775467887,NA,NA,40,NA,50,38,NA,NA,40,NA,80,15,65,45
8.00636756765025,NA,9.90348755253613,NA,66,66,NA,66,66,NA,NA,NA,NA,35,37,38,65
11.47210347045,NA,11.1844213979982,70,NA,NA,64,NA,NA,73,NA,NA,64,NA,NA,31,23
12.5496623499203,NA,NA,60,NA,NA,54,NA,NA,NA,NA,NA,NA,NA,NA,NA,20
10.5966347330961,10.4912742174382,11.0020998412042,70,NA,NA,60,NA,NA,NA,NA,35,NA,NA,40,56,39
11.6952470217642,NA,12.3883942023241,65,NA,NA,42,NA,NA,85,NA,NA,NA,68,2,35,24
8.47637119689598,8.98719682066197,11.289781913656,NA,30,45,60,NA,NA,NA,NA,NA,NA,NA,NA,NA,45
10.6454248972655,NA,NA,NA,80,1,70,NA,NA,NA,NA,NA,NA,NA,NA,NA,23
12.5061772379805,NA,12.3883942023241,65,NA,NA,NA,49,1,57,NA,NA,49,NA,NA,34,21
11.0020998412042,NA,11.6952470217642,80,NA,NA,NA,70,5,NA,NA,38,60,NA,NA,45,31
9.21034037197618,8.98719682066197,8.85366542803745,NA,45,55,90,NA,NA,NA,NA,NA,NA,NA,NA,NA,55
11.2252433925184,10.8780471925343,11.1844213979982,NA,66,13,NA,62,11,NA,75,12,NA,72,7,56,42
NA,NA,11.1844213979982,NA,40,30,60,NA,NA,NA,NA,NA,NA,NA,NA,NA,34
11.6985748118569,NA,10.3089526606443,70,NA,NA,55,NA,NA,NA,NA,NA,NA,NA,NA,NA,36
12.0076217068063,11.4824662574855,12.8266491332553,72,NA,NA,60,NA,NA,NA,80,13,NA,78,12,45,39
NA,NA,NA,NA,NA,32,80,NA,NA,NA,NA,16,NA,NA,15,48,43
10.8395809117065,10.77895628989,11.8775685785581,NA,30,45,80,NA,NA,80,NA,NA,76,NA,NA,65,40
8.51719319141624,10.8780471925343,8.51719319141624,NA,NA,NA,NA,NA,NA,NA,NA,NA,NA,NA,NA,NA,24
NA,NA,8.51719319141624,NA,50,30,75,NA,NA,NA,60,35,80,NA,NA,65,45
10.7995755770928,11.4075649493124,12.3883942023241,70,NA,NA,50,NA,NA,80,NA,NA,65,NA,NA,43,27
10.4631033404715,10.9150884642146,11.0020998412042,NA,70,2,60,NA,NA,74,NA,NA,62,NA,NA,30,26
NA,NA,NA,NA,90,5,NA,60,30,NA,90,5,NA,80,1,65,53
10.0858091093301,7.78322401633604,11.2252433925184,NA,66,20,70,NA,NA,NA,70,8,80,NA,NA,67,48
10.1266311038503,9.61580548008435,12.3883942023241,85,NA,NA,60,NA,NA,75,NA,NA,70,NA,NA,42,38
11.6952470217642,11.1844213979982,12.1652506510099,NA,90,1,72,NA,NA,NA,85,12,83,NA,NA,46,38
11.1844213979982,10.7363966754712,11.0348896640272,NA,70,10,60,NA,NA,NA,NA,NA,NA,NA,NA,NA,45
9.21034037197618,10.3577428248137,10.0858091093301,NA,55,42,NA,70,7,NA,80,1,76,NA,NA,50,47
11.6952470217642,NA,11.1844213979982,NA,70,7,70,NA,NA,NA,80,6,75,NA,NA,55,43
NA,NA,9.60238245975221,NA,70,39,NA,64,36,NA,81,30,NA,70,24,72,62
12.1007121298723,NA,11.0020998412042,70,NA,NA,55,NA,NA,85,NA,NA,60,NA,NA,35,27
NA,NA,8.51719319141624,NA,68,22,70,NA,NA,NA,45,40,70,NA,NA,48,42
6.21460809842219,NA,8.00636756765025,NA,50,38,NA,45,24,NA,NA,NA,NA,NA,NA,NA,63
10.5966347330961,NA,11.47210347045,78,NA,NA,72,NA,NA,100,NA,NA,NA,70,20,NA,30
8.51719319141624,NA,8.88183630500415,NA,NA,NA,NA,NA,NA,NA,NA,NA,NA,NA,NA,NA,30
11.2252433925184,9.39266192877014,10.1266311038503,NA,85,30,NA,80,15,NA,NA,NA,NA,NA,NA,NA,59
12.3458345879053,11.2644641056717,12.3883942023241,54,NA,NA,50,NA,NA,65,NA,NA,60,NA,NA,32,26
10.3089526606443,11.5327280922664,9.39266192877014,80,NA,NA,NA,50,13,78,NA,NA,60,NA,NA,43,32
5.7037824746562,6.90775527898214,9.90348755253613,NA,NA,NA,NA,NA,NA,NA,NA,NA,NA,NA,NA,NA,57
9.99879773234045,8.51719319141624,9.21034037197618,NA,60,10,65,NA,NA,NA,70,25,90,NA,NA,60,46
11.4927227576527,NA,NA,52,NA,NA,45,NA,NA,NA,NA,NA,NA,NA,NA,NA,20
9.61580548008435,9.21034037197618,11.4295438560312,NA,60,18,70,NA,NA,75,NA,NA,65,NA,NA,37,36
9.61580548008435,NA,9.90348755253613,NA,80,3,75,NA,NA,NA,NA,40,85,NA,NA,50,46
9.21034037197618,9.61580548008435,9.61580548008435,NA,55,52,NA,80,2,NA,80,40,NA,60,50,78,54
10.3089526606443,10.4631033404715,9.21034037197618,NA,60,18,65,NA,NA,NA,NA,NA,NA,NA,NA,NA,41
10.5966347330961,10.3089526606443,10.1266311038503,52,NA,NA,46,NA,NA,55,NA,NA,47,NA,NA,27,24
9.28730141311231,8.85366542803745,9.7981270368783,NA,NA,50,72,NA,NA,NA,NA,45,NA,75,6,NA,52
11.0020998412042,6.90775527898214,10.4912742174382,NA,70,25,90,NA,NA,NA,90,15,95,NA,NA,55,45
9.21034037197618,NA,12.1007121298723,NA,75,9,60,NA,NA,NA,NA,30,60,NA,NA,36,31
10.4912742174382,9.21034037197618,9.61580548008435,NA,60,30,85,NA,NA,NA,75,60,NA,26,32,65,52
10.6454248972655,9.21034037197618,11.805595078933,NA,72,25,80,NA,NA,NA,75,26,85,NA,NA,NA,51
9.61580548008435,8.51719319141624,9.39266192877014,NA,60,35,NA,70,17,NA,65,44,NA,50,37,72,53
10.9508065468167,NA,NA,57,NA,NA,48,NA,NA,NA,NA,NA,NA,NA,NA,NA,22
9.21034037197618,10.4912742174382,10.4912742174382,70,NA,NA,65,NA,NA,NA,70,20,NA,NA,55,58,50
NA,NA,10.4912742174382,NA,75,8,NA,45,16,NA,NA,NA,NA,64,25,65,51
NA,9.90348755253613,11.7117763237154,80,NA,NA,NA,50,15,NA,85,8,70,NA,NA,45,36
6.90775527898214,7.3132203870903,12.4292161968444,NA,NA,NA,NA,NA,NA,NA,NA,NA,NA,NA,NA,NA,40
12.9239124386805,10.5966347330961,11.6952470217642,55,NA,NA,45,NA,NA,NA,65,5,52,NA,NA,40,31
11.4295438560312,11.1844213979982,11.3736633976367,NA,67,2,60,NA,NA,NA,NA,NA,NA,NA,NA,NA,40
NA,NA,NA,NA,60,14,NA,70,2,NA,70,10,NA,60,9,60,48
11.0020998412042,9.7981270368783,11.0020998412042,65,NA,NA,55,NA,NA,NA,80,6,NA,50,30,42,34
8.47637119689598,9.21034037197618,11.4845259904485,NA,50,21,NA,60,3,NA,NA,NA,NA,NA,NA,NA,41
10.77895628989,10.9852927228879,11.1844213979982,57,NA,NA,45,NA,NA,NA,NA,NA,NA,NA,NA,NA,22
NA,NA,8.98719682066197,NA,45,50,90,NA,NA,NA,70,13,NA,45,20,80,60
10.6454248972655,NA,NA,58,NA,NA,45,NA,NA,NA,NA,NA,NA,NA,NA,NA,20
12.4684369099977,NA,NA,NA,NA,NA,NA,NA,NA,NA,NA,NA,NA,NA,NA,NA,20
10.5966347330961,11.0020998412042,11.47210347045,65,NA,NA,45,NA,NA,65,NA,NA,52,NA,NA,24,23
9.61580548008435,10.4912742174382,11.3393574835993,80,NA,NA,75,NA,NA,NA,77,20,NA,78,14,50,45
9.90348755253613,9.68034400122192,11.6952470217642,70,NA,NA,64,NA,NA,69,NA,NA,62,NA,NA,30,28
10.4912742174382,NA,11.0020998412042,NA,60,10,50,NA,NA,NA,NA,NA,NA,NA,NA,NA,24
12.7826860098342,12.6115377536383,11.1844213979982,NA,60,10,50,NA,NA,65,NA,NA,55,NA,NA,35,24
12.4371843664936,10.3089526606443,12.3883942023241,52,NA,NA,46,NA,NA,NA,75,2,66,NA,NA,41,25
NA,NA,9.7981270368783,NA,60,27,NA,35,40,NA,65,25,NA,55,23,49,45
NA,NA,NA,NA,70,25,80,NA,NA,NA,NA,NA,NA,50,25,74,60
NA,NA,8.69951474821019,NA,50,20,80,NA,NA,NA,NA,NA,NA,NA,NA,NA,46
8.69951474821019,NA,11.4403547721354,NA,70,3,55,NA,NA,NA,70,14,NA,62,14,46,33
10.8395809117065,NA,10.3089526606443,80,NA,NA,75,NA,NA,NA,105,18,NA,NA,50,52,45
11.47210347045,10.1266311038503,10.1266311038503,NA,35,20,45,NA,NA,80,NA,NA,70,NA,NA,26,20
10.4912742174382,11.0020998412042,12.4450895460007,NA,NA,NA,NA,NA,NA,NA,NA,NA,NA,NA,NA,NA,39
NA,NA,9.21034037197618,NA,48,34,NA,60,2,NA,63,22,70,NA,NA,65,46
8.51719319141624,8.85366542803745,11.0020998412042,NA,80,16,NA,70,12,NA,80,15,95,NA,NA,69,58
10.4912742174382,10.77895628989,11.0020998412042,NA,90,20,95,NA,NA,NA,NA,NA,NA,NA,NA,72,63
9.56099724358935,NA,10.0858091093301,89,NA,NA,67,NA,NA,NA,NA,NA,NA,NA,NA,NA,34
11.5129254649702,11.1982147201305,11.47210347045,70,NA,NA,55,NA,NA,NA,NA,NA,NA,NA,NA,NA,39
10.5966347330961,8.1886891244442,11.1272629841582,85,NA,NA,77,NA,NA,NA,80,11,80,NA,NA,60,47
NA,NA,NA,60,NA,NA,50,NA,NA,NA,75,15,70,NA,NA,37,31
10.0858091093301,9.61580548008435,10.4912742174382,70,NA,NA,55,NA,NA,75,NA,NA,NA,55,4,49,41
10.5966347330961,10.3089526606443,11.4075649493124,NA,65,13,NA,55,15,NA,70,10,NA,65,13,50,45
10.1023384112813,9.90348755253613,10.8395809117065,60,NA,NA,50,NA,NA,NA,NA,27,NA,65,3,34,24
11.0348896640272,NA,10.5713169251118,NA,75,4,NA,64,10,NA,70,12,70,NA,NA,40,38
NA,10.0432494949113,8.90923527919226,NA,80,20,NA,80,7,NA,NA,65,NA,95,8,70,59
9.21034037197618,NA,9.90348755253613,73,NA,NA,64,NA,NA,NA,NA,NA,NA,NA,NA,NA,29
11.580584113444,9.43348392329039,11.3445068133453,NA,NA,17,NA,70,1,NA,68,4,63,NA,NA,42,29
9.28730141311231,9.32366905728319,NA,NA,71,23,NA,68,8,NA,73,17,NA,67,13,63,51
11.0186291431554,11.289781913656,11.2644641056717,NA,NA,NA,NA,NA,NA,NA,NA,NA,NA,NA,NA,NA,55
NA,NA,11.0020998412042,NA,50,45,90,NA,NA,NA,NA,NA,NA,NA,NA,NA,64
9.95227771670556,NA,10.0858091093301,70,NA,NA,52,NA,NA,NA,NA,NA,NA,NA,NA,NA,32
NA,NA,11.6699292137799,NA,74,20,NA,67,22,NA,57,30,NA,60,28,60,56
10.8197782844103,9.90348755253613,11.289781913656,80,NA,NA,NA,60,9,NA,55,18,64,NA,NA,40,30
NA,NA,11.1844213979982,50,NA,NA,45,NA,NA,NA,70,10,65,NA,NA,40,29
11.1562505210315,11.3736633976367,10.7363966754712,70,NA,NA,60,NA,NA,NA,NA,NA,NA,NA,NA,NA,30
8.98719682066197,NA,9.5468126085974,NA,52,45,NA,43,40,NA,136,22,NA,47,20,NA,63
10.1266311038503,9.68034400122192,11.1704351560235,NA,75,42,NA,80,10,NA,75,20,NA,76,16,NA,57
NA,NA,10.4912742174382,NA,80,4,NA,68,3,90,NA,NA,75,NA,NA,60,52
NA,NA,NA,NA,NA,57,NA,NA,58,NA,NA,NA,NA,NA,NA,NA,62
8.29404964010203,NA,11.6952470217642,NA,85,1,75,NA,NA,NA,NA,NA,NA,NA,NA,NA,51
7.78322401633604,9.90348755253613,8.51719319141624,NA,62,38,NA,49,37,NA,62,29,NA,49,25,72,60
11.0020998412042,10.77895628989,11.0020998412042,58,NA,NA,50,NA,NA,70,NA,NA,65,NA,NA,35,26
10.77895628989,10.4912742174382,11.0103986440189,NA,77,3,NA,36,36,NA,70,5,82,NA,NA,62,45
8.69951474821019,9.21034037197618,11.3144745262464,NA,70,27,NA,30,52,NA,60,40,NA,60,20,68,59
NA,NA,NA,NA,45,33,NA,50,6,NA,70,16,NA,55,15,50,40
12.9480099902596,12.1807548375459,10.6454248972655,NA,NA,NA,NA,NA,NA,NA,NA,NA,NA,NA,NA,NA,27
NA,NA,NA,NA,85,5,80,NA,NA,NA,NA,NA,105,NA,NA,60,44
NA,NA,8.85366542803745,NA,75,8,80,NA,NA,NA,75,30,NA,85,12,60,53
NA,NA,NA,NA,60,35,85,NA,NA,NA,70,24,NA,80,NA,66,49
11.1272629841582,NA,11.47210347045,55,NA,NA,45,NA,NA,60,NA,NA,50,NA,NA,30,21
9.90348755253613,9.99879773234045,11.1844213979982,72,NA,NA,62,NA,NA,74,NA,NA,66,NA,NA,32,27
11.289781913656,11.2384886192685,12.3883942023241,65,NA,NA,60,NA,NA,NA,70,6,65,NA,NA,31,20
10.6454248972655,9.90348755253613,11.1844213979982,80,NA,NA,77,NA,NA,NA,85,9,NA,65,30,NA,50
NA,NA,9.30565055178051,62,NA,NA,48,NA,NA,NA,NA,NA,NA,NA,NA,NA,30
9.90348755253613,9.61580548008435,10.4912742174382,80,NA,NA,NA,60,7,NA,70,15,62,NA,NA,41,35
11.6952470217642,11.0821425488778,11.47210347045,NA,50,25,NA,50,6,NA,NA,NA,NA,NA,NA,NA,33
NA,NA,10.0690019910137,NA,67,19,81,NA,NA,NA,NA,32,NA,66,6,69,52
11.0508900053737,NA,NA,60,NA,NA,45,NA,NA,NA,NA,NA,NA,NA,NA,NA,19
10.8197782844103,10.8197782844103,10.3089526606443,75,NA,NA,65,NA,NA,80,NA,NA,NA,NA,40,52,42
11.47210347045,NA,NA,50,NA,NA,40,NA,NA,NA,NA,NA,NA,NA,NA,NA,21
9.21034037197618,9.21034037197618,8.85366542803745,70,NA,NA,60,NA,NA,NA,NA,NA,NA,NA,NA,NA,43
NA,NA,11.3385720778255,NA,70,28,82,NA,NA,NA,85,30,NA,75,26,NA,60
12.8346813049525,11.8775685785581,11.6952470217642,55,NA,NA,47,NA,NA,67,NA,NA,52,NA,NA,26,21
8.51719319141624,8.85366542803745,9.99879773234045,78,NA,NA,NA,65,1,NA,60,20,NA,55,23,68,51
8.66423293406555,11.2772031314492,11.6784399034478,60,NA,NA,50,NA,NA,75,NA,NA,62,NA,NA,40,27
NA,NA,10.0858091093301,NA,NA,58,NA,70,26,NA,NA,NA,NA,NA,NA,NA,60
NA,NA,NA,NA,70,6,80,NA,NA,NA,101,7,100,NA,NA,48,42
11.6952470217642,10.3089526606443,9.90348755253613,NA,70,19,NA,75,3,NA,NA,NA,NA,NA,NA,NA,38
8.00636756765025,11.0821425488778,11.7360690162844,NA,70,6,65,NA,NA,NA,NA,NA,NA,NA,NA,NA,45
10.4912742174382,NA,10.4912742174382,55,NA,NA,48,NA,NA,NA,70,1,NA,NA,NA,35,30
11.0666383623418,10.4912742174382,10.77895628989,75,NA,NA,65,NA,NA,NA,70,4,70,NA,NA,35,30
9.90348755253613,11.4075649493124,11.5028751291167,NA,77,28,NA,82,4,NA,80,35,NA,82,4,52,46
NA,NA,NA,69,NA,NA,52,NA,NA,69,NA,NA,NA,NA,NA,43,42
10.3089526606443,NA,NA,54,NA,NA,46,NA,NA,NA,NA,NA,NA,NA,NA,NA,25
NA,NA,10.77895628989,NA,60,13,NA,40,50,NA,NA,NA,NA,NA,NA,NA,65
NA,NA,10.3089526606443,NA,75,5,NA,65,8,NA,70,16,NA,64,17,59,58
9.5468126085974,9.7981270368783,9.82010594359708,63,NA,NA,58,NA,NA,NA,NA,NA,NA,NA,NA,35,21
9.99879773234045,NA,9.90348755253613,67,NA,NA,60,NA,NA,NA,70,12,NA,50,16,40,38
11.0020998412042,10.4912742174382,11.8775685785581,NA,75,22,NA,80,1,NA,76,14,NA,74,12,NA,51
9.74096862303835,9.61580548008435,12.3883942023241,NA,52,14,67,NA,NA,NA,NA,NA,NA,NA,NA,NA,41
10.5453414387085,NA,10.5966347330961,NA,75,32,NA,85,4,NA,100,3,NA,76,16,70,52
11.2993361264608,NA,NA,68,NA,NA,60,NA,NA,NA,NA,NA,NA,NA,NA,NA,21
11.0020998412042,9.61580548008435,11.0020998412042,NA,45,18,55,NA,NA,90,NA,NA,80,NA,NA,41,23
NA,NA,10.4912742174382,NA,50,35,65,NA,NA,NA,NA,NA,NA,NA,NA,55,43
12.091783499128,NA,NA,55,NA,NA,45,NA,NA,NA,NA,NA,NA,NA,NA,NA,23
9.74096862303835,9.39266192877014,10.7995755770928,NA,70,10,68,NA,NA,NA,72,13,64,NA,NA,54,39
NA,NA,NA,70,NA,NA,60,NA,NA,NA,55,30,70,NA,NA,45,29
11.5327280922664,NA,10.0858091093301,75,NA,NA,69,NA,NA,NA,62,10,NA,69,8,57,42
10.8197782844103,11.289781913656,10.7144177687525,70,NA,NA,60,NA,NA,NA,60,13,65,NA,NA,37,29
NA,NA,12.3883942023241,72,NA,NA,70,NA,NA,75,NA,NA,70,NA,NA,50,38
11.1562505210315,10.3089526606443,11.1844213979982,NA,76,8,NA,75,1,NA,75,20,NA,70,14,62,50
10.4912742174382,10.4912742174382,10.9681982895286,NA,50,35,80,NA,NA,NA,80,17,NA,30,50,52,41
11.6172854802945,11.5129254649702,11.3385720778255,75,NA,NA,56,NA,NA,80,NA,NA,NA,70,1,45,37
11.6082356447746,10.3089526606443,12.1007121298723,NA,65,7,65,NA,NA,NA,NA,35,NA,NA,30,60,44
NA,NA,8.98719682066197,NA,60,28,NA,48,30,NA,NA,NA,NA,NA,NA,NA,44
7.82404601085629,NA,11.1844213979982,NA,90,4,70,NA,NA,NA,NA,54,NA,106,6,62,49
12.1547793511426,NA,12.0137007528827,NA,106,7,105,NA,NA,NA,75,26,NA,95,8,58,48
NA,10.4912742174382,11.1844213979982,78,NA,NA,70,NA,NA,NA,75,20,NA,80,1,40,34
9.61580548008435,NA,9.39266192877014,NA,70,22,72,NA,NA,NA,60,40,NA,70,24,65,52
13.0960194020647,9.90348755253613,6.65929391968364,NA,NA,NA,NA,NA,NA,NA,NA,NA,NA,NA,NA,NA,33
9.14846496825809,NA,NA,NA,70,4,60,NA,NA,NA,NA,NA,NA,NA,NA,NA,31
10.4912742174382,10.3089526606443,10.6735957742322,NA,NA,20,NA,NA,19,NA,70,15,NA,65,10,51,28
NA,NA,11.47210347045,NA,70,39,NA,100,1,NA,70,8,NA,60,12,60,53
11.2772031314492,10.1811192891344,11.47210347045,45,NA,NA,40,NA,NA,68,NA,NA,60,NA,NA,26,22
10.4912742174382,10.4912742174382,11.0020998412042,NA,90,15,75,NA,NA,NA,NA,50,NA,50,30,NA,54
NA,NA,10.4912742174382,92,NA,NA,NA,65,10,NA,70,20,NA,65,9,65,52
10.0858091093301,10.3089526606443,12.3883942023241,57,NA,NA,48,NA,NA,70,NA,NA,60,NA,NA,35,23
11.289781913656,10.8967393255464,11.6952470217642,NA,65,8,66,NA,NA,NA,65,21,NA,75,8,55,45
10.77895628989,NA,9.95227771670556,80,NA,NA,64,NA,NA,NA,57,5,67,NA,NA,40,30
9.7981270368783,9.39266192877014,9.39266192877014,NA,45,45,NA,50,25,NA,NA,NA,NA,NA,NA,NA,55
11.0020998412042,9.61580548008435,12.1007121298723,52,NA,NA,45,NA,NA,NA,55,13,56,NA,NA,32,25
11.1562505210315,9.86266555801587,11.8493977015914,NA,75,19,NA,60,21,NA,75,30,NA,76,7,65,52
NA,NA,NA,NA,85,3,70,NA,NA,85,NA,NA,70,NA,NA,50,43
11.6952470217642,8.51719319141624,NA,70,NA,NA,55,NA,NA,NA,NA,NA,NA,NA,NA,NA,22
10.1658518170036,NA,10.4631033404715,NA,80,15,82,NA,NA,NA,100,5,NA,60,40,63,54
8.51719319141624,9.30565055178051,9.21034037197618,NA,70,15,NA,40,35,NA,NA,37,NA,70,10,53,49
NA,NA,8.79482492801452,NA,65,15,NA,NA,50,NA,60,36,NA,55,35,58,53
10.3089526606443,9.03598698483141,11.0020998412042,80,NA,NA,NA,45,15,57,NA,NA,65,NA,NA,31,22
NA,NA,11.47210347045,75,NA,NA,55,NA,NA,NA,NA,NA,85,NA,NA,50,36
9.21034037197618,9.61580548008435,11.3385720778255,NA,NA,39,90,NA,NA,NA,98,15,NA,45,43,65,53
11.1982147201305,7.60090245954208,11.47210347045,75,NA,NA,65,NA,NA,NA,80,6,76,NA,NA,41,30
11.1844213979982,10.5966347330961,11.9576112862317,60,NA,NA,50,NA,NA,75,NA,NA,66,NA,NA,31,26
11.6952470217642,7.60090245954208,9.7981270368783,NA,65,17,NA,65,15,NA,85,12,NA,19,72,75,55
12.3883942023241,10.3089526606443,12.8212582846204,67,NA,NA,58,NA,NA,89,NA,NA,74,NA,NA,NA,34
NA,NA,11.7752897294377,NA,60,33,90,NA,NA,NA,70,25,95,NA,NA,60,50
9.95227771670556,NA,10.5713169251118,NA,NA,38,70,NA,NA,NA,70,25,90,NA,NA,NA,46
9.21034037197618,NA,9.74096862303835,NA,67,35,NA,53,35,69,NA,27,55,NA,23,57,62
10.3089526606443,9.21034037197618,8.51719319141624,NA,70,7,70,NA,NA,NA,80,6,NA,70,7,55,48
NA,NA,NA,65,NA,NA,52,NA,NA,70,NA,NA,58,NA,NA,38,26
NA,NA,9.7981270368783,80,NA,NA,71,NA,NA,NA,70,40,NA,60,4,NA,58
10.6454248972655,NA,11.2797315778025,75,NA,NA,NA,55,9,NA,80,2,77,NA,NA,43,36
NA,NA,NA,NA,40,42,NA,60,7,NA,70,20,90,NA,NA,60,51
11.5129254649702,10.0858091093301,12.3883942023241,NA,71,3,65,NA,NA,NA,NA,NA,NA,NA,NA,NA,21
10.4912742174382,10.4912742174382,10.77895628989,48,NA,NA,38,NA,NA,50,NA,NA,42,NA,NA,26,23
9.95227771670556,NA,11.0020998412042,NA,NA,20,96,NA,NA,NA,NA,NA,NA,NA,NA,NA,49
10.0858091093301,10.6454248972655,11.2772031314492,NA,76,7,72,NA,NA,NA,77,11,80,NA,NA,45,24
10.5865843972426,8.69951474821019,11.1844213979982,60,NA,NA,50,NA,NA,NA,NA,25,55,NA,NA,40,33
9.90348755253613,9.61580548008435,9.68034400122192,NA,80,8,NA,75,11,NA,55,35,NA,80,5,60,52
10.77895628989,NA,NA,50,NA,NA,67,NA,NA,NA,NA,NA,NA,NA,NA,NA,26
5.7037824746562,9.43348392329039,11.0348896640272,NA,85,70,NA,24,24,NA,40,50,NA,65,8,60,48
9.68034400122192,9.74096862303835,10.6454248972655,NA,72,23,69,NA,NA,NA,70,9,NA,63,2,60,47
NA,9.21034037197618,9.39266192877014,NA,NA,NA,NA,NA,NA,NA,NA,NA,NA,NA,NA,NA,62
10.5966347330961,9.47270463644367,11.1562505210315,80,NA,NA,70,NA,NA,NA,90,4,72,NA,NA,52,39
9.21034037197618,8.69951474821019,10.3089526606443,NA,90,30,NA,80,17,NA,70,40,NA,85,5,72,59
NA,NA,10.1345992734995,NA,40,40,70,NA,NA,NA,NA,NA,NA,NA,NA,NA,45
8.90923527919226,9.39266192877014,12.3883942023241,NA,67,8,NA,50,17,NA,60,15,61,NA,NA,47,39
9.5468126085974,NA,10.77895628989,NA,70,18,80,NA,NA,NA,NA,NA,NA,NA,NA,NA,47
9.39266192877014,NA,NA,62,NA,NA,46,NA,NA,NA,NA,NA,NA,NA,NA,NA,20
11.3385720778255,10.3089526606443,11.1844213979982,NA,65,10,70,NA,NA,65,NA,NA,60,NA,NA,45,43
NA,NA,12.104039919965,NA,49,28,70,NA,NA,NA,57,24,NA,64,10,NA,57
9.90348755253613,9.61580548008435,10.7472075915754,92,NA,NA,78,NA,NA,NA,NA,NA,NA,NA,NA,46,47
10.77895628989,10.4912742174382,10.3089526606443,NA,80,15,NA,70,10,NA,NA,NA,NA,NA,NA,NA,54
9.39266192877014,11.8775685785581,10.4912742174382,NA,70,39,NA,34,42,NA,69,34,NA,64,39,70,53
9.21034037197618,9.7981270368783,10.8967393255464,NA,80,26,NA,110,8,NA,90,25,NA,86,22,73,63
NA,NA,11.0540595801349,NA,NA,NA,NA,NA,NA,NA,NA,NA,NA,NA,NA,NA,63
11.3963916487143,9.68034400122192,12.6603279178078,NA,60,3,NA,35,27,NA,NA,NA,NA,80,11,45,37
9.61580548008435,9.21034037197618,11.0020998412042,60,NA,NA,55,NA,NA,90,NA,NA,80,NA,NA,40,32
11.47210347045,11.3385720778255,11.5898865061064,NA,80,1,70,NA,NA,NA,72,4,61,NA,NA,31,26
NA,NA,10.9508065468167,NA,66,36,NA,80,4,NA,67,38,NA,75,25,66,56
9.30565055178051,8.69951474821019,9.39266192877014,NA,40,65,NA,65,45,NA,50,62,NA,64,40,NA,57
11.7360690162844,NA,NA,55,NA,NA,50,NA,NA,NA,NA,NA,NA,NA,NA,NA,22
9.40919123072135,10.4912742174382,10.9681982895286,NA,72,40,NA,70,14,NA,NA,NA,NA,NA,NA,NA,52
NA,NA,NA,NA,NA,NA,NA,NA,NA,NA,NA,NA,NA,NA,NA,NA,44
10.0858091093301,12.3966930051388,10.9681982895286,NA,60,4,50,NA,NA,NA,NA,NA,NA,NA,NA,NA,38
10.8197782844103,10.8197782844103,13.3277502071293,70,NA,NA,NA,60,5,NA,60,7,NA,NA,30,35,28
NA,NA,NA,85,NA,NA,65,NA,NA,NA,75,5,70,NA,NA,35,31
8.9226582995244,8.98719682066197,6.90775527898214,NA,70,10,NA,80,3,NA,NA,65,NA,NA,1,70,54
10.8395809117065,13.0815413828841,11.7752897294377,75,NA,NA,60,NA,NA,NA,90,1,NA,75,1,40,30
10.4912742174382,NA,11.3385720778255,70,NA,NA,55,NA,NA,NA,NA,NA,NA,NA,NA,NA,41
11.7752897294377,NA,NA,47,NA,NA,40,NA,NA,NA,NA,NA,NA,NA,NA,NA,19
10.5584135202759,NA,12.1007121298723,NA,70,7,55,NA,NA,NA,66,35,62,NA,NA,40,33
NA,NA,10.9331069697173,NA,70,24,NA,60,23,NA,40,50,NA,70,2,67,50
10.8967393255464,10.3089526606443,10.77895628989,50,NA,NA,45,NA,NA,85,NA,NA,70,NA,NA,38,25
NA,10.3089526606443,9.7981270368783,NA,NA,19,55,NA,NA,65,NA,NA,56,NA,NA,33,23
NA,10.0858091093301,12.1652506510099,NA,70,30,NA,60,10,NA,75,14,80,NA,NA,50,44
8.85366542803745,8.85366542803745,7.4500795698075,NA,NA,59,NA,60,22,NA,80,23,NA,70,8,80,51
10.4912742174382,NA,10.77895628989,NA,75,19,NA,35,45,88,55,NA,70,NA,5,45,46
12.7938593104323,11.3385720778255,12.6115377536383,55,NA,NA,50,NA,NA,65,NA,NA,53,NA,NA,32,26
NA,NA,11.0020998412042,70,NA,NA,55,NA,NA,NA,NA,NA,NA,NA,NA,NA,27
12.4684369099977,10.9331069697173,13.1993244185405,NA,70,21,55,NA,NA,NA,NA,NA,NA,NA,NA,NA,25
9.21034037197618,10.4912742174382,11.4295438560312,85,NA,NA,80,NA,NA,85,NA,NA,75,NA,NA,44,39
10.8197782844103,NA,12.3883942023241,60,NA,NA,45,NA,NA,NA,60,20,NA,65,9,35,24
NA,NA,NA,NA,NA,NA,NA,NA,NA,NA,NA,NA,NA,NA,NA,NA,52
10.3089526606443,10.4631033404715,11.6952470217642,NA,60,25,NA,60,10,NA,90,19,90,NA,NA,NA,45
NA,NA,11.2252433925184,NA,45,37,60,NA,NA,NA,65,20,NA,95,4,50,37
11.47210347045,10.9681982895286,13.774688563444,NA,75,7,66,NA,NA,NA,76,12,75,NA,NA,38,38
NA,NA,9.21034037197618,NA,54,28,NA,30,NA,NA,NA,NA,NA,NA,NA,NA,63
9.7981270368783,NA,10.4931058722672,NA,76,9,75,NA,NA,NA,60,30,NA,80,1,NA,51
NA,NA,10.8197782844103,NA,50,33,75,NA,NA,NA,65,33,NA,95,1,65,54
NA,NA,10.77895628989,NA,67,25,NA,54,24,NA,50,22,NA,80,2,57,50
10.5966347330961,10.3089526606443,10.77895628989,60,NA,NA,55,NA,NA,70,NA,NA,60,NA,NA,28,24
10.0858091093301,NA,11.6439537273766,67,NA,NA,55,NA,NA,78,NA,NA,64,NA,NA,37,30
11.3621025752356,11.289781913656,11.0020998412042,50,NA,NA,45,NA,NA,NA,NA,NA,NA,NA,NA,NA,22
11.0020998412042,11.1562505210315,11.289781913656,NA,40,20,50,NA,NA,NA,45,33,NA,35,32,38,28
NA,NA,8.98719682066197,NA,60,22,NA,45,21,NA,NA,NA,NA,NA,NA,NA,57
9.61580548008435,9.39266192877014,10.3089526606443,NA,70,10,65,NA,NA,NA,80,10,95,NA,NA,50,44
11.1272629841582,10.3481733737976,11.0020998412042,NA,72,1,62,NA,NA,NA,60,20,65,NA,NA,35,29
NA,NA,10.4912742174382,NA,60,30,NA,50,25,NA,NA,NA,NA,NA,NA,NA,55
10.4912742174382,10.8197782844103,9.21034037197618,NA,NA,NA,NA,NA,NA,NA,NA,NA,NA,NA,NA,NA,33
11.4467856624657,11.1844213979982,11.2332115621676,50,NA,NA,40,NA,NA,NA,68,19,58,NA,NA,37,26
11.6952470217642,NA,12.7938593104323,70,NA,NA,NA,58,2,NA,70,20,80,NA,NA,35,30
9.61580548008435,8.00636756765025,11.9117015849276,70,NA,NA,55,NA,NA,NA,50,40,NA,48,17,55,39
10.1266311038503,10.3089526606443,12.4837043821285,70,NA,NA,65,NA,NA,80,NA,NA,68,NA,NA,40,33
11.1272629841582,10.5966347330961,11.1562505210315,NA,55,15,65,NA,NA,102,NA,NA,NA,80,6,50,41
11.4075649493124,11.2384886192685,10.7363966754712,NA,NA,NA,NA,NA,NA,NA,NA,NA,NA,NA,NA,NA,39
10.4912742174382,NA,11.1844213979982,NA,60,22,72,NA,NA,NA,57,25,NA,60,20,38,35
11.6952470217642,NA,12.2258752728264,70,NA,NA,55,NA,NA,65,NA,NA,NA,45,6,33,28
NA,NA,10.0858091093301,NA,60,5,55,NA,NA,NA,60,30,75,NA,NA,35,29
9.21034037197618,NA,10.7009947484203,NA,80,10,NA,75,5,NA,NA,NA,NA,NA,NA,NA,49
10.7579028806922,9.39266192877014,11.7199396343546,NA,70,12,70,NA,NA,NA,NA,NA,NA,NA,NA,NA,35
10.3089526606443,9.90348755253613,9.21034037197618,75,NA,NA,70,NA,NA,NA,NA,NA,NA,NA,NA,NA,51
11.0020998412042,10.6454248972655,10.77895628989,NA,65,5,NA,55,2,NA,NA,NA,NA,NA,NA,NA,36
9.39266192877014,9.61580548008435,9.47270463644367,NA,78,10,NA,64,15,NA,NA,NA,NA,NA,NA,NA,55
11.1982147201305,9.90348755253613,11.2252433925184,90,NA,NA,NA,76,2,NA,60,32,NA,70,12,62,47
11.1562505210315,11.0020998412042,11.0020998412042,50,NA,NA,45,NA,NA,60,NA,NA,50,NA,NA,27,20
NA,NA,NA,97,NA,NA,69,NA,NA,NA,NA,37,70,NA,NA,50,37
9.42545175159313,8.98719682066197,10.4912742174382,NA,NA,20,60,NA,NA,NA,NA,NA,NA,NA,NA,NA,43
10.2035921449865,NA,NA,74,NA,NA,63,NA,NA,NA,NA,NA,NA,NA,NA,NA,20
11.47210347045,5.99146454710798,8.03915739047324,80,NA,NA,70,NA,NA,NA,69,5,67,NA,NA,45,34
10.8197782844103,9.21034037197618,11.3504065354725,NA,NA,50,NA,85,4,NA,80,15,NA,75,15,60,54
NA,NA,NA,NA,75,20,NA,80,10,NA,85,20,NA,50,30,65,59
8.88183630500415,NA,11.1844213979982,75,NA,NA,60,NA,NA,NA,NA,NA,NA,60,10,50,45
10.4341158035983,9.39266192877014,9.10497985631836,NA,73,19,NA,58,7,NA,72,22,80,NA,NA,70,55
9.61580548008435,10.3089526606443,13.0170028617465,NA,70,10,75,NA,NA,NA,90,7,90,NA,NA,50,40
NA,NA,11.0020998412042,NA,NA,60,NA,95,31,NA,NA,NA,NA,NA,NA,NA,65
11.0020998412042,10.3089526606443,10.7363966754712,NA,50,9,50,NA,NA,NA,50,20,65,NA,NA,27,26
11.6952470217642,10.77895628989,12.1007121298723,60,NA,NA,45,NA,NA,NA,80,13,80,NA,NA,47,33
12.1226910365911,10.0858091093301,11.3385720778255,70,NA,NA,50,NA,NA,67,NA,NA,54,NA,NA,34,26
10.77895628989,11.47210347045,12.3883942023241,75,NA,NA,65,NA,NA,79,NA,NA,68,NA,NA,43,30
11.5327280922664,NA,9.7981270368783,50,NA,NA,46,NA,NA,NA,NA,NA,NA,NA,NA,NA,22
10.4912742174382,10.3089526606443,11.2252433925184,NA,86,3,82,NA,NA,NA,80,15,NA,70,17,53,46
10.3089526606443,9.57498348556409,11.3385720778255,73,NA,NA,60,NA,NA,NA,NA,NA,NA,NA,NA,NA,38
9.86266555801587,NA,12.4837043821285,NA,80,20,75,NA,NA,NA,NA,NA,NA,NA,NA,52,42
NA,9.21034037197618,10.5661755256114,NA,80,13,70,NA,NA,NA,NA,NA,NA,NA,NA,NA,49
NA,11.1124478983731,10.4912742174382,NA,NA,30,50,NA,NA,52,NA,NA,47,NA,NA,27,30
10.5966347330961,10.1266311038503,10.5966347330961,NA,80,10,NA,81,5,NA,90,20,92,NA,NA,54,43
11.2118203721863,NA,11.0020998412042,72,NA,NA,62,NA,NA,NA,76,3,72,NA,NA,31,28
11.7117763237154,11.982929094216,12.3883942023241,NA,45,18,50,NA,NA,80,NA,NA,70,NA,NA,47,32
8.59415423255237,8.69951474821019,9.90348755253613,85,NA,NA,NA,59,14,NA,NA,NA,NA,NA,NA,NA,48
10.5713169251118,9.21034037197618,10.6213273456864,70,NA,NA,60,NA,NA,NA,50,25,70,NA,NA,38,30
10.3089526606443,8.51719319141624,8.51719319141624,70,NA,NA,55,NA,NA,65,NA,NA,NA,35,20,38,34
11.2644641056717,9.90348755253613,10.77895628989,NA,75,4,75,NA,NA,NA,70,35,80,NA,NA,55,47
11.0020998412042,8.69951474821019,11.5129254649702,72,NA,NA,64,NA,NA,70,NA,NA,60,NA,NA,28,22
9.61580548008435,9.68034400122192,10.0858091093301,NA,70,2,NA,64,5,NA,64,30,NA,54,20,67,64
8.69951474821019,NA,10.6454248972655,NA,80,2,75,NA,NA,NA,NA,NA,NA,NA,NA,NA,44
10.6454248972655,NA,11.47210347045,NA,67,37,NA,68,25,NA,60,50,NA,55,40,NA,58
11.4075649493124,NA,11.1982147201305,NA,75,7,67,NA,NA,NA,77,20,80,NA,NA,55,40
10.4341158035983,12.8583978315699,11.4075649493124,NA,57,14,64,NA,NA,75,NA,NA,70,NA,NA,39,31
8.85366542803745,9.39266192877014,8.60886037994206,NA,80,36,NA,68,20,NA,NA,NA,NA,NA,NA,NA,64
NA,NA,9.7981270368783,NA,70,3,60,NA,NA,100,NA,NA,90,NA,NA,65,36
10.8197782844103,NA,NA,50,NA,NA,45,NA,NA,NA,NA,NA,NA,NA,NA,NA,21
NA,NA,9.21034037197618,80,NA,NA,70,NA,NA,NA,75,30,NA,60,25,71,50
NA,NA,10.4912742174382,NA,50,40,NA,60,22,NA,NA,NA,NA,75,18,60,51
9.30565055178051,NA,9.90348755253613,NA,66,27,NA,32,39,NA,40,40,87,NA,NA,49,42
11.8775685785581,NA,NA,48,NA,NA,38,NA,NA,NA,NA,NA,NA,NA,NA,NA,21
12.1007121298723,NA,NA,70,NA,NA,60,NA,NA,NA,NA,NA,NA,NA,NA,NA,23
NA,10.4912742174382,9.90348755253613,NA,60,28,70,NA,NA,98,NA,NA,84,NA,NA,45,31
NA,NA,NA,NA,70,20,NA,45,15,NA,30,50,NA,50,22,68,50
11.3504065354725,NA,11.3393574835993,70,NA,NA,50,NA,NA,NA,85,12,NA,70,8,50,37
9.10497985631836,10.1266311038503,11.47210347045,NA,70,15,65,NA,NA,70,NA,NA,58,NA,NA,35,28
11.6952470217642,9.21034037197618,10.6454248972655,55,NA,NA,45,NA,NA,NA,NA,NA,NA,NA,NA,NA,21
NA,NA,10.6454248972655,NA,77,9,NA,66,12,NA,65,NA,80,NA,NA,58,46
9.30565055178051,NA,10.0858091093301,NA,60,65,NA,62,15,NA,67,19,NA,55,12,67,54
10.3089526606443,NA,10.4912742174382,73,NA,NA,68,NA,NA,73,NA,NA,68,NA,NA,39,32
9.77565418102624,NA,10.0345158149425,NA,72,40,NA,55,42,NA,NA,NA,NA,NA,NA,NA,63
NA,NA,NA,NA,65,16,70,NA,NA,NA,75,10,66,NA,NA,32,23
9.39266192877014,9.39266192877014,10.6919449129004,NA,80,15,NA,69,4,NA,NA,NA,NA,NA,NA,NA,63
10.9331069697173,10.5966347330961,10.77895628989,NA,75,3,NA,42,23,NA,NA,NA,NA,NA,NA,NA,30
9.90348755253613,10.3089526606443,11.0020998412042,70,NA,NA,60,NA,NA,NA,75,18,NA,80,5,45,37
8.51719319141624,NA,11.3385720778255,NA,NA,NA,NA,NA,NA,NA,NA,NA,NA,NA,NA,NA,31
11.47210347045,13.0815413828841,11.0020998412042,75,NA,NA,50,NA,NA,74,NA,NA,62,NA,NA,49,31
10.4912742174382,NA,11.0020998412042,NA,NA,35,NA,NA,34,NA,NA,39,NA,NA,NA,38,55
NA,NA,10.77895628989,NA,60,18,70,NA,NA,87,NA,NA,66,NA,NA,56,40
9.39266192877014,NA,9.61580548008435,NA,85,6,NA,80,1,NA,70,25,NA,60,13,48,41
9.90348755253613,9.60238245975221,11.3385720778255,60,NA,NA,55,NA,NA,NA,40,28,62,NA,NA,28,19
11.0974100210086,10.8197782844103,9.90348755253613,80,NA,NA,70,NA,NA,NA,NA,NA,NA,NA,NA,NA,46
12.0668105781967,NA,11.5898865061064,76,NA,NA,70,NA,NA,NA,75,11,82,NA,NA,43,33
11.4510500612521,NA,12.6115377536383,55,NA,NA,50,NA,NA,NA,50,16,60,NA,NA,33,21
11.9576112862317,12.1007121298723,12.3883942023241,60,NA,NA,48,NA,NA,70,NA,NA,62,NA,NA,36,23
8.69951474821019,9.85219425814858,10.1266311038503,NA,45,31,NA,45,20,NA,70,24,NA,73,9,57,50
10.3089526606443,10.7363966754712,11.6952470217642,NA,70,2,65,NA,NA,75,NA,NA,68,NA,NA,48,41
NA,NA,10.0858091093301,NA,50,47,NA,62,27,NA,NA,NA,NA,NA,NA,NA,61
9.61580548008435,9.21034037197618,11.6952470217642,80,NA,NA,NA,64,5,NA,56,23,NA,69,6,40,32
NA,11.9183905730784,12.6115377536383,60,NA,NA,55,NA,NA,75,NA,NA,60,NA,NA,32,24
NA,NA,12.1007121298723,NA,60,20,NA,70,6,NA,55,30,NA,60,20,NA,56
NA,NA,10.7144177687525,NA,40,6,40,NA,NA,NA,60,5,NA,NA,23,35,25
8.51719319141624,11.805595078933,11.1272629841582,NA,56,36,85,NA,NA,NA,100,35,NA,50,NA,73,58
9.62905070683437,9.90348755253613,10.1886664947698,NA,NA,NA,NA,NA,NA,NA,NA,NA,NA,NA,NA,NA,27
12.1007121298723,NA,12.1007121298723,70,NA,NA,58,NA,NA,70,NA,NA,60,NA,NA,36,24
11.5228757958234,NA,9.21034037197618,70,NA,NA,60,NA,NA,NA,80,10,NA,60,29,44,36
8.00636756765025,9.39266192877014,11.0020998412042,75,NA,NA,60,NA,NA,NA,NA,NA,NA,NA,NA,NA,41
10.3089526606443,9.21034037197618,12.1007121298723,65,NA,NA,55,NA,NA,75,NA,NA,62,NA,NA,40,35
9.25913053614561,9.10497985631836,11.3385720778255,70,NA,NA,55,NA,NA,71,NA,NA,55,NA,NA,34,27
10.5966347330961,11.3385720778255,11.9766594812024,NA,65,13,62,NA,NA,NA,95,2,82,NA,NA,42,36
9.61580548008435,8.51719319141624,8.51719319141624,50,NA,NA,45,NA,NA,NA,NA,NA,NA,NA,NA,NA,32
9.21034037197618,10.4912742174382,10.4912742174382,85,NA,NA,NA,65,2,NA,40,40,NA,60,8,70,50
NA,9.21034037197618,11.47210347045,NA,NA,NA,NA,NA,NA,NA,NA,NA,NA,NA,NA,NA,51
10.0858091093301,9.21034037197618,9.61580548008435,75,NA,NA,68,NA,NA,NA,NA,NA,NA,NA,NA,NA,30
10.4912742174382,NA,11.2515607008358,70,NA,NA,55,NA,NA,NA,80,10,75,NA,NA,42,36
12.2258752728264,10.8434948110276,11.5327280922664,NA,NA,NA,NA,NA,NA,NA,NA,NA,NA,NA,NA,NA,40
9.21034037197618,9.61580548008435,11.2252433925184,NA,55,30,NA,48,10,NA,NA,NA,NA,NA,NA,NA,43
11.1844213979982,11.0020998412042,11.3385720778255,75,NA,NA,70,NA,NA,NA,76,12,NA,72,9,44,34
9.61580548008435,10.4912742174382,10.8589989975636,NA,76,22,NA,70,19,NA,85,2,NA,80,1,65,56
11.0821425488778,NA,NA,66,NA,NA,49,NA,NA,NA,NA,NA,NA,NA,NA,NA,27
7.78322401633604,10.7144177687525,11.1844213979982,NA,NA,32,NA,60,2,64,NA,NA,59,NA,NA,33,32
8.69951474821019,NA,10.4631033404715,95,NA,NA,NA,85,1,NA,60,36,NA,55,32,70,59
NA,NA,NA,NA,75,8,70,NA,NA,NA,45,50,NA,75,4,65,47
9.7981270368783,9.21034037197618,8.69951474821019,NA,70,15,NA,65,14,NA,NA,NA,NA,NA,NA,NA,65
9.57498348556409,NA,10.1811192891344,NA,71,14,80,NA,NA,NA,70,20,NA,63,25,68,53
12.3194013308372,NA,NA,55,NA,NA,64,NA,NA,NA,NA,NA,NA,NA,NA,NA,27
NA,NA,11.0508900053737,85,NA,NA,70,NA,NA,NA,50,42,NA,57,17,69,49
11.8350089641393,NA,11.6952470217642,NA,75,8,70,NA,NA,NA,60,22,NA,45,25,65,55
10.9331069697173,10.8967393255464,11.8130300574206,NA,50,30,76,NA,NA,NA,85,10,82,NA,NA,44,36
NA,NA,11.0020998412042,NA,50,26,65,NA,NA,NA,NA,NA,NA,NA,NA,NA,30
6.39692965521615,NA,10.3481733737976,NA,80,25,72,NA,NA,NA,NA,NA,NA,NA,NA,NA,52
10.8197782844103,10.1266311038503,9.90348755253613,65,NA,NA,52,NA,NA,NA,80,13,NA,76,8,47,32
9.7981270368783,10.0858091093301,10.77895628989,80,NA,NA,NA,70,4,NA,70,15,80,NA,NA,NA,52
10.7995755770928,9.21034037197618,9.90348755253613,NA,63,7,72,NA,NA,NA,70,25,NA,53,9,72,52
7.78322401633604,8.07090608878782,10.5558127385758,NA,40,NA,62,NA,NA,NA,NA,NA,NA,NA,NA,NA,56
10.3089526606443,NA,NA,62,NA,NA,50,NA,NA,NA,NA,NA,NA,NA,NA,NA,24
10.5713169251118,10.4912742174382,10.5186731916264,NA,85,5,NA,80,3,NA,75,20,NA,60,23,NA,56
8.98719682066197,NA,9.98044859367226,NA,75,18,80,NA,NA,NA,85,13,85,NA,NA,53,41
11.8493977015914,NA,11.289781913656,50,NA,NA,40,NA,NA,NA,NA,30,NA,NA,20,40,19
11.1844213979982,NA,11.6952470217642,NA,60,9,60,NA,NA,NA,60,16,65,NA,NA,45,36
9.09380655572023,NA,10.77895628989,NA,58,25,NA,49,9,NA,NA,NA,NA,NA,NA,NA,52
9.61580548008435,9.21034037197618,9.90348755253613,NA,70,8,65,NA,NA,NA,NA,NA,NA,60,15,53,40
10.8197782844103,10.3089526606443,11.3385720778255,110,NA,NA,NA,70,8,NA,NA,35,NA,NA,30,66,51
11.1562505210315,11.7752897294377,11.7905572015685,NA,70,2,NA,60,3,NA,NA,NA,NA,NA,NA,NA,23
10.8628377738707,10.5453414387085,8.1605182474775,NA,70,75,NA,50,25,NA,80,45,NA,75,30,NA,62
9.7981270368783,9.61580548008435,12.4490188241406,NA,48,9,50,NA,NA,NA,56,1,64,NA,NA,37,28
9.39266192877014,NA,10.9681982895286,NA,70,35,NA,77,12,NA,65,22,NA,55,50,62,48
11.0020998412042,11.0666383623418,11.4295438560312,75,NA,NA,70,NA,NA,NA,NA,NA,NA,NA,NA,NA,44
NA,NA,9.39266192877014,NA,70,10,80,NA,NA,NA,70,14,NA,67,10,NA,60
10.1266311038503,NA,10.77895628989,NA,NA,35,70,NA,NA,NA,70,15,NA,50,20,48,42
6.90775527898214,NA,10.3089526606443,NA,60,25,75,NA,NA,NA,45,70,80,NA,NA,56,46
NA,9.14846496825809,12.5172270741671,NA,54,4,NA,30,28,70,NA,NA,67,NA,NA,38,31
11.2384886192685,11.0020998412042,11.0020998412042,NA,50,25,70,NA,NA,NA,60,30,NA,48,25,56,49
11.1844213979982,10.77895628989,11.7519423654407,52,NA,NA,45,NA,NA,NA,85,15,NA,60,35,40,22
8.69951474821019,9.57498348556409,12.4371843664936,52,NA,NA,62,NA,NA,NA,60,12,64,NA,NA,28,22
10.3734911817819,NA,NA,64,NA,NA,58,NA,NA,NA,NA,NA,NA,NA,NA,NA,20
10.3089526606443,10.3089526606443,11.2384886192685,NA,80,3,75,NA,NA,NA,70,15,85,NA,NA,52,46
10.7363966754712,NA,10.4912742174382,NA,75,33,NA,72,12,NA,NA,NA,NA,NA,NA,NA,51
NA,NA,9.21034037197618,75,NA,NA,65,NA,NA,NA,70,20,80,NA,NA,60,47
10.4912742174382,NA,12.2060726455302,NA,65,4,60,NA,NA,NA,80,24,70,NA,NA,44,42
NA,NA,9.47116499025808,NA,50,50,NA,80,6,NA,70,41,NA,50,27,70,55
9.61580548008435,10.4912742174382,11.0974100210086,90,NA,NA,NA,77,2,NA,75,20,85,NA,NA,66,50
9.39266192877014,11.1844213979982,10.1811192891344,NA,70,10,NA,NA,45,NA,70,13,NA,45,25,NA,44
10.4912742174382,9.21034037197618,9.61580548008435,NA,60,7,55,NA,NA,NA,50,22,70,NA,NA,53,43
NA,NA,11.3385720778255,NA,NA,NA,NA,NA,NA,NA,NA,NA,NA,NA,NA,NA,22
11.4295438560312,NA,NA,NA,68,4,60,NA,NA,NA,NA,NA,NA,NA,NA,NA,22
9.21034037197618,8.1886891244442,11.1844213979982,75,NA,NA,NA,60,6,NA,45,32,65,NA,NA,38,36
NA,NA,NA,65,NA,NA,58,NA,NA,NA,NA,NA,NA,NA,NA,NA,20
NA,NA,10.4912742174382,NA,70,20,70,NA,NA,NA,70,15,NA,58,12,65,58
11.0020998412042,10.77895628989,11.0020998412042,NA,60,20,65,NA,NA,NA,NA,25,NA,NA,30,50,38
10.9331069697173,11.3385720778255,11.2252433925184,NA,100,10,105,NA,NA,NA,NA,NA,NA,NA,NA,NA,48
9.99879773234045,10.3089526606443,11.1272629841582,NA,60,22,75,NA,NA,NA,NA,NA,NA,NA,NA,NA,52
NA,NA,NA,NA,96,4,NA,35,40,NA,75,18,NA,60,30,80,64
11.3144745262464,10.8395809117065,11.3504065354725,60,NA,NA,47,NA,NA,NA,NA,NA,NA,NA,NA,NA,25
11.2644641056717,9.68034400122192,10.1266311038503,NA,80,4,72,NA,NA,NA,90,17,NA,80,7,71,51
NA,NA,12.3883942023241,NA,NA,NA,NA,NA,NA,NA,NA,NA,NA,NA,NA,NA,45
10.3089526606443,6.68461172766793,10.3089526606443,NA,70,38,NA,60,13,NA,NA,NA,NA,NA,NA,NA,52
10.5966347330961,10.5966347330961,11.8844890214027,NA,80,10,85,NA,NA,NA,110,8,NA,75,15,60,52
10.77895628989,10.0858091093301,10.6454248972655,60,NA,NA,50,NA,NA,NA,50,14,66,NA,NA,46,37
11.0020998412042,11.0020998412042,12.1007121298723,72,NA,NA,63,NA,NA,NA,77,8,72,NA,NA,NA,31
9.21034037197618,10.3089526606443,11.2252433925184,NA,NA,48,90,NA,NA,NA,60,30,NA,45,40,55,50
NA,9.68034400122192,10.1266311038503,92,NA,NA,80,NA,NA,NA,80,19,NA,77,17,73,53
10.8967393255464,10.6454248972655,11.1844213979982,NA,60,30,NA,80,1,NA,60,40,85,NA,NA,62,46
9.90348755253613,11.9183905730784,12.3883942023241,NA,55,21,66,NA,NA,NA,70,20,80,NA,NA,32,28
10.3859137017804,10.4912742174382,10.77895628989,NA,100,2,NA,70,20,NA,60,40,NA,40,4,60,50
NA,NA,NA,NA,60,38,70,NA,NA,NA,NA,NA,NA,NA,NA,NA,42
NA,11.6952470217642,12.3883942023241,50,NA,NA,45,NA,NA,65,NA,NA,55,NA,NA,30,23
11.5617156291397,9.21034037197618,11.1844213979982,60,NA,NA,50,NA,NA,68,NA,NA,52,NA,NA,31,22
9.39266192877014,10.9331069697173,11.0020998412042,95,NA,NA,NA,82,25,NA,50,50,NA,75,5,NA,51
10.6919449129004,9.61580548008435,9.61580548008435,NA,70,12,65,NA,NA,80,NA,NA,70,NA,NA,50,29
11.0020998412042,7.09007683577609,NA,NA,80,10,NA,60,8,NA,NA,NA,NA,70,18,70,58
11.8204101647182,11.6082356447746,12.7938593104323,95,NA,NA,NA,75,3,NA,95,3,90,NA,NA,67,55
11.6952470217642,11.0666383623418,10.3089526606443,90,NA,NA,80,NA,NA,70,NA,NA,62,NA,NA,33,28
8.29404964010203,NA,8.00636756765025,NA,NA,NA,NA,NA,NA,NA,NA,NA,NA,NA,NA,NA,52
NA,10.4912742174382,12.1007121298723,55,NA,NA,50,NA,NA,65,NA,NA,60,NA,NA,NA,26
10.9150884642146,11.289781913656,11.6952470217642,NA,NA,NA,NA,NA,NA,NA,NA,NA,NA,NA,NA,NA,20
10.8197782844103,10.8395809117065,11.1844213979982,NA,70,15,76,NA,NA,NA,72,11,NA,74,9,NA,51
9.65502619323763,9.60238245975221,10.9150884642146,NA,50,38,NA,100,12,NA,NA,NA,NA,NA,NA,NA,60
9.61580548008435,NA,10.0858091093301,NA,50,24,75,NA,NA,NA,60,22,80,NA,NA,52,45
9.90348755253613,10.1266311038503,11.5028751291167,NA,90,3,NA,NA,50,NA,NA,35,NA,80,2,59,51
11.8913619006905,NA,NA,60,NA,NA,55,NA,NA,NA,NA,NA,NA,NA,NA,NA,20
11.1982147201305,NA,13.3046849341983,62,NA,NA,53,NA,NA,NA,67,7,65,NA,NA,35,23
NA,NA,9.7981270368783,55,NA,NA,45,NA,NA,NA,NA,NA,NA,NA,NA,NA,28
10.5713169251118,9.90348755253613,12.4837043821285,70,NA,NA,64,NA,NA,72,NA,NA,64,NA,NA,38,22
10.7363966754712,10.77895628989,11.8350089641393,62,NA,NA,56,NA,NA,NA,76,17,NA,60,20,40,35
10.1266311038503,10.6454248972655,10.77895628989,NA,75,22,82,NA,NA,NA,80,10,50,NA,NA,68,57
10.8197782844103,10.5966347330961,11.580584113444,100,NA,NA,90,NA,NA,NA,100,9,95,NA,NA,75,60
8.51719319141624,NA,11.0020998412042,NA,60,45,NA,70,15,NA,70,25,NA,60,20,70,60
10.77895628989,NA,10.4912742174382,60,NA,NA,52,NA,NA,NA,60,17,65,NA,NA,33,24
11.6082356447746,10.5966347330961,11.3385720778255,NA,85,6,80,NA,NA,NA,70,24,NA,75,18,60,46
9.90348755253613,10.77895628989,11.6952470217642,NA,NA,6,NA,NA,30,NA,70,30,NA,70,7,48,38
9.90348755253613,10.3089526606443,12.0552497557956,NA,40,50,NA,60,15,NA,NA,NA,NA,NA,NA,NA,53
12.5707157591181,NA,NA,55,NA,NA,43,NA,NA,NA,NA,NA,NA,NA,NA,NA,23
10.1658518170036,NA,10.5023240536248,69,NA,NA,60,NA,NA,NA,48,35,85,NA,NA,40,34
10.5966347330961,NA,12.0317192583854,NA,75,4,70,NA,NA,NA,70,2,65,NA,NA,49,39
9.21034037197618,9.39266192877014,9.61580548008435,NA,70,15,NA,80,4,NA,40,50,NA,70,6,70,60
9.42545175159313,9.23014299927236,9.21034037197618,54,NA,NA,40,NA,NA,74,NA,NA,65,NA,NA,33,28
10.8967393255464,9.7981270368783,9.61580548008435,75,NA,NA,60,NA,NA,NA,45,40,63,NA,NA,36,30
8.88183630500415,NA,8.00636756765025,NA,NA,NA,NA,NA,NA,NA,NA,NA,NA,NA,NA,NA,51
9.90348755253613,10.3089526606443,10.3089526606443,75,NA,NA,70,NA,NA,NA,70,27,NA,80,5,50,49
NA,NA,NA,NA,90,10,90,NA,NA,NA,65,45,NA,55,38,72,59
10.0858091093301,9.7981270368783,10.3089526606443,75,NA,NA,70,NA,NA,NA,NA,NA,NA,NA,NA,NA,48
11.3385720778255,10.3089526606443,11.0020998412042,NA,60,22,65,NA,NA,NA,117,3,90,NA,NA,45,42
NA,NA,11.3022044336546,NA,40,53,NA,70,10,NA,60,38,NA,100,3,70,54
9.21034037197618,NA,11.2332115621676,NA,90,13,80,NA,NA,NA,NA,40,NA,85,15,65,50
NA,11.5129254649702,9.48158813796454,NA,80,35,NA,NA,50,NA,NA,55,NA,NA,35,72,61
10.1266311038503,10.6454248972655,11.8493977015914,85,NA,NA,80,NA,NA,NA,70,30,NA,67,19,35,52
9.5468126085974,NA,10.3089526606443,NA,45,10,52,NA,NA,NA,NA,NA,NA,NA,NA,NA,29
NA,NA,NA,NA,70,2,NA,58,4,NA,NA,NA,NA,NA,NA,NA,24
NA,NA,NA,50,NA,NA,48,NA,NA,NA,NA,NA,NA,NA,NA,NA,23
11.0821425488778,10.77895628989,10.0858091093301,NA,60,15,70,NA,NA,NA,70,15,80,NA,NA,50,40
NA,NA,9.68034400122192,NA,70,14,NA,72,4,NA,NA,NA,NA,50,38,75,63
NA,NA,11.0821425488778,90,NA,NA,75,NA,NA,NA,50,45,NA,100,15,58,52
9.21034037197618,10.77895628989,11.0020998412042,NA,80,13,75,NA,NA,NA,60,20,NA,70,12,60,35
NA,9.5468126085974,10.7009947484203,72,NA,NA,64,NA,NA,NA,75,13,NA,60,1,55,43
8.29404964010203,8.88183630500415,9.61580548008435,78,NA,NA,62,NA,NA,NA,NA,NA,NA,NA,NA,NA,42
10.2750511089686,10.6454248972655,10.3481733737976,NA,80,8,NA,75,8,NA,NA,NA,NA,NA,NA,NA,64
10.3089526606443,NA,NA,60,NA,NA,48,NA,NA,NA,NA,NA,NA,NA,NA,NA,20
NA,9.90348755253613,11.8844890214027,NA,63,22,NA,54,7,NA,70,23,NA,64,18,71,60
NA,11.47210347045,11.6952470217642,65,NA,NA,55,NA,NA,73,NA,NA,62,NA,NA,41,27
NA,NA,NA,NA,NA,NA,NA,NA,NA,NA,NA,NA,NA,NA,NA,NA,24
11.7905572015685,11.3850920934603,11.289781913656,73,NA,NA,66,NA,NA,72,NA,NA,65,NA,NA,27,23
NA,NA,NA,NA,60,28,70,NA,NA,NA,70,18,NA,50,38,54,50
10.1266311038503,NA,10.4912742174382,80,NA,NA,75,NA,NA,NA,75,7,66,NA,NA,45,37
10.7144177687525,10.4341158035983,11.2118203721863,80,NA,NA,70,NA,NA,NA,40,37,75,NA,NA,46,40
10.2109722522841,NA,12.7068479334427,70,NA,NA,64,NA,NA,70,NA,NA,67,NA,NA,38,28
NA,NA,10.77895628989,65,NA,NA,60,NA,NA,NA,75,13,NA,69,9,55,41
NA,10.0858091093301,9.21034037197618,NA,NA,NA,NA,NA,NA,NA,NA,NA,NA,NA,NA,NA,48
10.1266311038503,10.3089526606443,11.2118203721863,70,NA,NA,NA,46,18,NA,75,6,NA,45,40,48,39
8.69951474821019,NA,10.77895628989,NA,70,20,NA,58,24,NA,69,24,NA,57,26,60,50
10.2035921449865,NA,NA,55,NA,NA,40,NA,NA,NA,NA,NA,NA,NA,NA,NA,21
11.5898865061064,NA,NA,NA,58,5,56,NA,NA,NA,NA,NA,NA,NA,NA,NA,24
10.0941079121448,NA,10.6919449129004,NA,85,1,82,NA,NA,NA,70,3,69,NA,NA,48,37
9.39266192877014,NA,10.442900633154,NA,80,22,NA,67,14,NA,65,28,NA,60,20,NA,60
11.0020998412042,7.60090245954208,11.7360690162844,NA,80,15,NA,70,5,NA,75,10,NA,60,8,65,49
10.8780471925343,10.8395809117065,11.1844213979982,55,NA,NA,47,NA,NA,NA,70,2,55,NA,NA,33,29
11.3385720778255,9.90348755253613,12.3883942023241,NA,55,15,65,NA,NA,NA,58,12,64,NA,NA,30,21
10.6213273456864,10.3089526606443,11.0120501720574,NA,50,15,60,NA,NA,NA,70,3,80,NA,NA,NA,32
10.4252531163405,5.29831736654804,11.1899615783738,NA,87,15,106,NA,NA,NA,75,1,70,NA,NA,54,48
NA,10.5966347330961,10.4912742174382,NA,50,55,NA,80,10,NA,80,17,NA,70,16,75,61
9.61580548008435,9.90348755253613,10.8589989975636,NA,90,10,NA,45,52,NA,85,25,90,NA,NA,NA,59
NA,NA,9.7981270368783,NA,NA,35,NA,80,3,NA,80,10,NA,72,7,NA,50
11.8130300574206,9.68034400122192,10.8967393255464,55,NA,NA,45,NA,NA,60,NA,NA,51,NA,NA,27,21
NA,10.0858091093301,10.4912742174382,NA,48,28,NA,38,30,NA,54,4,64,NA,NA,35,25
8.85366542803745,12.3883942023241,11.0974100210086,NA,80,2,77,NA,NA,62,NA,NA,55,NA,NA,44,40
10.3089526606443,NA,12.3883942023241,55,NA,NA,46,NA,NA,85,NA,NA,NA,76,1,33,21
NA,NA,8.69951474821019,NA,60,15,65,NA,NA,NA,NA,NA,NA,NA,NA,NA,52
12.1007121298723,11.0508900053737,11.6952470217642,70,NA,NA,60,NA,NA,95,NA,NA,NA,60,19,40,34
8.51719319141624,8.69951474821019,9.39814685900071,NA,90,14,95,NA,NA,NA,80,30,NA,75,14,74,58
9.10497985631836,8.51719319141624,11.4510500612521,NA,70,5,50,NA,NA,NA,80,2,NA,50,5,40,29
10.5966347330961,9.21034037197618,10.4341158035983,75,NA,NA,70,NA,NA,NA,NA,35,80,NA,NA,45,40
8.29404964010203,8.69951474821019,10.77895628989,NA,50,50,NA,90,7,NA,80,7,80,NA,NA,55,50
10.7363966754712,10.5966347330961,11.0508900053737,NA,NA,40,NA,80,3,NA,NA,NA,NA,NA,NA,55,49
NA,NA,11.0284171495216,NA,70,25,NA,55,24,NA,80,15,NA,65,13,50,50
10.0858091093301,11.1676142796818,12.3883942023241,60,NA,NA,45,NA,NA,50,NA,NA,48,NA,NA,NA,23
9.61580548008435,10.8197782844103,11.982929094216,NA,40,29,60,NA,NA,85,NA,NA,75,NA,NA,41,31
7.60090245954208,8.00636756765025,8.51719319141624,NA,63,28,NA,47,25,NA,NA,NA,NA,NA,NA,NA,62
NA,NA,10.4912742174382,NA,NA,20,NA,80,12,NA,NA,NA,NA,NA,NA,NA,54
10.4912742174382,NA,12.6115377536383,NA,NA,NA,NA,NA,NA,NA,NA,NA,NA,NA,NA,NA,23
