"age","ed","sex","agef","edf","agem","edm","fam_id"
29,10,1,65,12,52,10,"pxljf"
22,9,1,60,0,52,0,"gfqpa"
30,0,2,59,0,51,0,"vi6j0"
32,0,2,69,2,52,0,"sxrg1"
30,9,2,55,0,48,0,"fy61p"
25,9,2,70,5,47,0,"vj2ik"
27,7,1,66,2,49,0,"vzazt"
20,12,1,60,15,44,10,"m0gn8"
42,15,1,72,0,59,3,"rjyg1"
36,7,1,72,7,59,4,"wpn3w"
28,6,2,60,9,46,1,"utxuz"
34,3,2,72,0,52,0,"bqr76"
19,8,1,50,9,44,4,"utyrm"
21,6,2,57,0,42,0,"ra7ol"
18,10,1,70,4,59,4,"b5r0i"
21,8,2,60,5,52,0,"g8nmy"
29,9,1,50,4,44,0,"uhbwi"
29,5,1,75,0,60,0,"wbha5"
32,9,2,70,10,62,5,"zxvfs"
25,7,2,52,6,44,0,"icv57"
26,15,1,70,0,60,0,"ckg9d"
25,0,1,57,0,56,0,"dmh87"
44,12,1,70,5,59,0,"di1vx"
33,5,2,64,5,54,0,"mv2wp"
34,4,1,70,0,62,0,"wy6hl"
32,9,1,67,0,64,0,"beiu7"
28,2,1,65,0,64,0,"moyjz"
28,3,1,60,0,50,0,"sobak"
18,9,2,45,5,37,2,"m1vol"
30,5,2,73,0,41,0,"sipd3"
29,6,1,68,0,51,2,"ex7jh"
18,6,2,50,0,43,2,"w6ni1"
19,5,2,55,0,41,0,"mpgi5"
27,5,1,63,0,53,0,"qorhb"
33,15,1,70,0,60,0,"ckg9d"
50,10,2,50,15,40,9,"s66xu"
28,9,1,65,15,49,9,"a16c0"
22,12,2,58,0,49,0,"cf4bt"
40,4,2,73,0,41,0,"sipd3"
21,10,2,59,10,51,4,"pom90"
20,12,2,48,9,42,3,"b631y"
34,12,1,66,4,53,0,"l4wgh"
19,9,2,52,6,41,5,"qfoks"
27,9,1,67,0,59,2,"ssgpw"
24,9,2,68,9,54,8,"omeqj"
30,4,1,80,0,60,0,"wm10q"
31,10,2,60,0,51,0,"o99sa"
27,6,2,69,7,49,5,"o1hoz"
20,10,1,49,6,42,6,"s7pfq"
38,5,1,73,0,63,0,"hiakr"
27,5,2,52,6,44,0,"icv57"
23,3,1,70,0,62,0,"wy6hl"
20,5,1,55,0,43,0,"fk4i1"
25,6,1,70,0,55,0,"vll55"
25,4,1,78,4,52,0,"jgv4t"
19,9,1,45,8,37,9,"oo5vl"
20,9,2,69,2,59,5,"td4g8"
38,5,2,67,0,54,0,"hlkwd"
33,9,1,60,0,51,0,"o99sa"
36,5,2,70,0,58,0,"cg20v"
24,0,1,65,0,50,0,"ij4ij"
30,12,1,65,7,50,4,"fo41d"
25,0,1,71,7,50,4,"xepti"
38,12,1,75,3,67,0,"hwds7"
18,5,1,55,0,49,0,"ozlic"
33,9,1,73,8,53,3,"qqjjr"
38,5,2,66,4,60,5,"qg79k"
18,8,2,65,0,51,0,"ndvwv"
27,10,2,52,8,46,5,"p4vcb"
23,10,1,58,0,50,0,"l4h99"
19,9,2,50,0,39,5,"jwatz"
40,4,2,70,5,64,0,"fcw6f"
30,10,2,70,0,60,0,"ckg9d"
19,8,1,51,9,39,5,"h5cs0"
35,10,1,70,0,63,0,"vw1re"
31,9,1,59,10,51,4,"pom90"
40,0,1,73,0,63,0,"hiakr"
22,9,2,60,0,51,0,"o99sa"
24,6,1,53,0,49,0,"wgapu"
36,12,2,72,0,59,3,"rjyg1"
38,0,1,65,0,59,0,"vcfxl"
24,6,1,69,2,59,5,"td4g8"
25,6,1,72,7,59,4,"wpn3w"
26,7,2,26,5,50,3,"esrwi"
21,5,2,55,0,50,0,"ovd81"
26,9,2,56,9,49,5,"shmd3"
29,16,1,60,16,50,4,"brhhr"
18,5,1,60,7,35,0,"cm3zq"
20,7,2,50,3,41,5,"p8e25"
20,2,1,58,0,50,0,"l4h99"
20,9,2,65,0,57,0,"shpec"
20,4,2,48,0,41,0,"v32pv"
24,0,1,72,0,61,2,"mv284"
21,10,1,40,0,50,5,"cqzf4"
28,5,1,54,0,47,4,"rd255"
35,12,2,70,0,54,2,"qu8q7"
35,16,1,65,4,58,2,"egh95"
20,0,1,44,10,42,7,"urnd8"
41,15,1,67,2,50,0,"rg8nq"
34,10,2,66,5,56,0,"i9p41"
19,9,2,62,13,48,9,"s09h4"
45,5,1,73,0,63,0,"hiakr"
24,10,1,75,0,61,0,"a3m1d"
30,5,2,62,0,56,0,"qjcf2"
22,10,2,65,0,45,6,"h2j5o"
27,8,2,70,5,55,0,"nukgk"
33,4,2,67,0,54,0,"hlkwd"
22,6,1,65,0,40,0,"h0j6m"
31,7,2,57,0,56,0,"dmh87"
40,15,1,70,0,60,0,"ckg9d"
35,5,1,60,4,53,2,"radyp"
30,10,2,50,4,44,0,"yhwui"
38,0,2,75,8,61,5,"hz7ma"
30,9,2,69,7,49,5,"o1hoz"
28,5,2,75,0,61,0,"a3m1d"
36,12,2,67,5,57,5,"i5ntx"
23,9,2,60,0,54,0,"hra05"
27,10,2,60,5,52,0,"g8nmy"
19,8,2,60,0,51,0,"o99sa"
31,15,1,65,4,49,3,"e8343"
37,4,1,73,0,61,0,"px6hf"
35,0,2,60,0,51,0,"otf98"
40,9,2,68,8,59,5,"k4q74"
18,10,1,52,4,45,4,"gtbir"
29,12,1,59,8,47,5,"hl6w4"
25,8,2,65,7,50,4,"fo41d"
34,12,1,55,9,52,4,"e8lpb"
22,12,2,55,9,48,5,"e004w"
24,7,2,50,9,40,10,"ujexk"
25,12,1,48,12,42,5,"fsqiv"
31,5,2,66,2,49,0,"vzazt"
34,12,1,65,6,58,5,"foc0g"
29,0,1,58,0,46,0,"fb1td"
29,10,1,35,6,52,3,"drdex"
27,0,2,59,0,51,0,"vi6j0"
31,15,2,72,0,61,0,"fxd51"
24,5,1,65,0,52,0,"uuy7d"
32,2,2,72,0,52,0,"bqr76"
28,9,2,54,3,47,0,"o7u9f"
18,0,1,55,0,48,0,"fy61p"
38,5,2,80,0,60,0,"wm10q"
25,5,2,55,0,49,0,"ty6xk"
26,8,2,65,7,66,2,"tuj4r"
25,10,1,65,12,52,10,"pxljf"
22,5,2,48,3,41,3,"f4sfu"
26,5,2,65,2,51,0,"pm1t6"
27,12,1,54,3,50,3,"njqtj"
20,6,1,60,4,53,2,"radyp"
28,10,1,70,5,47,0,"vj2ik"
26,16,1,70,15,53,10,"qnn1q"
27,4,1,49,0,45,0,"q848p"
30,9,1,65,5,55,5,"itww2"
22,9,1,66,5,56,0,"i9p41"
22,7,2,51,0,43,5,"hsd9n"
24,5,1,57,8,50,5,"o1uxi"
18,9,2,56,10,40,10,"wyj1a"
25,9,1,50,4,44,0,"uhbwi"
26,6,2,63,4,54,0,"l42ru"
22,5,1,51,0,43,5,"hsd9n"
30,8,2,70,0,55,0,"vll55"
28,3,2,69,0,62,2,"h8wdm"
34,9,1,56,7,51,0,"xa9td"
18,10,1,45,12,43,9,"mjw9m"
30,12,1,70,10,52,0,"ll454"
31,9,2,60,5,53,3,"gm54u"
32,8,1,69,0,58,0,"pzy3z"
37,10,1,72,0,60,1,"u0pae"
25,3,2,55,2,45,3,"zu265"
24,0,2,48,0,42,0,"w830t"
23,8,2,50,4,40,0,"bx8sw"
29,8,1,66,2,49,0,"vzazt"
20,6,2,26,5,50,3,"esrwi"
20,7,2,46,9,47,8,"xjg7i"
26,12,1,60,12,46,7,"r9s46"
39,10,2,72,0,59,3,"rjyg1"
27,12,1,67,5,57,5,"i5ntx"
25,3,2,55,0,50,0,"aetxe"
21,10,2,60,5,51,4,"v1rwo"
25,8,1,50,0,43,5,"s5hga"
20,10,2,65,7,66,2,"tuj4r"
28,7,2,64,2,57,0,"dfu4j"
23,9,2,60,0,47,0,"gyh4a"
23,5,2,65,4,52,0,"xvlln"
28,5,2,70,4,59,4,"b5r0i"
18,0,1,50,0,40,0,"otcjj"
38,4,2,75,0,63,0,"sjffo"
19,9,1,47,0,43,5,"yltkz"
29,10,2,65,15,53,7,"py6jv"
23,8,2,55,0,49,0,"ty6xk"
26,10,1,64,9,48,5,"tx9i8"
39,9,1,53,6,54,0,"q3lkd"
28,3,1,50,0,46,0,"yvgp9"
39,9,1,70,5,64,0,"fcw6f"
21,5,1,70,7,42,0,"dysru"
39,0,1,73,4,63,2,"lltyy"
25,5,1,55,0,50,0,"ovd81"
20,7,1,51,0,43,5,"hsd9n"
30,9,1,68,9,54,8,"omeqj"
21,9,2,60,9,46,5,"fufo0"
36,7,2,67,2,50,0,"rg8nq"
22,1,1,49,0,45,0,"q848p"
42,12,1,75,9,60,4,"ufx8a"
18,8,2,52,2,44,3,"uy45y"
22,9,1,69,7,49,5,"o1hoz"
25,2,2,55,0,43,0,"fk4i1"
19,10,2,65,7,52,2,"d1q55"
37,3,2,75,8,55,2,"laslf"
21,5,1,54,8,48,4,"q1u3u"
24,9,2,65,0,55,0,"sl1bt"
18,10,1,42,4,50,0,"zsswl"
25,12,2,60,10,52,5,"ptjft"
28,8,1,75,0,63,0,"sjffo"
26,0,2,65,0,59,0,"vcfxl"
25,10,2,60,16,50,4,"brhhr"
18,5,1,72,0,60,1,"u0pae"
20,9,2,53,0,49,0,"wgapu"
25,9,2,54,5,51,0,"t33k1"
28,18,1,50,12,50,8,"c39yv"
29,0,2,66,0,47,0,"m387c"
37,9,1,69,0,58,0,"pzy3z"
30,5,1,70,5,54,0,"o5i5n"
28,9,1,60,4,48,5,"ymr22"
18,12,1,55,10,48,7,"wvicz"
24,10,1,65,15,53,7,"py6jv"
25,9,2,52,0,45,0,"kupk4"
25,9,2,45,5,44,0,"yf94w"
30,4,1,60,4,53,2,"radyp"
35,14,1,75,8,55,2,"laslf"
26,9,2,68,3,57,0,"hsfhs"
33,6,2,55,0,50,0,"ovd81"
23,9,1,54,3,50,3,"njqtj"
20,5,1,65,0,46,0,"guiep"
29,5,1,72,5,53,0,"toybu"
25,2,1,62,0,45,0,"bzr0t"
23,9,1,54,8,48,4,"q1u3u"
41,0,1,73,4,63,2,"lltyy"
25,10,1,70,0,54,0,"sm8mw"
26,5,1,55,4,43,5,"az3sv"
27,9,1,68,9,54,8,"omeqj"
35,8,1,35,6,52,3,"drdex"
22,9,2,48,12,42,5,"fsqiv"
21,10,1,50,0,45,2,"nb2dx"
26,7,1,67,0,47,4,"edmeb"
30,10,1,55,6,51,0,"mftd2"
25,0,2,60,0,49,0,"atah0"
37,1,2,70,0,54,0,"sm8mw"
32,6,2,60,0,49,0,"ku6kb"
30,0,2,60,5,54,0,"h5qgs"
37,9,1,67,0,64,0,"beiu7"
30,12,2,70,10,58,5,"cw8uh"
18,9,2,40,9,35,9,"qiaie"
26,12,2,55,9,48,5,"e004w"
20,5,1,55,0,49,0,"ty6xk"
18,10,1,50,5,36,5,"uw5h1"
20,12,1,61,12,49,9,"plcok"
35,9,2,53,6,54,0,"q3lkd"
32,6,1,75,0,61,0,"a3m1d"
41,3,2,80,3,51,0,"xh5q7"
18,7,1,65,0,47,0,"t91ol"
30,12,2,57,0,62,2,"wdiri"
36,5,2,75,8,61,5,"hz7ma"
34,5,2,69,0,62,2,"h8wdm"
33,10,1,67,2,50,0,"rg8nq"
30,8,1,65,2,51,0,"pm1t6"
23,9,2,69,7,49,5,"o1hoz"
24,5,1,52,5,47,2,"u52c8"
33,0,1,54,0,52,0,"qwg5j"
28,9,1,65,5,55,5,"itww2"
32,0,1,66,0,47,0,"m387c"
25,7,1,70,5,54,0,"o5i5n"
40,9,1,65,0,57,0,"shpec"
18,9,2,52,5,47,0,"e4esb"
24,10,1,45,7,46,0,"ipdik"
22,9,2,63,8,54,5,"e0pbj"
27,10,1,55,5,47,3,"srjv4"
23,0,2,55,0,50,0,"aetxe"
32,3,2,68,0,51,2,"ex7jh"
33,10,2,67,0,51,0,"uf8im"
50,0,2,80,8,64,0,"rfw2n"
19,3,1,49,0,45,0,"q848p"
37,12,1,63,8,54,5,"e0pbj"
20,12,1,48,5,39,5,"ayv28"
25,5,2,50,0,46,0,"yvgp9"
31,5,2,67,0,54,0,"hlkwd"
20,12,1,50,5,43,5,"nh5ys"
27,8,1,60,0,47,0,"gyh4a"
18,10,2,47,9,33,8,"v8w64"
27,10,1,58,0,49,0,"cf4bt"
25,9,2,73,8,53,3,"qqjjr"
23,0,1,50,0,46,0,"yvgp9"
30,2,1,69,0,62,2,"h8wdm"
19,12,1,52,12,35,10,"y2lto"
22,10,2,49,6,42,6,"s7pfq"
38,5,2,70,0,58,0,"cg20v"
23,9,1,57,8,50,5,"o1uxi"
32,8,2,35,6,52,3,"drdex"
36,0,2,60,0,54,0,"hra05"
38,9,2,67,5,57,5,"i5ntx"
18,9,2,70,0,62,0,"wy6hl"
28,6,1,62,0,56,0,"qjcf2"
20,10,1,65,7,50,4,"fo41d"
26,5,2,75,0,54,0,"fk588"
27,5,1,62,0,46,0,"yijw5"
18,10,2,60,6,52,0,"mdmfb"
18,12,1,49,12,41,7,"dilx6"
19,12,1,70,10,52,0,"ll454"
25,9,2,69,0,52,0,"pizod"
32,7,1,70,5,64,0,"fcw6f"
19,8,1,53,8,46,0,"hlonx"
21,10,2,70,5,55,0,"nukgk"
21,10,1,57,0,62,2,"wdiri"
30,6,2,63,0,53,0,"qorhb"
21,12,1,50,9,44,4,"utyrm"
21,4,1,47,0,39,0,"pchke"
43,4,2,75,0,61,0,"a3m1d"
23,12,2,65,15,49,9,"a16c0"
23,0,1,72,12,60,5,"vwufk"
19,9,1,60,0,47,3,"zz3gb"
45,0,2,75,0,50,0,"wjc4i"
30,9,1,73,0,61,0,"px6hf"
40,2,1,70,0,55,0,"vll55"
20,8,1,54,5,48,0,"vgone"
26,9,2,52,5,47,2,"u52c8"
30,5,2,75,0,53,0,"mcntt"
32,10,1,80,8,64,0,"rfw2n"
47,4,2,80,8,64,0,"rfw2n"
18,8,1,66,5,56,0,"i9p41"
34,5,2,66,4,60,5,"qg79k"
36,9,1,67,4,48,3,"l2668"
35,4,2,71,7,50,4,"xepti"
29,7,1,55,2,49,0,"frv3o"
23,9,1,53,0,43,7,"kf91h"
27,12,1,55,2,49,0,"frv3o"
30,5,2,78,4,52,0,"jgv4t"
27,8,2,71,0,51,5,"z9bag"
30,6,2,67,4,48,3,"l2668"
26,7,1,56,0,46,0,"dgyu0"
23,5,2,70,4,59,4,"b5r0i"
31,12,2,57,8,50,5,"o1uxi"
32,2,1,38,10,55,0,"eon8a"
27,5,1,60,0,56,0,"tavbl"
25,7,2,60,0,50,0,"kh3bv"
25,10,1,50,12,50,8,"c39yv"
43,3,2,73,0,41,0,"sipd3"
27,5,2,60,5,50,0,"pswsl"
24,7,2,57,0,50,0,"mtdwb"
23,5,1,75,0,54,0,"fk588"
25,9,2,60,9,50,5,"wq2on"
30,2,1,72,0,59,3,"rjyg1"
27,9,2,61,12,49,9,"plcok"
37,6,1,78,0,54,0,"dv82d"
20,10,2,60,0,49,0,"atah0"
18,10,2,52,10,42,8,"sd8po"
27,8,1,62,9,47,7,"bnlgn"
28,15,1,71,4,60,0,"ejntc"
18,10,2,38,9,38,8,"llyow"
34,10,1,65,15,53,7,"py6jv"
31,9,2,60,4,48,5,"ymr22"
18,7,2,65,0,45,6,"h2j5o"
37,5,2,65,6,53,3,"n3r0r"
43,0,2,70,5,64,0,"fcw6f"
30,12,1,65,4,58,2,"egh95"
18,4,2,55,0,41,0,"mpgi5"
22,10,1,60,15,44,10,"m0gn8"
28,5,1,60,4,53,2,"radyp"
18,8,2,53,0,41,0,"luzfc"
24,9,2,63,0,53,0,"qorhb"
22,5,2,54,0,43,4,"kl1lz"
24,9,1,56,7,51,0,"xa9td"
28,9,1,60,9,53,0,"xylar"
23,8,1,55,2,49,0,"frv3o"
27,6,2,55,0,49,0,"ozlic"
29,8,2,74,3,60,0,"t9uw0"
32,5,2,70,5,59,0,"di1vx"
22,5,2,62,0,49,0,"emmbp"
24,12,1,60,12,46,7,"r9s46"
29,2,1,65,0,56,0,"opcd8"
40,3,2,67,0,64,0,"beiu7"
28,7,1,56,0,46,0,"dgyu0"
20,5,1,72,0,52,0,"bqr76"
37,5,1,69,0,62,2,"h8wdm"
25,9,2,67,0,51,0,"uf8im"
23,3,1,55,2,45,3,"zu265"
26,9,1,70,4,59,4,"b5r0i"
30,10,1,74,0,58,0,"u16sc"
22,10,1,68,8,59,5,"k4q74"
22,8,1,68,6,50,4,"k2vuu"
24,7,2,60,5,51,4,"v1rwo"
26,7,2,58,0,48,0,"rzbyg"
32,10,1,59,5,58,4,"e6zkv"
26,12,2,60,10,50,5,"pxl48"
32,10,1,60,5,51,4,"v1rwo"
35,15,1,73,0,63,0,"hiakr"
19,10,2,42,0,39,5,"nx3d6"
29,5,2,52,6,44,0,"icv57"
27,9,2,75,3,67,0,"hwds7"
23,7,2,73,8,53,3,"qqjjr"
43,12,1,65,0,45,6,"h2j5o"
31,12,2,70,15,53,10,"qnn1q"
44,0,2,69,0,62,2,"h8wdm"
33,10,1,72,0,59,3,"rjyg1"
28,9,1,71,7,50,4,"xepti"
22,4,1,68,0,51,2,"ex7jh"
20,12,2,65,4,58,2,"egh95"
23,6,2,55,0,49,0,"ozlic"
20,12,1,55,9,39,5,"z55nn"
44,0,1,73,4,63,2,"lltyy"
18,9,2,48,6,42,0,"yrrup"
36,1,2,66,0,47,0,"m387c"
27,7,1,68,0,53,0,"eue0o"
25,8,2,67,5,57,5,"i5ntx"
27,10,1,52,0,45,0,"kupk4"
21,10,1,62,10,53,5,"ftmp4"
28,10,1,72,3,59,0,"jlum9"
28,6,2,72,7,59,4,"wpn3w"
25,5,2,58,0,46,0,"fb1td"
37,5,2,67,0,59,2,"ssgpw"
33,5,1,55,6,51,0,"mftd2"
20,12,2,65,5,54,4,"ldzib"
26,7,2,53,0,48,0,"ybugy"
22,12,1,65,6,58,5,"foc0g"
19,5,2,50,0,44,0,"kbphq"
26,12,1,70,0,54,2,"qu8q7"
26,9,1,69,2,52,0,"sxrg1"
22,10,2,58,6,53,3,"vlnao"
43,4,1,70,5,59,0,"x7k80"
35,0,2,69,0,58,0,"pzy3z"
30,6,2,66,0,50,0,"rwh2a"
18,9,1,65,7,50,4,"fo41d"
29,9,1,54,3,50,3,"njqtj"
22,5,2,60,9,46,1,"utxuz"
36,8,2,75,3,67,0,"hwds7"
24,0,1,66,0,50,0,"rwh2a"
30,8,2,67,5,57,5,"i5ntx"
21,5,1,60,5,48,5,"pj1eg"
28,8,1,53,0,48,0,"ybugy"
27,5,1,60,10,52,5,"ptjft"
20,12,2,54,8,48,4,"q1u3u"
34,9,1,67,5,57,5,"i5ntx"
22,5,2,58,0,41,0,"xjhjv"
28,9,1,60,5,53,3,"gm54u"
30,9,1,60,5,52,3,"fb5xd"
35,2,2,66,2,49,0,"vzazt"
20,0,1,52,0,46,0,"n70q9"
23,4,1,53,0,48,0,"ybugy"
30,8,1,63,8,54,5,"e0pbj"
18,0,1,50,0,49,0,"xhbyg"
24,8,1,69,0,52,0,"pizod"
42,6,2,67,5,57,5,"i5ntx"
32,7,1,70,5,55,0,"nukgk"
35,10,1,59,5,58,4,"e6zkv"
37,2,1,65,0,56,0,"opcd8"
45,16,1,80,8,64,0,"rfw2n"
35,0,1,65,0,59,0,"vcfxl"
24,9,2,58,0,49,0,"cf4bt"
25,9,1,60,0,54,0,"hra05"
21,9,2,60,0,51,0,"otf98"
20,0,1,66,0,47,0,"m387c"
22,5,1,50,4,44,0,"uhbwi"
27,10,1,60,16,50,4,"brhhr"
25,10,2,55,9,52,4,"e8lpb"
39,5,2,72,0,62,0,"is86h"
29,5,1,72,0,52,0,"bqr76"
40,0,2,66,0,47,0,"m387c"
35,4,1,65,6,64,0,"i1bqi"
35,15,1,68,3,57,0,"hsfhs"
20,6,1,48,0,42,0,"w830t"
22,9,2,46,9,47,8,"xjg7i"
28,9,2,54,5,48,0,"vgone"
27,3,2,60,0,51,0,"otf98"
38,5,2,70,0,63,0,"vw1re"
18,10,2,67,0,54,0,"hlkwd"
39,2,1,69,0,62,2,"h8wdm"
19,6,1,60,9,51,4,"at56q"
38,8,2,70,0,54,2,"qu8q7"
25,3,1,65,0,56,0,"opcd8"
29,5,1,70,0,63,0,"vw1re"
28,0,2,65,0,50,0,"ij4ij"
28,0,2,55,0,50,0,"aetxe"
35,2,2,70,0,52,0,"gri75"
20,10,2,68,8,59,5,"k4q74"
19,6,1,60,5,50,0,"pswsl"
36,5,1,66,4,60,5,"qg79k"
24,7,2,67,4,48,3,"l2668"
34,12,1,60,0,54,0,"hra05"
40,10,1,65,6,53,3,"n3r0r"
24,8,2,60,0,47,3,"zz3gb"
40,4,1,69,0,62,2,"h8wdm"
35,8,1,74,3,60,0,"t9uw0"
24,10,1,50,0,48,0,"guxsm"
18,9,1,45,7,46,0,"ipdik"
45,2,2,73,0,41,0,"sipd3"
23,9,2,62,0,48,0,"ra1lj"
33,10,1,64,2,57,0,"dfu4j"
25,9,2,50,9,44,4,"utyrm"
22,9,1,54,5,48,0,"vgone"
28,5,2,65,0,51,0,"ndvwv"
33,10,1,74,0,58,0,"u16sc"
21,12,1,60,16,50,4,"brhhr"
27,9,2,60,9,50,5,"wq2on"
29,9,2,65,8,52,4,"t54c3"
38,15,1,69,2,59,5,"td4g8"
21,12,1,65,15,49,9,"a16c0"
44,16,1,80,3,51,0,"xh5q7"
18,2,2,35,0,29,4,"wt6d4"
27,10,2,80,0,60,0,"wm10q"
45,0,1,80,0,60,0,"wm10q"
28,10,1,68,6,50,4,"k2vuu"
20,9,2,50,0,48,0,"guxsm"
43,0,1,75,3,67,0,"hwds7"
20,10,2,67,0,51,0,"uf8im"
33,6,1,72,0,62,0,"is86h"
49,3,1,72,3,59,0,"jlum9"
19,10,2,65,15,49,9,"a16c0"
27,9,2,52,4,45,4,"gtbir"
20,8,2,71,0,51,5,"z9bag"
22,5,2,59,0,51,0,"vi6j0"
23,7,2,56,0,42,2,"tmquq"
24,9,2,50,4,41,0,"bpvmq"
24,12,2,70,0,58,0,"cg20v"
32,9,2,56,0,46,0,"dgyu0"
32,10,1,72,3,59,0,"jlum9"
30,12,1,71,4,60,0,"ejntc"
20,10,1,55,10,48,7,"wvicz"
28,10,2,58,10,48,8,"okta0"
35,8,2,60,0,49,0,"ku6kb"
20,8,1,50,0,42,0,"bceju"
33,4,2,73,0,63,0,"hiakr"
18,12,1,58,10,48,8,"okta0"
34,3,2,60,9,50,5,"wq2on"
20,10,1,48,0,42,0,"nkgxt"
28,12,1,59,5,58,4,"e6zkv"
24,12,1,48,9,42,3,"b631y"
50,5,2,80,3,51,0,"xh5q7"
31,9,1,55,9,52,4,"e8lpb"
36,15,1,72,0,61,0,"fxd51"
31,4,2,75,0,60,0,"wbha5"
40,5,2,70,10,58,5,"cw8uh"
34,5,1,60,0,50,0,"sobak"
31,12,1,58,0,49,0,"cf4bt"
24,7,1,66,5,51,0,"h7ccp"
18,9,1,69,2,59,5,"td4g8"
30,8,1,75,8,55,2,"laslf"
24,3,1,48,0,41,0,"v32pv"
24,8,2,65,6,58,5,"foc0g"
20,10,1,45,8,34,4,"bev98"
43,10,1,69,0,58,0,"pzy3z"
18,9,2,48,5,38,5,"u5f17"
23,3,2,58,4,46,0,"nwbir"
32,9,1,72,12,60,5,"vwufk"
30,6,1,53,0,49,0,"wgapu"
20,2,2,54,0,39,0,"q7epx"
27,5,1,70,0,58,0,"cg20v"
25,0,2,68,0,53,0,"eue0o"
38,7,2,65,7,66,2,"tuj4r"
20,8,2,70,0,62,0,"wy6hl"
30,5,2,75,3,67,0,"hwds7"
20,9,1,40,5,38,3,"jt08s"
40,0,1,60,5,54,0,"h5qgs"
35,2,1,72,0,63,0,"db3n7"
27,10,2,80,8,64,0,"rfw2n"
27,8,2,70,0,50,0,"b4qwz"
30,0,1,68,0,53,0,"eue0o"
22,8,1,56,0,46,0,"dgyu0"
29,9,1,59,10,51,4,"pom90"
20,10,2,62,0,56,0,"qjcf2"
29,12,1,67,10,55,5,"s0hta"
22,12,2,55,10,48,7,"wvicz"
26,8,2,55,3,50,0,"di8ok"
32,4,1,75,0,63,0,"sjffo"
20,8,2,65,4,52,0,"xvlln"
42,16,1,72,0,61,0,"fxd51"
27,6,2,62,2,50,1,"rqfs2"
18,6,2,48,8,41,4,"aegdu"
27,9,2,66,4,60,5,"qg79k"
25,9,1,60,9,46,5,"fufo0"
33,8,1,72,5,53,0,"toybu"
41,5,2,64,2,57,0,"dfu4j"
29,15,1,68,3,57,0,"hsfhs"
29,7,2,67,0,47,4,"edmeb"
39,8,1,75,0,61,0,"a3m1d"
40,4,2,72,3,59,0,"jlum9"
37,6,1,70,5,64,0,"fcw6f"
20,9,1,60,6,39,6,"bo69p"
35,4,1,70,0,60,0,"ckg9d"
20,12,2,55,0,49,0,"ozlic"
27,12,1,56,9,49,5,"shmd3"
19,5,1,65,0,45,0,"u7kin"
26,10,1,50,9,40,10,"ujexk"
25,7,1,60,5,54,0,"h5qgs"
28,7,2,45,7,46,0,"ipdik"
36,10,1,80,3,51,0,"xh5q7"
40,5,1,75,0,50,0,"wjc4i"
22,12,1,52,12,39,10,"xvx8r"
23,7,2,57,0,42,0,"ra7ol"
35,3,2,55,0,49,0,"ty6xk"
21,8,2,66,0,50,0,"rwh2a"
24,6,1,68,0,51,2,"ex7jh"
29,5,1,52,5,47,2,"u52c8"
29,9,1,65,0,52,0,"uuy7d"
62,10,1,62,10,53,5,"ftmp4"
25,9,1,54,0,43,4,"kl1lz"
23,9,2,60,0,51,0,"o99sa"
23,12,2,52,5,47,0,"e4esb"
26,7,1,67,2,50,0,"rg8nq"
34,5,2,70,5,64,0,"fcw6f"
21,8,2,48,8,41,4,"aegdu"
23,9,1,70,5,55,0,"nukgk"
20,8,2,58,6,53,3,"vlnao"
29,10,1,60,0,49,0,"atah0"
32,9,2,75,8,55,2,"laslf"
35,2,1,60,5,54,0,"h5qgs"
20,10,1,70,0,54,2,"qu8q7"
18,8,2,50,0,43,0,"hhncl"
30,9,2,72,5,53,0,"toybu"
24,8,2,52,4,45,4,"gtbir"
28,9,1,70,0,54,0,"sm8mw"
18,9,1,46,5,37,3,"gxxho"
22,12,1,60,12,46,7,"r9s46"
35,10,1,63,4,54,0,"l42ru"
30,2,1,72,0,60,1,"u0pae"
20,7,1,70,5,54,0,"o5i5n"
30,9,2,60,9,46,1,"utxuz"
31,9,1,60,0,50,0,"sobak"
27,10,1,72,0,61,0,"fxd51"
30,5,2,70,4,59,4,"b5r0i"
19,12,1,45,10,42,8,"s4gc5"
28,9,2,60,0,49,0,"ku6kb"
40,5,1,75,8,61,5,"hz7ma"
24,7,2,71,0,51,5,"z9bag"
25,10,1,54,5,48,0,"vgone"
28,9,1,62,0,48,0,"ra1lj"
28,16,2,70,10,58,5,"cw8uh"
28,16,1,60,10,50,5,"pxl48"
19,7,2,71,7,50,4,"xepti"
25,6,2,60,5,52,3,"fb5xd"
30,5,2,72,7,59,4,"wpn3w"
41,0,1,70,5,59,0,"x7k80"
18,7,2,50,0,42,0,"w8lx0"
20,7,2,60,0,47,0,"qrwk6"
21,9,2,52,4,45,4,"gtbir"
29,8,2,60,5,51,4,"v1rwo"
36,0,1,65,0,57,0,"shpec"
26,8,2,65,0,52,0,"uuy7d"
40,5,2,66,4,60,5,"qg79k"
19,9,2,44,8,39,0,"ktosx"
28,12,1,60,0,51,0,"o99sa"
32,7,1,58,6,53,3,"vlnao"
28,3,1,60,0,52,0,"gfqpa"
29,5,1,69,2,59,5,"td4g8"
28,6,2,65,4,52,0,"xvlln"
45,0,1,72,0,63,0,"db3n7"
18,3,1,68,0,51,2,"ex7jh"
18,8,2,65,4,49,3,"e8343"
34,5,1,65,7,66,2,"tuj4r"
22,5,2,50,0,46,0,"yvgp9"
21,5,2,75,0,54,0,"fk588"
35,4,1,73,0,41,0,"sipd3"
30,4,1,60,0,51,0,"otf98"
23,8,1,60,0,49,0,"atah0"
27,5,2,58,6,53,3,"vlnao"
35,5,1,62,0,56,0,"qjcf2"
32,10,1,60,9,50,5,"wq2on"
33,0,2,65,0,59,0,"vcfxl"
33,15,1,65,15,55,5,"hb8tw"
24,6,1,26,5,50,3,"esrwi"
32,1,2,70,0,53,0,"b5cet"
24,2,2,72,0,52,0,"bqr76"
20,7,2,56,0,46,0,"dgyu0"
30,9,1,69,0,52,0,"pizod"
22,9,2,62,2,50,1,"rqfs2"
28,3,2,66,0,50,0,"rwh2a"
38,9,2,59,5,58,4,"e6zkv"
35,7,1,70,5,55,0,"nukgk"
44,0,2,70,0,52,0,"gri75"
26,9,1,58,10,48,8,"okta0"
25,1,2,52,0,46,0,"n70q9"
41,9,1,71,7,50,4,"xepti"
28,5,2,55,3,50,0,"di8ok"
19,8,1,68,9,54,8,"omeqj"
26,0,1,58,4,46,0,"nwbir"
23,8,2,50,0,44,0,"kbphq"
22,6,1,67,0,47,4,"edmeb"
39,5,1,73,0,61,0,"px6hf"
26,15,1,57,0,62,2,"wdiri"
30,8,2,71,7,50,4,"xepti"
23,10,1,52,8,46,5,"p4vcb"
40,0,2,68,0,51,2,"ex7jh"
23,9,2,65,7,66,2,"tuj4r"
20,8,1,67,5,57,5,"i5ntx"
35,8,2,70,10,58,5,"cw8uh"
19,8,1,45,0,40,0,"llt5c"
20,9,1,54,3,47,0,"o7u9f"
25,10,2,68,8,59,5,"k4q74"
27,5,2,54,8,48,4,"q1u3u"
21,10,1,55,6,51,0,"mftd2"
21,6,1,55,9,43,0,"ue7ff"
26,2,2,65,0,46,0,"guiep"
27,9,1,69,0,58,0,"pzy3z"
22,9,2,59,5,58,4,"e6zkv"
22,9,1,70,5,54,0,"o5i5n"
28,9,1,70,10,52,0,"ll454"
30,9,2,64,9,48,5,"tx9i8"
35,1,2,70,0,55,0,"vll55"
21,6,1,48,6,42,0,"yrrup"
37,0,1,70,0,52,0,"gri75"
25,12,1,66,4,53,0,"l4wgh"
36,5,1,72,0,62,0,"is86h"
27,10,2,72,0,61,2,"mv284"
31,5,1,65,7,66,2,"tuj4r"
18,3,1,58,0,41,0,"xjhjv"
18,10,2,60,0,47,0,"qrwk6"
18,4,2,62,0,49,0,"emmbp"
23,9,1,65,7,52,2,"d1q55"
18,10,1,50,6,42,4,"uv7n4"
36,5,2,73,4,63,2,"lltyy"
23,15,1,61,12,49,9,"plcok"
29,10,1,65,7,52,2,"d1q55"
31,5,1,54,0,52,0,"qwg5j"
26,9,1,59,5,58,4,"e6zkv"
30,12,1,69,0,51,0,"d0gcm"
28,9,2,69,0,51,0,"d0gcm"
22,5,1,50,0,42,0,"w8lx0"
25,8,1,70,0,50,0,"b4qwz"
37,2,1,68,0,51,2,"ex7jh"
23,9,1,60,5,48,5,"pj1eg"
19,9,2,52,0,45,0,"kupk4"
25,9,1,66,5,56,0,"i9p41"
18,12,1,56,7,51,0,"xa9td"
24,6,2,48,0,43,2,"gi7vk"
19,12,1,52,5,47,2,"u52c8"
34,7,1,70,0,53,0,"b5cet"
18,9,1,52,0,46,0,"n70q9"
31,9,1,73,5,58,2,"uu0gi"
34,5,1,75,3,67,0,"hwds7"
39,10,1,70,5,59,0,"di1vx"
24,9,2,55,4,43,5,"az3sv"
22,7,1,60,5,54,0,"h5qgs"
45,5,1,73,0,61,0,"px6hf"
29,12,1,66,5,56,0,"i9p41"
40,7,2,62,0,56,0,"qjcf2"
40,8,1,80,0,60,0,"wm10q"
27,10,2,66,4,53,0,"l4wgh"
40,0,2,72,0,63,0,"db3n7"
36,9,1,70,0,50,0,"b4qwz"
22,5,1,50,4,44,0,"uhbwi"
28,10,1,65,7,66,2,"tuj4r"
35,4,1,70,12,60,2,"c4wte"
25,7,1,60,5,50,0,"pswsl"
22,7,1,55,0,48,0,"fy61p"
30,6,2,73,0,63,0,"hiakr"
27,5,2,50,0,47,0,"zkjsg"
22,10,2,50,5,44,0,"txjpn"
43,2,2,67,0,64,0,"beiu7"
28,8,1,63,4,54,0,"l42ru"
40,0,1,75,3,67,0,"hwds7"
36,8,2,71,4,60,0,"ejntc"
33,12,2,75,9,60,4,"ufx8a"
35,4,1,67,0,59,2,"ssgpw"
26,10,2,60,9,53,0,"xylar"
20,7,2,66,5,51,0,"h7ccp"
38,9,2,72,12,60,5,"vwufk"
36,9,2,75,9,60,4,"ufx8a"
38,8,2,74,3,60,0,"t9uw0"
25,9,1,53,8,46,0,"hlonx"
38,7,2,72,7,59,4,"wpn3w"
19,10,2,65,12,52,10,"pxljf"
37,10,2,57,0,62,2,"wdiri"
30,5,1,67,0,59,2,"ssgpw"
30,9,1,56,0,46,0,"dgyu0"
27,8,1,60,5,51,4,"v1rwo"
23,6,2,50,0,49,0,"xhbyg"
26,4,2,65,6,64,0,"i1bqi"
29,9,1,60,0,54,0,"hra05"
32,10,2,60,0,49,0,"atah0"
20,5,1,54,0,52,0,"qwg5j"
25,9,2,63,5,51,5,"de6wv"
47,15,1,80,3,51,0,"xh5q7"
18,9,2,50,0,43,5,"s5hga"
34,6,2,67,4,48,3,"l2668"
27,3,2,72,0,52,0,"bqr76"
30,5,1,54,5,51,0,"t33k1"
21,7,2,72,0,61,2,"mv284"
29,10,2,62,13,48,9,"s09h4"
23,8,1,54,5,51,0,"t33k1"
30,5,2,70,0,53,0,"b5cet"
42,0,2,69,0,62,2,"h8wdm"
19,10,1,50,15,38,10,"tme19"
28,9,2,75,0,63,0,"sjffo"
29,5,1,57,8,50,5,"o1uxi"
28,12,2,62,10,53,5,"ftmp4"
30,10,2,65,5,54,4,"ldzib"
25,9,2,74,0,58,0,"u16sc"
21,10,2,50,4,41,0,"bpvmq"
39,15,1,80,3,51,0,"xh5q7"
23,9,2,58,4,52,5,"uv7wr"
33,7,1,74,3,60,0,"t9uw0"
26,10,1,62,13,48,9,"s09h4"
22,9,2,66,4,60,5,"qg79k"
36,10,2,66,5,56,0,"i9p41"
25,6,1,48,0,42,0,"w830t"
36,2,2,64,5,54,0,"mv2wp"
43,4,2,65,6,58,5,"foc0g"
22,7,2,60,0,47,0,"qrwk6"
25,3,1,60,0,52,0,"gfqpa"
23,10,2,55,10,43,8,"sudha"
41,0,2,72,0,62,0,"is86h"
18,9,1,60,5,53,3,"gm54u"
35,10,2,68,8,59,5,"k4q74"
23,0,2,66,0,47,0,"m387c"
22,10,2,60,10,44,7,"vo6f4"
22,8,1,69,2,52,0,"sxrg1"
30,0,2,70,12,60,2,"c4wte"
34,12,1,60,4,48,5,"ymr22"
22,0,2,65,0,47,0,"t91ol"
22,5,2,55,3,50,0,"di8ok"
32,9,1,75,0,60,0,"wbha5"
42,2,1,60,5,54,0,"h5qgs"
39,9,1,63,8,54,5,"e0pbj"
24,5,1,54,0,47,4,"rd255"
20,5,2,50,0,43,2,"w6ni1"
21,12,1,50,15,38,10,"tme19"
35,7,1,67,0,54,0,"hlkwd"
22,12,2,60,9,53,0,"xylar"
40,16,1,65,15,55,5,"hb8tw"
20,10,1,75,8,61,5,"hz7ma"
22,8,2,65,4,58,2,"egh95"
25,10,1,65,4,58,2,"egh95"
22,10,2,50,4,44,0,"yhwui"
20,0,1,57,0,56,0,"dmh87"
18,8,1,52,5,43,0,"uwyiw"
25,8,2,55,0,48,0,"fy61p"
26,6,2,58,0,50,0,"l4h99"
26,9,1,52,9,47,9,"i5rt8"
21,6,1,53,0,41,0,"luzfc"
18,10,2,69,0,51,0,"d0gcm"
25,6,1,65,4,52,0,"xvlln"
39,5,2,75,8,55,2,"laslf"
21,7,2,60,9,51,4,"at56q"
28,7,1,70,0,53,0,"b5cet"
28,5,1,55,0,50,0,"ovd81"
23,6,2,53,0,41,0,"luzfc"
24,6,1,55,6,51,0,"mftd2"
30,10,1,60,6,52,0,"mdmfb"
24,9,2,60,9,51,5,"i73z8"
34,6,1,75,8,61,5,"hz7ma"
33,5,2,65,5,55,5,"itww2"
20,9,1,50,6,42,4,"uv7n4"
24,6,2,60,9,46,1,"utxuz"
32,9,1,60,5,54,0,"h5qgs"
28,12,2,65,8,52,4,"t54c3"
28,4,1,78,4,52,0,"jgv4t"
35,12,1,60,5,51,4,"v1rwo"
33,0,1,65,0,57,0,"shpec"
21,12,1,63,0,53,0,"qorhb"
27,6,1,50,0,49,0,"xhbyg"
32,10,1,69,2,59,5,"td4g8"
34,15,2,70,15,53,10,"qnn1q"
21,12,2,53,8,46,0,"hlonx"
32,9,1,68,9,54,8,"omeqj"
27,9,2,50,4,44,0,"uhbwi"
26,10,2,58,4,52,5,"uv7wr"
33,16,1,70,10,52,0,"ll454"
27,10,2,66,5,56,0,"i9p41"
20,7,1,60,0,47,0,"gyh4a"
24,7,2,65,0,46,0,"guiep"
30,6,1,60,0,49,0,"ku6kb"
38,1,1,70,0,60,0,"ckg9d"
18,9,2,54,8,48,5,"fygf0"
22,8,1,65,6,64,0,"i1bqi"
35,1,2,70,0,54,0,"sm8mw"
19,5,1,50,0,45,0,"vrzut"
22,6,2,72,7,59,4,"wpn3w"
35,5,1,58,6,53,3,"vlnao"
23,9,1,55,5,47,3,"srjv4"
39,12,1,70,10,62,5,"zxvfs"
26,5,2,68,0,51,2,"ex7jh"
34,4,2,60,6,56,2,"qrq1n"
30,12,2,55,9,48,5,"e004w"
31,6,2,73,8,53,3,"qqjjr"
40,16,1,65,6,58,5,"foc0g"
40,12,1,75,9,60,4,"ufx8a"
35,10,1,69,2,59,5,"td4g8"
29,9,1,58,6,53,3,"vlnao"
35,0,2,58,0,46,0,"fb1td"
21,12,1,55,12,49,9,"bwxb5"
18,0,1,62,0,51,0,"d61hd"
20,12,2,60,10,50,5,"pxl48"
20,10,2,45,5,44,0,"yf94w"
25,8,1,60,0,47,0,"gyh4a"
32,5,2,60,4,48,5,"ymr22"
36,0,2,65,0,55,0,"sl1bt"
21,5,1,60,0,56,0,"tavbl"
20,9,1,58,0,48,0,"rzbyg"
30,10,1,70,0,58,0,"cg20v"
26,5,2,65,0,51,0,"ndvwv"
26,7,2,60,9,46,1,"utxuz"
20,9,2,55,5,45,6,"bx95o"
32,10,2,57,8,50,5,"o1uxi"
21,5,2,60,9,51,5,"i73z8"
29,8,2,53,0,46,2,"c4k90"
21,7,2,53,0,46,2,"c4k90"
34,5,2,72,7,59,4,"wpn3w"
40,5,1,65,0,45,6,"h2j5o"
24,12,1,60,5,53,3,"gm54u"
38,6,2,70,10,58,5,"cw8uh"
28,4,2,67,0,54,0,"hlkwd"
25,9,2,60,5,48,5,"pj1eg"
30,10,2,66,4,60,5,"qg79k"
38,10,1,38,9,65,0,"ceq1x"
38,0,2,60,0,54,0,"hra05"
18,9,2,70,5,55,0,"nukgk"
26,9,2,73,0,41,0,"sipd3"
19,5,2,78,4,52,0,"jgv4t"
32,5,2,67,0,59,2,"ssgpw"
28,9,1,50,0,43,5,"s5hga"
22,12,1,52,12,35,10,"y2lto"
18,3,1,47,0,39,0,"pchke"
18,9,2,35,6,52,3,"drdex"
23,10,1,52,10,42,8,"sd8po"
23,9,1,70,0,54,2,"qu8q7"
25,9,1,61,12,49,9,"plcok"
28,0,1,65,0,46,0,"guiep"
22,8,2,64,9,48,5,"tx9i8"
20,9,1,70,4,59,4,"b5r0i"
35,10,2,67,10,55,5,"s0hta"
27,8,2,60,9,51,5,"i73z8"
20,8,2,65,0,52,0,"uuy7d"
20,9,2,55,10,40,4,"qz0ou"
45,9,1,65,0,45,6,"h2j5o"
31,5,2,72,0,61,2,"mv284"
38,9,2,71,4,60,0,"ejntc"
29,10,2,52,5,47,0,"e4esb"
33,4,2,70,0,50,0,"b4qwz"
22,12,1,50,9,44,4,"utyrm"
30,2,1,70,0,62,0,"wy6hl"
26,12,1,65,15,49,9,"a16c0"
28,7,1,60,0,56,0,"tavbl"
45,5,1,70,5,59,0,"x7k80"
20,0,1,65,0,59,0,"vcfxl"
24,9,1,58,6,53,3,"vlnao"
38,2,1,38,10,55,0,"eon8a"
23,12,2,50,16,48,10,"doeum"
26,9,2,67,10,55,5,"s0hta"
35,12,1,70,10,62,5,"zxvfs"
22,4,2,55,4,43,5,"az3sv"
19,6,1,50,5,44,4,"lz1mw"
20,12,1,52,8,46,5,"p4vcb"
35,5,2,75,0,60,0,"wbha5"
21,7,2,52,2,44,3,"uy45y"
18,7,2,55,4,43,5,"az3sv"
31,0,1,65,0,50,0,"ij4ij"
19,7,1,57,0,42,0,"ra7ol"
32,12,1,67,4,48,3,"l2668"
36,5,1,60,6,56,2,"qrq1n"
23,8,2,67,2,50,0,"rg8nq"
36,5,1,72,3,59,0,"jlum9"
23,7,1,55,5,42,5,"i2p9s"
27,7,2,60,0,47,3,"zz3gb"
29,9,1,62,9,47,7,"bnlgn"
18,10,2,49,6,42,6,"s7pfq"
18,9,2,50,0,37,0,"noe29"
20,5,1,59,0,51,0,"vi6j0"
19,12,2,58,10,48,8,"okta0"
30,12,1,70,0,54,0,"sm8mw"
23,9,1,55,5,45,6,"bx95o"
27,12,2,72,0,62,0,"is86h"
38,9,2,67,10,55,5,"s0hta"
33,10,2,67,10,55,5,"s0hta"
40,0,2,70,5,59,0,"x7k80"
25,0,2,62,0,51,0,"d61hd"
20,9,1,54,3,50,3,"njqtj"
34,6,1,75,0,63,0,"sjffo"
35,0,1,75,0,50,0,"wjc4i"
22,8,1,65,7,50,4,"fo41d"
25,9,2,59,10,51,4,"pom90"
30,8,2,71,0,51,5,"z9bag"
37,9,2,73,5,58,2,"uu0gi"
26,0,1,66,0,47,0,"m387c"
22,9,1,50,0,42,0,"bceju"
40,10,1,57,0,62,2,"wdiri"
27,7,2,70,5,54,0,"o5i5n"
28,8,1,72,12,60,5,"vwufk"
19,5,1,60,0,52,0,"gfqpa"
22,7,2,54,0,34,0,"inxxf"
38,16,1,68,8,59,5,"k4q74"
40,9,1,74,3,60,0,"t9uw0"
22,8,1,67,0,51,0,"uf8im"
33,9,2,60,5,53,3,"gm54u"
32,12,1,58,4,52,5,"uv7wr"
28,12,2,58,4,52,5,"uv7wr"
40,9,2,67,5,57,5,"i5ntx"
18,8,2,55,9,43,0,"ue7ff"
42,10,1,75,8,61,5,"hz7ma"
19,7,1,50,0,45,5,"wouhx"
27,6,1,65,0,55,0,"sl1bt"
40,5,2,70,0,58,0,"cg20v"
19,10,2,53,0,43,7,"kf91h"
45,0,2,65,0,57,0,"shpec"
25,5,1,60,4,53,2,"radyp"
39,0,2,65,0,56,0,"opcd8"
27,5,1,53,0,49,0,"wgapu"
42,10,2,70,10,62,5,"zxvfs"
30,5,2,63,4,54,0,"l42ru"
38,5,1,70,5,59,0,"x7k80"
37,10,2,65,15,53,7,"py6jv"
28,0,1,57,0,56,0,"dmh87"
40,5,1,70,0,54,0,"sm8mw"
32,8,2,62,2,50,1,"rqfs2"
21,5,1,52,0,41,3,"pg6o3"
26,8,2,60,0,56,0,"tavbl"
20,10,2,52,9,47,9,"i5rt8"
30,5,2,65,6,53,3,"n3r0r"
23,0,2,55,0,41,0,"wq11q"
30,8,2,60,0,56,0,"tavbl"
19,10,2,48,6,37,8,"ehpul"
20,9,2,55,5,42,5,"i2p9s"
24,7,2,70,0,63,0,"vw1re"
18,8,1,58,0,48,0,"rzbyg"
20,10,2,60,0,50,0,"kh3bv"
30,7,2,75,0,50,0,"wjc4i"
21,6,1,50,5,44,4,"lz1mw"
29,10,1,63,5,51,5,"de6wv"
35,7,2,67,0,51,0,"uf8im"
35,5,2,65,5,55,5,"itww2"
18,9,1,68,9,54,8,"omeqj"
26,3,1,75,0,53,0,"mcntt"
25,7,1,64,2,57,0,"dfu4j"
25,9,1,60,0,51,0,"o99sa"
28,12,1,75,8,55,2,"laslf"
22,7,1,62,0,48,0,"ra1lj"
25,8,2,52,2,44,3,"uy45y"
25,9,1,55,10,43,8,"sudha"
22,9,2,70,5,47,0,"vj2ik"
33,10,1,63,4,54,0,"l42ru"
20,9,1,46,0,42,5,"v79az"
35,0,2,72,0,61,2,"mv284"
21,5,1,62,0,46,0,"yijw5"
19,4,1,52,6,44,0,"icv57"
32,9,1,52,9,47,9,"i5rt8"
19,10,1,52,3,39,3,"hg4ic"
30,6,1,60,6,56,2,"qrq1n"
30,5,1,55,0,49,0,"ty6xk"
24,6,1,52,5,43,0,"uwyiw"
29,0,1,65,0,59,0,"vcfxl"
38,9,1,60,6,56,2,"qrq1n"
28,5,1,55,0,48,0,"fy61p"
40,5,2,72,7,59,4,"wpn3w"
23,5,1,62,0,46,0,"yijw5"
22,12,1,50,0,45,0,"vrzut"
22,6,1,60,5,52,3,"fb5xd"
35,6,1,74,0,58,0,"u16sc"
24,12,1,65,5,54,4,"ldzib"
25,8,1,60,9,51,4,"at56q"
40,10,1,72,12,60,5,"vwufk"
35,12,1,65,6,53,3,"n3r0r"
18,8,1,75,0,54,0,"fk588"
18,5,1,60,0,49,0,"atah0"
33,0,1,60,0,51,0,"otf98"
37,10,1,63,4,54,0,"l42ru"
25,2,1,70,12,60,2,"c4wte"
33,5,1,72,0,61,2,"mv284"
21,8,1,48,0,43,2,"gi7vk"
30,8,1,74,3,60,0,"t9uw0"
45,0,1,75,3,67,0,"hwds7"
33,9,1,63,8,54,5,"e0pbj"
23,4,2,60,0,50,0,"sobak"
35,8,2,75,0,61,0,"a3m1d"
27,8,2,60,6,56,2,"qrq1n"
30,0,1,70,0,52,0,"gri75"
22,9,2,65,4,49,3,"e8343"
24,12,1,59,8,47,5,"hl6w4"
30,8,1,60,9,50,5,"wq2on"
18,10,2,40,5,38,3,"jt08s"
27,10,1,60,6,52,0,"mdmfb"
29,5,1,56,7,51,0,"xa9td"
39,6,1,75,0,54,0,"fk588"
29,8,1,60,0,50,0,"kh3bv"
31,9,1,66,4,53,0,"l4wgh"
20,6,2,55,2,45,3,"zu265"
33,10,1,60,0,49,0,"ku6kb"
19,5,1,60,10,52,5,"ptjft"
25,4,2,70,0,62,0,"wy6hl"
38,0,2,65,0,57,0,"shpec"
20,8,2,54,0,34,0,"inxxf"
43,4,1,72,0,60,1,"u0pae"
48,0,2,73,0,61,0,"px6hf"
21,8,2,65,4,58,2,"egh95"
19,15,1,45,9,35,8,"a1nx8"
21,8,2,71,7,50,4,"xepti"
20,5,1,65,0,40,0,"h0j6m"
27,6,2,75,0,53,0,"mcntt"
33,1,2,65,0,55,0,"sl1bt"
20,9,1,46,10,40,9,"entgr"
23,5,1,72,3,59,0,"jlum9"
30,5,2,58,0,50,0,"l4h99"
32,2,2,58,0,46,0,"fb1td"
19,10,2,50,5,44,0,"txjpn"
34,12,1,65,8,52,4,"t54c3"
23,15,1,60,16,50,4,"brhhr"
21,10,2,65,8,52,4,"t54c3"
23,0,1,65,0,59,0,"vcfxl"
32,0,2,75,0,54,0,"fk588"
27,8,2,64,9,48,5,"tx9i8"
30,2,2,65,0,55,0,"sl1bt"
28,4,2,64,5,54,0,"mv2wp"
32,10,1,60,0,54,0,"hra05"
21,9,2,52,0,41,0,"b0uhl"
28,10,1,60,5,52,3,"fb5xd"
28,9,1,55,9,48,5,"e004w"
24,4,1,62,9,47,7,"bnlgn"
39,0,1,65,0,64,0,"moyjz"
