"RESPONDENT.ID","child.year.birth","father.year.birth","mother.year.birth","son.RS","daughter.RS","parents.RS"
110,1975,1945,1954,1,NA,5
365,1972,1947,1952,NA,3,4
348,1980,1951,1958,NA,NA,4
87,1972,1937,1947,1,NA,2
315,1990,1944,1953,NA,NA,5
343,1990,1946,1953,NA,NA,6
357,1982,1952,1959,NA,2,4
75,1954,1927,1938,4,NA,5
173,1977,1946,1949,NA,NA,2
173,1976,1946,1949,NA,NA,2
112,1972,1942,1946,NA,NA,1
56,1961,1936,1941,2,NA,2
28,1976,1948,1954,NA,NA,2
123,1959,1925,1938,1,NA,4
195,1980,1941,1956,NA,NA,6
367,1957,1932,1934,2,NA,7
360,1972,1937,1947,2,NA,4
167,1964,1924,1934,NA,1,5
367,1972,1932,1934,1,NA,7
115,1976,1934,1950,NA,NA,4
225,1970,1948,1954,NA,2,2
88,1980,1934,1942,NA,NA,4
126,1973,1932,1934,NA,1,5
212,1977,1950,1957,1,NA,3
190,1971,1935,1946,1,NA,3
65,1959,1934,1945,NA,1,7
289,1973,NA,1942,NA,1,5
18,1972,1940,1941,NA,NA,2
257,1959,1929,1939,1,NA,3
8,1967,1930,1935,1,NA,5
260,1970,1947,1952,NA,3,2
256,1969,1934,1938,NA,1,3
37,1980,1932,1944,NA,NA,8
386,1972,1940,1948,NA,NA,6
202,1972,1950,1958,NA,2,2
40,1972,1953,1957,NA,2,3
359,1967,1926,1937,4,NA,4
174,1965,1920,1927,1,NA,3
118,1966,1928,1942,NA,2,3
310,1982,NA,1962,NA,1,3
5,1975,1942,1946,NA,NA,2
334,1982,1952,1957,NA,NA,4
301,1975,1934,1953,NA,NA,4
137,1978,1953,1958,1,NA,2
181,1966,1933,1945,NA,1,4
253,1981,1958,1960,NA,NA,2
26,1957,1922,1925,NA,2,5
350,1978,NA,1957,NA,NA,4
32,1972,1930,1935,NA,NA,3
395,1977,1944,1953,NA,NA,3
36,1966,1928,1938,1,NA,1
286,1981,1951,1957,NA,NA,4
154,1980,1949,1953,NA,NA,4
306,1989,1952,1959,NA,NA,5
79,1954,1931,1936,2,NA,5
66,1957,1920,1927,2,NA,7
339,1974,1937,1952,NA,NA,4
268,1980,1960,1965,NA,NA,3
297,1977,1957,1962,NA,NA,5
63,1969,1944,1950,2,NA,5
38,1977,1944,1940,NA,NA,3
183,1973,1946,1950,NA,3,4
155,1980,1942,1950,NA,NA,3
82,1985,1956,1958,NA,NA,7
232,1977,1950,1956,3,NA,4
255,1972,1945,1949,NA,2,3
376,1983,1952,1962,NA,NA,5
343,1977,1946,1953,NA,NA,6
203,1979,1951,1957,NA,NA,2
223,1977,1945,1952,NA,NA,4
315,1978,1944,1953,NA,NA,5
145,1973,1950,1958,NA,2,3
386,1970,1940,1948,NA,NA,6
216,1972,1943,1950,1,NA,2
57,1971,1941,1951,NA,1,3
151,1979,1950,1955,NA,NA,3
213,1972,1940,1946,NA,1,2
231,1982,1952,1958,NA,NA,3
141,1969,1939,1942,2,NA,3
105,1973,1940,1952,1,NA,1
371,1974,1944,1949,NA,3,5
241,1978,1952,1955,NA,NA,4
84,1982,1939,1950,NA,NA,3
357,1985,1952,1959,NA,1,4
321,1976,1940,NA,NA,NA,4
12,1957,1924,1930,1,NA,5
338,1973,1942,1956,NA,NA,4
150,1978,1950,1956,NA,NA,1
98,1941,1910,1920,NA,6,2
342,1976,1946,1962,NA,NA,4
97,1986,1956,1962,NA,NA,4
27,1975,1946,1955,NA,2,7
321,1975,1940,NA,NA,1,4
180,1967,1938,1944,NA,2,3
119,1978,1944,1954,NA,NA,6
263,1970,1947,1952,NA,3,3
82,1980,1956,1958,NA,NA,7
222,1965,1943,1948,2,NA,3
189,1953,1931,1932,NA,3,6
29,1962,1932,1947,3,NA,10
95,1985,1954,1969,NA,1,3
60,1975,1940,1949,NA,2,5
283,1977,1950,1954,NA,NA,2
344,1983,1937,1952,NA,3,4
314,1969,1932,1942,1,NA,8
68,1962,1933,1947,1,NA,3
249,1971,1930,1940,NA,NA,2
153,1971,1948,1954,NA,2,4
102,1970,1942,1950,NA,NA,3
153,1973,1948,1954,NA,1,4
177,1977,1947,1949,NA,NA,3
52,1961,1933,1939,NA,2,3
59,1981,1931,1941,NA,NA,7
12,1955,1924,1930,2,NA,5
382,1974,1938,1947,NA,NA,7
116,1976,1942,1952,NA,1,2
82,1975,1956,1958,NA,2,7
396,1951,1911,1932,1,NA,3
294,1975,1947,1957,NA,3,7
334,1976,1952,1957,NA,2,4
182,1981,1961,1965,NA,NA,1
180,1964,1938,1944,2,NA,3
113,1972,1940,1947,NA,NA,5
124,1975,1951,1954,NA,2,3
271,1975,1942,1947,NA,2,3
123,1968,1925,1938,NA,1,4
62,1973,1940,1947,NA,1,7
101,1962,1932,1940,1,NA,2
235,1960,1929,1939,1,NA,1
333,1978,1946,1952,NA,NA,4
309,1979,1948,1961,NA,1,4
142,1969,1942,1952,NA,1,5
37,1973,1932,1944,NA,NA,8
374,1970,1938,1944,2,NA,5
136,1963,1932,1945,2,NA,5
234,1958,1932,1942,2,NA,2
92,1974,1944,1949,NA,NA,4
251,1965,1935,1940,1,NA,3
226,1972,1939,1942,1,NA,3
160,1972,1939,1948,NA,NA,4
100,1970,1940,1950,NA,1,3
296,1969,1942,1952,NA,3,9
96,1961,1934,1940,2,NA,3
232,1981,1950,1956,NA,NA,4
43,1971,1942,1956,NA,NA,5
288,1974,1936,1944,NA,NA,4
353,1977,1942,1945,2,NA,5
341,1974,1940,1950,NA,2,2
100,1972,1940,1950,NA,NA,3
284,1974,1946,1953,1,NA,6
299,1983,1961,1964,NA,NA,3
386,1973,1940,1948,NA,2,6
308,1980,NA,1954,NA,2,3
310,1975,NA,1962,NA,NA,3
103,1983,1951,1960,NA,NA,3
364,1972,1933,1944,NA,3,5
290,1987,1949,1954,NA,NA,4
27,1977,1946,1955,2,NA,7
175,1979,1946,1950,NA,NA,2
61,1964,1933,1947,1,NA,3
314,1980,1932,1942,NA,2,8
86,1973,1946,1949,NA,2,3
321,1972,1940,NA,2,NA,4
92,1973,1944,1949,NA,NA,4
67,1976,1942,1952,NA,NA,3
127,1973,1942,1947,NA,NA,6
275,1975,1943,1949,NA,NA,1
274,1967,1940,1947,NA,1,2
343,1979,1946,1953,NA,NA,6
347,1982,NA,1962,NA,NA,4
14,1958,1931,1932,1,NA,6
331,1982,1954,1964,NA,NA,3
331,1984,1954,1964,NA,NA,3
318,1979,1942,1954,NA,NA,5
398,1945,NA,NA,2,NA,6
6,1964,1933,1945,NA,1,4
251,1960,1935,1940,NA,2,3
51,1974,1942,1948,NA,NA,5
302,1981,1960,1967,NA,NA,5
23,1962,1932,1942,NA,3,3
89,1970,1942,1945,1,NA,2
30,1977,1944,1954,NA,NA,2
178,1975,1937,1939,NA,NA,8
288,1978,1936,1944,NA,NA,4
314,1964,1932,1942,3,NA,8
142,1967,1942,1952,NA,2,5
104,1977,1947,1957,NA,NA,5
35,1964,1923,1928,NA,1,2
66,1947,1920,1927,3,NA,7
285,1984,1952,1962,NA,NA,4
346,1986,1955,1962,NA,NA,3
55,1977,1946,1956,1,NA,3
333,1977,1946,1952,NA,NA,4
169,1960,1930,1935,1,NA,3
12,1960,1924,1930,NA,1,5
315,1981,1944,1953,NA,NA,5
369,1973,1934,1942,NA,NA,4
162,1970,1947,1952,2,NA,4
351,1985,1951,1955,NA,NA,3
289,1970,NA,1942,NA,NA,5
297,1980,1957,1962,NA,NA,5
132,1972,1939,1948,NA,NA,5
244,1975,1933,1941,NA,1,2
325,1975,1947,1954,NA,NA,4
297,1981,1957,1962,NA,NA,5
293,1971,NA,1947,NA,2,4
83,1974,1948,1951,NA,2,2
385,1972,1938,1952,1,NA,4
164,1972,1950,1956,NA,NA,2
370,1964,1937,1944,NA,4,4
80,1971,1943,1949,NA,NA,3
122,1973,1942,1951,NA,NA,3
113,1976,1940,1947,NA,NA,5
106,1961,1930,1945,NA,NA,4
359,1962,1926,1937,3,NA,4
67,1982,1942,1952,NA,NA,3
207,1981,NA,1956,NA,NA,2
119,1980,1944,1954,NA,NA,6
315,1984,1944,1953,NA,NA,5
113,1974,1940,1947,NA,NA,5
257,1966,1929,1939,NA,1,3
151,1972,1950,1955,1,NA,3
236,1968,1934,1940,NA,NA,2
178,1971,1937,1939,NA,1,8
81,1974,1940,1950,NA,NA,2
90,1965,1935,1943,1,NA,2
111,1974,1929,1941,NA,NA,3
361,1982,1932,1947,NA,NA,4
53,1975,1949,1954,NA,NA,2
384,1960,1930,1935,NA,4,4
79,1952,1931,1936,3,NA,5
376,1976,1952,1962,2,NA,5
307,1978,NA,1954,NA,NA,3
350,1981,NA,1957,NA,NA,4
206,1976,1949,1956,1,NA,2
34,1975,1925,1930,2,NA,4
148,1973,1935,1942,NA,NA,3
350,1987,NA,1957,NA,NA,4
386,1985,1940,1948,NA,NA,6
15,1976,1936,1947,NA,2,2
353,1967,1942,1945,2,NA,5
221,1975,1945,1950,NA,NA,5
161,1983,1960,1965,NA,NA,3
265,1972,1950,1955,1,NA,1
191,1967,1935,1946,NA,NA,3
328,1964,1939,1947,1,NA,6
383,1980,1945,1951,NA,NA,7
347,1986,NA,1962,NA,NA,4
115,1970,1934,1950,1,NA,4
60,1973,1940,1949,NA,3,5
258,1973,1950,1952,NA,NA,2
51,1980,1942,1948,NA,NA,5
159,1963,1941,1950,NA,1,4
114,1983,1942,1950,NA,NA,3
129,1976,1946,1957,NA,NA,3
117,1962,1927,1942,2,NA,3
378,1972,1938,1950,NA,NA,4
48,1968,1937,1942,NA,NA,3
166,1977,1948,1952,NA,NA,3
127,1975,1942,1947,NA,NA,6
219,1970,1936,1948,1,NA,3
187,1951,1924,1930,NA,2,5
284,1969,1946,1953,2,NA,6
134,1976,1946,1948,NA,NA,2
133,1961,1938,1940,NA,2,4
343,1982,1946,1953,NA,NA,6
151,1976,1950,1955,NA,NA,3
389,1971,1935,1948,NA,NA,3
277,1967,1937,1944,NA,NA,3
371,1979,1944,1949,NA,NA,5
220,1971,1945,1949,1,NA,2
98,1950,1910,1920,NA,2,2
239,1977,1955,1957,NA,NA,2
212,1984,1950,1957,NA,NA,3
371,1983,1944,1949,NA,1,5
186,1980,1956,1960,NA,NA,2
170,1973,1946,1951,NA,NA,3
50,1975,1949,1956,NA,NA,2
189,1951,1931,1932,2,NA,6
360,1975,1937,1947,2,NA,4
267,1962,1935,1939,2,NA,3
28,1981,1948,1954,NA,NA,2
332,1980,1942,1950,NA,NA,5
289,1964,NA,1942,NA,2,5
147,1974,1947,1950,NA,NA,2
278,1980,1957,1960,NA,NA,1
260,1972,1947,1952,NA,NA,2
223,1979,1945,1952,NA,NA,4
129,1975,1946,1957,NA,NA,3
343,1987,1946,1953,NA,NA,6
383,1991,1945,1951,NA,NA,7
2,1957,1915,1930,NA,2,3
379,1964,1947,1949,2,NA,4
193,1975,1954,1958,NA,1,1
365,1970,1947,1952,NA,NA,4
300,1976,1946,1952,NA,NA,4
130,1961,1938,1942,NA,1,3
328,1973,1939,1947,NA,NA,6
318,1983,1942,1954,NA,NA,5
328,1967,1939,1947,2,NA,6
365,1977,1947,1952,1,NA,4
189,1958,1931,1932,1,NA,6
240,1976,1950,1956,NA,NA,2
289,1966,NA,1942,2,NA,5
214,1974,1946,1950,NA,NA,3
126,1959,1932,1934,NA,NA,5
4,1978,1942,1950,NA,NA,2
196,1983,1960,1965,NA,NA,3
297,1979,1957,1962,NA,2,5
320,1987,1960,1965,NA,NA,4
237,1967,1936,1942,NA,2,3
271,1965,1942,1947,1,NA,3
162,1967,1947,1952,NA,2,4
70,1968,1940,1952,1,NA,3
397,1977,1941,1947,NA,NA,3
146,1962,1934,1939,NA,2,4
346,1981,1955,1962,NA,NA,3
12,1953,1924,1930,NA,NA,5
37,1971,1932,1944,NA,NA,8
13,1953,1913,1927,NA,3,7
138,1973,1939,1954,NA,NA,3
60,1970,1940,1949,1,NA,5
299,1985,1961,1964,NA,NA,3
293,1969,NA,1947,4,NA,4
342,1979,1946,1962,NA,NA,4
377,1964,1935,1942,NA,2,5
107,1968,1940,1950,1,NA,3
292,1965,1928,1934,NA,NA,4
54,1972,1938,1944,NA,NA,3
277,1965,1937,1944,1,NA,3
219,1973,1936,1948,NA,NA,3
305,1982,1957,1962,NA,NA,5
222,1969,1943,1948,NA,NA,3
227,1963,1940,1943,2,NA,3
21,1963,1920,1928,NA,2,6
86,1975,1946,1949,NA,NA,3
267,1960,1935,1939,NA,1,3
296,1981,1942,1952,NA,NA,9
32,1968,1930,1935,NA,1,3
49,1975,1938,1943,NA,NA,1
109,1968,1952,1954,NA,NA,2
72,1968,1935,1946,NA,2,3
132,1969,1939,1948,NA,NA,5
29,1979,1932,1947,NA,NA,10
121,1981,1946,1954,NA,NA,4
306,1981,1952,1959,NA,NA,5
280,1966,1945,1950,NA,NA,4
41,1966,1935,1936,NA,1,4
369,1964,1934,1942,NA,2,4
361,1967,1932,1947,3,NA,4
22,1970,1940,1947,NA,NA,3
126,1972,1932,1934,NA,NA,5
202,1974,1950,1958,NA,2,2
323,1977,1942,1958,NA,3,4
195,1976,1941,1956,NA,1,6
185,1968,1933,1942,NA,NA,2
296,1979,1942,1952,NA,NA,9
2,1964,1915,1930,NA,NA,3
308,1976,NA,1954,NA,2,3
266,1962,1930,1935,NA,NA,3
144,1968,1945,1950,2,NA,3
298,1984,1957,1962,NA,1,3
288,1976,1936,1944,NA,NA,4
301,1982,1934,1953,NA,NA,4
327,1974,1946,1952,NA,NA,6
268,1982,1960,1965,NA,NA,3
161,1981,1960,1965,NA,NA,3
183,1974,1946,1950,NA,2,4
326,1974,NA,1952,NA,2,5
119,1983,1944,1954,NA,NA,6
67,1973,1942,1952,NA,2,3
248,1950,1921,1931,2,NA,2
375,1982,1943,1952,NA,NA,3
19,1967,1942,1949,NA,2,3
344,1975,1937,1952,NA,NA,4
233,1968,1935,1945,NA,2,3
120,1976,1946,1956,NA,NA,2
376,1980,1952,1962,NA,NA,5
195,1985,1941,1956,NA,NA,6
73,1963,1939,1941,NA,2,2
13,1946,1913,1927,NA,4,7
296,1971,1942,1952,3,NA,9
106,1963,1930,1945,NA,NA,4
313,1976,1950,1955,NA,NA,3
385,1976,1938,1952,NA,2,4
58,1954,1926,1936,2,NA,3
80,1973,1943,1949,NA,NA,3
340,1979,1942,1957,NA,NA,2
388,1978,1948,1956,NA,NA,6
231,1980,1952,1958,NA,NA,3
166,1971,1948,1952,NA,1,3
285,1986,1952,1962,NA,NA,4
59,1976,1931,1941,NA,NA,7
391,1973,1940,1950,NA,NA,4
70,1982,1940,1952,NA,5,3
345,1967,1912,1922,NA,NA,4
373,1972,1937,1947,NA,3,4
342,1981,1946,1962,NA,NA,4
290,1985,1949,1954,NA,NA,4
386,1983,1940,1948,NA,NA,6
364,1964,1933,1944,2,NA,5
144,1973,1945,1950,NA,NA,3
66,1952,1920,1927,NA,NA,7
184,1969,1940,1950,1,NA,3
119,1972,1944,1954,NA,2,6
69,1970,1932,1942,3,NA,4
356,1972,1936,1949,NA,NA,4
216,1970,1943,1950,2,NA,2
294,1972,1947,1957,NA,5,7
63,1971,1944,1950,NA,2,5
32,1966,1930,1935,NA,2,3
146,1964,1934,1939,NA,2,4
343,1984,1946,1953,NA,NA,6
87,1969,1937,1947,NA,1,2
200,1977,1941,1953,NA,NA,3
345,1963,1912,1922,NA,3,4
93,1952,1928,1934,NA,3,3
387,1978,1945,1951,NA,1,2
43,1976,1942,1956,NA,NA,5
168,1972,1950,1955,NA,1,2
66,1954,1920,1927,NA,2,7
80,1969,1943,1949,1,NA,3
11,1984,1950,1959,NA,NA,2
366,1972,1934,1941,2,NA,3
127,1976,1942,1947,NA,NA,6
282,1965,1935,1940,NA,1,1
133,1965,1938,1940,NA,1,4
97,1985,1956,1962,NA,1,4
76,1973,1945,1949,NA,2,3
9,1962,1937,1944,1,NA,2
167,1955,1924,1934,NA,4,5
13,1968,1913,1927,NA,NA,7
132,1967,1939,1948,NA,2,5
273,1980,1956,1960,NA,NA,1
390,1973,1940,1958,NA,NA,3
63,1967,1944,1950,NA,NA,5
361,1972,1932,1947,1,NA,4
58,1957,1926,1936,NA,2,3
136,1973,1932,1945,NA,NA,5
184,1971,1940,1950,NA,2,3
68,1966,1933,1947,NA,NA,3
248,1952,1921,1931,2,NA,2
266,1938,1930,1935,NA,2,3
231,1978,1952,1958,NA,1,3
209,1980,1948,1952,NA,NA,4
118,1969,1928,1942,NA,1,3
30,1973,1944,1954,NA,1,2
309,1982,1948,1961,NA,NA,4
197,1973,1943,1955,2,NA,5
133,1967,1938,1940,NA,NA,4
339,1980,1937,1952,NA,NA,4
271,1972,1942,1947,NA,NA,3
123,1961,1925,1938,NA,2,4
2,1951,1915,1930,1,NA,3
110,1971,1945,1954,NA,1,5
383,1981,1945,1951,NA,NA,7
24,1975,1943,1952,NA,1,3
110,1977,1945,1954,NA,NA,5
178,1970,1937,1939,NA,2,8
214,1981,1946,1950,NA,NA,3
220,1975,1945,1949,NA,NA,2
69,1967,1932,1942,NA,2,4
63,1975,1944,1950,NA,NA,5
398,1955,NA,NA,1,NA,6
165,1978,1957,1962,NA,1,2
377,1969,1935,1942,4,NA,5
283,1980,1950,1954,NA,NA,2
195,1982,1941,1956,NA,NA,6
76,1976,1945,1949,NA,1,3
242,1966,1936,1949,2,NA,2
391,1976,1940,1950,NA,NA,4
302,1987,1960,1967,NA,NA,5
320,1981,1960,1965,NA,2,4
365,1967,1947,1952,3,NA,4
196,1987,1960,1965,NA,NA,3
61,1966,1933,1947,NA,NA,3
171,1972,1949,1954,NA,2,3
300,1968,1946,1952,NA,NA,4
141,1971,1939,1942,NA,2,3
230,1973,1948,1954,NA,NA,3
227,1959,1940,1943,2,NA,3
156,1979,1950,1957,NA,NA,2
284,1975,1946,1953,3,NA,6
391,1980,1940,1950,NA,NA,4
255,1967,1945,1949,12,NA,3
238,1980,1950,1952,NA,NA,3
367,1960,1932,1934,1,NA,7
286,1972,1951,1957,NA,NA,4
99,1983,1945,1953,NA,NA,2
59,1956,1931,1941,NA,NA,7
309,1986,1948,1961,NA,NA,4
221,1967,1945,1950,1,NA,5
41,1961,1935,1936,1,NA,4
50,1978,1949,1956,NA,NA,2
162,1972,1947,1952,1,NA,4
38,1968,1944,1940,NA,1,3
27,1973,1946,1955,NA,NA,7
211,1974,1941,1949,1,NA,3
4,1977,1942,1950,NA,NA,2
307,1982,NA,1954,NA,NA,3
190,1974,1935,1946,NA,2,3
91,1982,1937,1942,NA,NA,4
74,1969,1938,1943,NA,NA,5
178,1959,1937,1939,NA,2,8
103,1979,1951,1960,NA,NA,3
8,1962,1930,1935,NA,2,5
291,1980,1947,1962,NA,2,2
225,1968,1948,1954,NA,1,2
327,1970,1946,1952,4,NA,6
180,1962,1938,1944,2,NA,3
300,1972,1946,1952,NA,NA,4
115,1974,1934,1950,NA,1,4
7,1966,1932,1945,2,NA,3
143,1977,1953,1957,NA,NA,3
237,1962,1936,1942,NA,NA,3
183,1976,1946,1950,NA,NA,4
79,1956,1931,1936,1,NA,5
311,1978,NA,1942,NA,3,5
209,1976,1948,1952,NA,NA,4
339,1977,1937,1952,NA,NA,4
13,1958,1913,1927,2,NA,7
82,1982,1956,1958,NA,NA,7
79,1953,1931,1936,3,NA,5
396,1949,1911,1932,4,NA,3
165,1980,1957,1962,NA,1,2
94,1972,1944,1952,1,NA,3
317,1970,NA,1947,3,NA,3
360,1983,1937,1947,NA,NA,4
55,1980,1946,1956,1,NA,3
323,1978,1942,1958,NA,NA,4
83,1972,1948,1951,1,NA,2
338,1981,1942,1956,NA,NA,4
126,1974,1932,1934,NA,2,5
59,1971,1931,1941,NA,NA,7
57,1972,1941,1951,NA,NA,3
321,1974,1940,NA,NA,NA,4
125,1970,1948,1950,NA,NA,3
394,1968,1920,1937,NA,3,4
287,1977,1938,1947,NA,NA,3
25,1965,1937,1944,NA,1,3
37,1977,1932,1944,NA,NA,8
33,1976,1940,1950,NA,NA,2
168,1974,1950,1955,NA,NA,2
390,1976,1940,1958,NA,NA,3
118,1964,1928,1942,NA,2,3
337,1975,1949,1957,NA,NA,1
236,1965,1934,1940,NA,NA,2
53,1978,1949,1954,NA,NA,2
245,1965,1933,1944,NA,1,2
171,1973,1949,1954,NA,NA,3
40,1974,1953,1957,NA,NA,3
229,1980,1954,1957,NA,1,1
222,1970,1943,1948,NA,NA,3
131,1979,1952,1960,NA,NA,2
371,1977,1944,1949,NA,NA,5
148,1968,1935,1942,NA,2,3
154,1976,1949,1953,NA,NA,4
380,1972,1942,1945,2,NA,1
354,1972,1944,1950,NA,2,2
201,1983,1959,1965,NA,NA,3
152,1976,1951,1957,1,NA,2
242,1971,1936,1949,NA,NA,2
14,1951,1931,1932,2,NA,6
398,1948,NA,NA,NA,NA,6
89,1967,1942,1945,NA,1,2
84,1977,1939,1950,NA,3,3
232,1979,1950,1956,NA,NA,4
292,1957,1928,1934,6,NA,4
198,1972,1937,1940,NA,NA,2
177,1973,1947,1949,NA,NA,3
366,1967,1934,1941,NA,4,3
369,1976,1934,1942,NA,NA,4
14,1962,1931,1932,2,NA,6
27,1989,1946,1955,NA,NA,7
305,1976,1957,1962,NA,NA,5
289,1975,NA,1942,NA,NA,5
394,1955,1920,1937,1,NA,4
318,1973,1942,1954,NA,4,5
153,1976,1948,1954,NA,NA,4
214,1972,1946,1950,1,NA,3
311,1962,NA,1942,4,NA,5
338,1975,1942,1956,NA,NA,4
378,1967,1938,1950,NA,3,4
374,1968,1938,1944,NA,NA,5
252,1980,1942,1952,NA,NA,2
205,1982,1961,1967,NA,NA,3
297,1975,1957,1962,NA,3,5
336,1974,1952,1957,NA,NA,3
307,1974,NA,1954,NA,1,3
358,1977,1937,1952,NA,2,4
65,1972,1934,1945,2,NA,7
156,1976,1950,1957,NA,1,2
312,1967,NA,1947,NA,3,5
241,1980,1952,1955,NA,NA,4
217,1967,1945,1950,2,NA,2
376,1986,1952,1962,NA,NA,5
217,1970,1945,1950,NA,2,2
123,1957,1925,1938,1,NA,4
14,1956,1931,1932,2,NA,6
52,1962,1933,1939,1,NA,3
138,1971,1939,1954,NA,2,3
327,1974,1946,1952,NA,NA,6
130,1960,1938,1942,1,NA,3
257,1962,1929,1939,NA,2,3
308,1981,NA,1954,NA,NA,3
326,1973,NA,1952,NA,3,5
348,1975,1951,1958,NA,NA,4
122,1976,1942,1951,2,NA,3
373,1976,1937,1947,NA,3,4
317,1974,NA,1947,3,NA,3
55,1983,1946,1956,NA,2,3
95,1988,1954,1969,NA,NA,3
66,1962,1920,1927,NA,NA,7
13,1948,1913,1927,2,NA,7
52,1966,1933,1939,2,NA,3
358,1984,1937,1952,NA,NA,4
29,1967,1932,1947,NA,6,10
306,1983,1952,1959,NA,1,5
163,1978,1955,1960,NA,NA,3
383,1983,1945,1951,NA,NA,7
10,1980,1948,1960,NA,1,3
272,1970,1942,1947,NA,NA,3
315,1986,1944,1953,NA,NA,5
97,1983,1956,1962,NA,5,4
154,1972,1949,1953,NA,NA,4
306,1987,1952,1959,NA,NA,5
221,1965,1945,1950,NA,2,5
100,1975,1940,1950,NA,NA,3
167,1958,1924,1934,NA,2,5
147,1977,1947,1950,NA,NA,2
37,1964,1932,1944,NA,1,8
371,1972,1944,1949,NA,2,5
190,1969,1935,1946,2,NA,3
382,1982,1938,1947,NA,NA,7
75,1961,1927,1938,NA,2,5
155,1972,1942,1950,NA,2,3
198,1976,1937,1940,NA,NA,2
197,1981,1943,1955,NA,NA,5
322,1972,1954,1957,4,NA,2
26,1953,1922,1925,NA,2,5
259,1977,1952,1955,NA,2,1
295,1980,1961,1967,NA,NA,5
140,1969,1940,1947,NA,NA,4
383,1977,1945,1951,NA,1,7
304,1980,1952,1957,NA,2,4
359,1970,1926,1937,4,NA,4
304,1987,1952,1957,NA,NA,4
274,1969,1940,1947,1,NA,2
68,1964,1933,1947,1,NA,3
187,1960,1924,1930,NA,1,5
181,1972,1933,1945,NA,NA,4
65,1966,1934,1945,NA,2,7
381,1968,1940,1948,1,NA,2
354,1975,1944,1950,NA,NA,2
71,1963,1932,1940,2,NA,4
88,1967,1934,1942,1,NA,4
375,1978,1943,1952,1,NA,3
397,1974,1941,1947,NA,2,3
76,1981,1945,1949,NA,NA,3
82,1978,1956,1958,NA,NA,7
184,1976,1940,1950,NA,NA,3
374,1976,1938,1944,NA,NA,5
163,1976,1955,1960,NA,2,3
58,1960,1926,1936,2,NA,3
364,1974,1933,1944,NA,1,5
244,1965,1933,1941,1,NA,2
54,1970,1938,1944,NA,NA,3
363,1981,1947,1959,NA,NA,3
34,1959,1925,1930,2,NA,4
215,1984,1956,1960,NA,NA,2
110,1973,1945,1954,1,NA,5
111,1967,1929,1941,NA,1,3
393,1970,1940,1948,NA,NA,4
368,1964,1929,1936,2,NA,3
158,1981,1947,1949,NA,NA,2
287,1970,1938,1947,NA,NA,3
196,1981,1960,1965,NA,1,3
46,1981,1953,1956,NA,NA,3
43,1966,1942,1956,NA,NA,5
177,1975,1947,1949,NA,1,3
21,1952,1920,1928,NA,2,6
65,1964,1934,1945,NA,1,7
135,1976,1940,1946,NA,NA,3
34,1969,1925,1930,1,NA,4
207,1977,NA,1956,1,NA,2
223,1982,1945,1952,NA,NA,4
62,1964,1940,1947,3,NA,7
314,1984,1932,1942,NA,NA,8
395,NA,1944,1953,NA,NA,3
208,1982,1960,1966,NA,NA,2
358,1981,1937,1952,NA,1,4
218,1978,1943,1950,NA,NA,5
29,1982,1932,1947,NA,1,10
46,1979,1953,1956,NA,NA,3
188,1976,1903,1927,NA,1,2
110,1969,1945,1954,NA,2,5
353,1964,1942,1945,1,NA,5
14,1953,1931,1932,NA,3,6
294,1974,1947,1957,3,NA,7
254,1966,1936,1940,NA,2,2
91,1974,1937,1942,NA,NA,4
178,1968,1937,1939,2,NA,8
56,1963,1936,1941,NA,1,2
288,1972,1936,1944,NA,NA,4
356,1977,1936,1949,NA,NA,4
378,1974,1938,1950,NA,NA,4
331,1979,1954,1964,NA,1,3
373,1974,1937,1947,NA,3,4
281,1962,1940,1944,NA,1,1
311,1974,NA,1942,NA,2,5
170,1969,1946,1951,1,NA,3
45,1959,1935,1941,NA,2,4
311,1968,NA,1942,NA,3,5
26,1946,1922,1925,3,NA,5
104,1980,1947,1957,NA,NA,5
57,1978,1941,1951,NA,NA,3
367,1977,1932,1934,NA,NA,7
38,1973,1944,1940,NA,NA,3
213,1970,1940,1946,NA,NA,2
91,1976,1937,1942,NA,1,4
262,1978,1940,1943,NA,NA,3
20,1971,1942,1950,1,NA,2
34,1956,1925,1930,NA,2,4
169,1962,1930,1935,2,NA,3
218,1977,1943,1950,NA,NA,5
224,1975,1945,1950,NA,NA,2
335,1979,1947,1952,NA,NA,3
324,1963,1930,1936,NA,NA,3
355,1984,1952,1959,NA,NA,5
115,1967,1934,1950,1,NA,4
209,1972,1948,1952,NA,2,4
25,1972,1937,1944,NA,1,3
121,1978,1946,1954,NA,NA,4
169,1964,1930,1935,NA,1,3
104,1974,1947,1957,3,NA,5
296,1973,1942,1952,NA,3,9
291,1989,1947,1962,NA,NA,2
133,1963,1938,1940,1,NA,4
253,1985,1958,1960,NA,NA,2
199,1980,1959,1966,NA,1,2
382,1980,1938,1947,NA,1,7
399,1960,1936,1943,2,NA,2
16,1961,1926,1937,NA,1,2
26,1944,1922,1925,NA,1,5
43,1969,1942,1956,3,NA,5
230,1971,1948,1954,1,NA,3
303,1968,1967,1954,1,NA,5
81,1972,1940,1950,NA,NA,2
360,1977,1937,1947,NA,NA,4
382,1970,1938,1947,1,NA,7
29,1980,1932,1947,NA,2,10
157,1971,1940,1950,NA,NA,2
205,1984,1961,1967,NA,NA,3
51,1977,1942,1948,NA,NA,5
3,1988,1962,1966,NA,NA,1
113,1979,1940,1947,NA,NA,5
197,1976,1943,1955,NA,1,5
42,1954,1913,1929,NA,1,4
62,1971,1940,1947,NA,1,7
132,1966,1939,1948,2,NA,5
160,1970,1939,1948,1,NA,4
128,1976,1944,1946,NA,NA,2
88,1974,1934,1942,NA,NA,4
267,1965,1935,1939,2,NA,3
314,1982,1932,1942,NA,NA,8
269,1978,1950,1957,NA,NA,2
379,1966,1947,1949,2,NA,4
327,1979,1946,1952,NA,2,6
183,1978,1946,1950,NA,NA,4
75,1970,1927,1938,NA,NA,5
191,1967,1935,1946,NA,1,3
330,1956,1930,1940,NA,3,1
136,1965,1932,1945,3,NA,5
379,1972,1947,1949,2,NA,4
302,1988,1960,1967,NA,NA,5
316,1973,1948,1957,4,NA,2
121,1974,1946,1954,NA,1,4
294,1977,1947,1957,NA,NA,7
370,1972,1937,1944,1,NA,4
18,1970,1940,1941,1,NA,2
126,1970,1932,1934,NA,NA,5
355,1972,1952,1959,4,NA,5
44,1964,1934,1940,NA,2,3
77,1973,1947,1950,NA,2,2
171,1971,1949,1954,NA,2,3
270,1980,1952,1955,1,NA,4
256,1964,1934,1938,NA,2,3
194,1972,1943,1951,NA,NA,2
16,1963,1926,1937,NA,NA,2
107,1972,1940,1950,NA,1,3
313,1972,1950,1955,NA,NA,3
62,1966,1940,1947,NA,2,7
388,1980,1948,1956,NA,NA,6
376,1978,1952,1962,NA,1,5
17,1967,1934,1939,NA,2,1
111,1963,1929,1941,NA,4,3
197,1978,1943,1955,NA,NA,5
397,1980,1941,1947,NA,NA,3
294,1981,1947,1957,NA,1,7
296,1977,1942,1952,NA,NA,9
124,1973,1951,1954,NA,NA,3
44,1962,1934,1940,2,NA,3
82,1976,1956,1958,NA,1,7
60,1980,1940,1949,NA,NA,5
209,1978,1948,1952,NA,NA,4
125,1973,1948,1950,NA,1,3
252,1980,1942,1952,NA,NA,2
227,1961,1940,1943,2,NA,3
243,1969,1946,1952,NA,NA,2
312,1963,NA,1947,3,NA,5
104,1972,1947,1957,NA,3,5
142,1973,1942,1952,NA,NA,5
238,1979,1950,1952,NA,NA,3
13,1950,1913,1927,3,NA,7
78,1988,1951,1954,NA,NA,2
90,1974,1935,1943,NA,NA,2
136,1975,1932,1945,NA,NA,5
292,1961,1928,1934,NA,3,4
390,1974,1940,1958,1,NA,3
29,1976,1932,1947,NA,NA,10
262,1965,1940,1943,NA,NA,3
398,1950,NA,NA,NA,NA,6
261,1984,1959,1964,NA,NA,3
293,1973,NA,1947,NA,2,4
357,1978,1952,1959,NA,NA,4
191,1973,1935,1946,NA,NA,3
48,1966,1937,1942,NA,NA,3
39,1965,1935,1947,NA,NA,3
279,1970,1941,1945,NA,NA,1
285,1980,1952,1962,NA,NA,4
42,1950,1913,1929,2,NA,4
226,1970,1939,1942,NA,2,3
210,1973,1952,1958,2,NA,2
160,1975,1939,1948,NA,NA,4
388,1984,1948,1956,NA,NA,6
78,1979,1951,1954,NA,NA,2
270,1979,1952,1955,NA,1,4
103,1977,1951,1960,NA,NA,3
372,1967,1942,1945,2,NA,1
246,1978,1950,1958,NA,NA,2
127,1970,1942,1947,NA,NA,6
154,1978,1949,1953,NA,NA,4
373,1981,1937,1947,NA,1,4
319,1963,1937,1942,2,NA,3
8,1964,1930,1935,2,NA,5
170,1971,1946,1951,NA,2,3
174,1960,1920,1927,NA,2,3
329,1970,1936,1947,2,NA,3
327,1980,1946,1952,NA,NA,6
347,1984,NA,1962,NA,NA,4
15,1973,1936,1947,NA,NA,2
179,1976,1947,1955,NA,NA,4
189,1962,1931,1932,2,NA,6
352,1976,1949,1959,NA,NA,3
367,1975,1932,1934,NA,1,7
377,1967,1935,1942,NA,3,5
64,1970,1938,1950,NA,2,2
305,1989,1957,1962,NA,NA,5
329,1967,1936,1947,NA,3,3
251,1962,1935,1940,NA,2,3
374,1974,1938,1944,NA,2,5
290,1980,1949,1954,NA,NA,4
378,1970,1938,1950,NA,NA,4
71,1967,1932,1940,NA,NA,4
8,1960,1930,1935,NA,2,5
261,1986,1959,1964,NA,NA,3
70,1977,1940,1952,NA,4,3
381,1972,1940,1948,NA,NA,2
223,1976,1945,1952,NA,2,4
280,1969,1945,1950,NA,2,4
117,1967,1927,1942,2,NA,3
102,1967,1942,1950,NA,2,3
134,1968,1946,1948,NA,3,2
226,1968,1939,1942,2,NA,3
136,1968,1932,1945,NA,2,5
353,1983,1942,1945,NA,2,5
363,1981,1947,1959,NA,NA,3
205,1980,1961,1967,NA,1,3
211,1972,1941,1949,NA,1,3
193,1977,1954,1958,NA,1,1
75,1956,1927,1938,2,NA,5
294,1986,1947,1957,NA,NA,7
155,1974,1942,1950,NA,1,3
348,1983,1951,1958,NA,NA,4
326,1968,NA,1952,3,NA,5
311,1983,NA,1942,NA,NA,5
237,1964,1936,1942,NA,NA,3
46,1978,1953,1956,NA,NA,3
287,1974,1938,1947,NA,NA,3
7,1969,1932,1945,1,NA,3
359,1973,1926,1937,NA,NA,4
296,1975,1942,1952,NA,NA,9
344,1980,1937,1952,NA,4,4
19,1978,1942,1949,NA,NA,3
345,1957,1912,1922,NA,5,4
109,1966,1952,1954,2,NA,2
119,1974,1944,1954,NA,2,6
322,1974,1954,1957,2,NA,2
92,1972,1944,1949,1,NA,4
139,1975,1949,1952,NA,1,3
185,1971,1933,1942,NA,NA,2
85,1957,1927,1934,1,NA,1
342,1982,1946,1962,NA,NA,4
127,1981,1942,1947,NA,NA,6
72,1966,1935,1946,NA,2,3
254,1964,1936,1940,NA,NA,2
167,1970,1924,1934,NA,NA,5
318,1977,1942,1954,NA,2,5
334,1980,1952,1957,NA,NA,4
241,1983,1952,1955,NA,NA,4
113,1977,1940,1947,NA,NA,5
325,1977,1947,1954,NA,NA,4
266,1955,1930,1935,3,NA,3
132,1964,1939,1948,2,NA,5
186,1977,1956,1960,NA,1,2
286,1976,1951,1957,NA,1,4
201,1980,1959,1965,NA,NA,3
47,1976,1945,1947,NA,NA,1
393,1976,1940,1948,NA,NA,4
65,1974,1934,1945,NA,NA,7
23,1969,1932,1942,NA,NA,3
140,1967,1940,1947,NA,2,4
348,1978,1951,1958,NA,NA,4
10,1978,1948,1960,NA,NA,3
364,1969,1933,1944,NA,3,5
127,1978,1942,1947,NA,NA,6
384,1964,1930,1935,4,NA,4
306,1985,1952,1959,NA,NA,5
159,1965,1941,1950,1,NA,4
295,1990,1961,1967,NA,NA,5
312,1972,NA,1947,NA,NA,5
355,1974,1952,1959,1,NA,5
158,1973,1947,1949,NA,NA,2
302,1984,1960,1967,NA,NA,5
318,1981,1942,1954,NA,NA,5
37,1967,1932,1944,NA,1,8
352,1982,1949,1959,NA,NA,3
211,1978,1941,1949,NA,NA,3
272,1966,1942,1947,2,NA,3
260,1974,1947,1952,NA,2,2
139,1978,1949,1952,NA,NA,3
398,1943,NA,NA,2,NA,6
270,1980,1952,1955,NA,2,4
8,1956,1930,1935,NA,2,5
153,1979,1948,1954,NA,NA,4
312,1974,NA,1947,NA,NA,5
39,1967,1935,1947,1,NA,3
69,1962,1932,1942,NA,2,4
250,1968,1948,1952,1,NA,2
144,1966,1945,1950,NA,2,3
294,1983,1947,1957,NA,NA,7
92,1976,1944,1949,NA,1,4
187,1957,1924,1930,1,NA,5
145,1976,1950,1958,NA,NA,3
385,1974,1938,1952,NA,NA,4
27,1983,1946,1955,NA,NA,7
277,1970,1937,1944,NA,NA,3
94,1979,1944,1952,NA,NA,3
201,1978,1959,1965,NA,1,3
138,1975,1939,1954,NA,1,3
363,1987,1947,1959,NA,NA,3
6,1970,1933,1945,NA,1,4
396,1955,1911,1932,NA,2,3
398,1957,NA,NA,NA,2,6
29,1982,1932,1947,NA,NA,10
21,1949,1920,1928,2,NA,6
188,1982,1903,1927,NA,NA,2
48,1971,1937,1942,NA,NA,3
77,1976,1947,1950,NA,NA,2
366,1975,1934,1941,3,NA,3
221,1970,1945,1950,NA,2,5
35,1961,1923,1928,2,NA,2
200,1979,1941,1953,NA,NA,3
37,1975,1932,1944,NA,NA,8
142,1965,1942,1952,2,NA,5
59,1967,1931,1941,NA,NA,7
312,1969,NA,1947,NA,NA,5
104,1979,1947,1957,NA,NA,5
167,1952,1924,1934,2,NA,5
367,1963,1932,1934,2,NA,7
317,1973,NA,1947,NA,5,3
339,1983,1937,1952,NA,NA,4
71,1965,1932,1940,NA,NA,4
280,1968,1945,1950,1,NA,4
11,1991,1950,1959,NA,NA,2
302,1986,1960,1967,NA,NA,5
159,1966,1941,1950,NA,1,4
388,1982,1948,1956,NA,NA,6
19,1970,1942,1949,NA,2,3
146,1975,1934,1939,NA,NA,4
69,1965,1932,1942,NA,2,4
332,1977,1942,1950,NA,NA,5
116,1979,1942,1952,NA,NA,2
62,1968,1940,1947,NA,3,7
344,1975,1937,1952,3,NA,4
362,1978,1938,1961,NA,2,2
255,1969,1945,1949,3,NA,3
314,1984,1932,1942,NA,NA,8
130,1963,1938,1942,NA,NA,3
286,1980,1951,1957,NA,NA,4
338,1977,1942,1956,NA,NA,4
246,1982,1950,1958,NA,NA,2
269,1975,1950,1957,NA,NA,2
24,1978,1943,1952,NA,NA,3
218,1970,1943,1950,3,NA,5
356,1976,1936,1949,NA,NA,4
119,1975,1944,1954,NA,2,6
189,1956,1931,1932,2,NA,6
215,1981,1956,1960,NA,1,2
319,1967,1937,1942,NA,NA,3
295,1988,1961,1967,NA,NA,5
29,1974,1932,1947,NA,2,10
175,1972,1946,1950,1,NA,2
399,1965,1936,1943,2,NA,2
335,1977,1947,1952,NA,NA,3
284,1979,1946,1953,NA,NA,6
247,1957,1930,1933,2,NA,2
200,1975,1941,1953,NA,1,3
71,1973,1932,1940,NA,1,4
79,1965,1931,1936,NA,3,5
258,1975,1950,1952,NA,NA,2
176,1982,1946,1949,NA,NA,3
21,1957,1920,1928,2,NA,6
392,1976,1942,1952,NA,2,3
307,1976,NA,1954,NA,2,3
65,1969,1934,1945,NA,NA,7
33,1972,1940,1950,NA,NA,2
219,1972,1936,1948,1,NA,3
324,1964,1930,1936,3,NA,3
385,1978,1938,1952,NA,1,4
59,1959,1931,1941,NA,2,7
22,1965,1940,1947,NA,2,3
375,1976,1943,1952,NA,3,3
250,1971,1948,1952,NA,1,2
140,1972,1940,1947,NA,1,4
240,1978,1950,1956,NA,1,2
166,1975,1948,1952,NA,NA,3
157,1972,1940,1950,NA,NA,2
284,1977,1946,1953,NA,1,6
199,1982,1959,1966,NA,NA,2
1,1976,1934,1944,NA,NA,2
72,1972,1935,1946,NA,NA,3
352,1980,1949,1959,NA,NA,3
187,1955,1924,1930,2,NA,5
160,1967,1939,1948,2,NA,4
301,1977,1934,1953,NA,NA,4
179,1978,1947,1955,NA,NA,4
140,1970,1940,1947,NA,2,4
285,1977,1952,1962,NA,1,4
146,1970,1934,1939,NA,1,4
368,1954,1929,1936,3,NA,3
142,1971,1942,1952,1,NA,5
86,1976,1946,1949,NA,NA,3
367,1953,1932,1934,3,NA,7
195,1978,1941,1956,NA,NA,6
323,1988,1942,1958,NA,NA,4
62,1975,1940,1947,NA,NA,7
51,1972,1942,1948,NA,1,5
145,1971,1950,1958,NA,2,3
43,1974,1942,1956,NA,NA,5
218,1975,1943,1950,NA,2,5
27,1979,1946,1955,1,NA,7
94,1976,1944,1952,NA,NA,3
239,1977,1955,1957,NA,NA,2
41,1969,1935,1936,1,NA,4
340,1978,1942,1957,NA,NA,2
393,1979,1940,1948,NA,NA,4
181,1970,1933,1945,NA,2,4
179,1974,1947,1955,NA,1,4
305,1985,1957,1962,NA,NA,5
9,1964,1937,1944,NA,2,2
178,1964,1937,1939,2,NA,8
319,1965,1937,1942,2,NA,3
74,1964,1938,1943,2,NA,5
243,1974,1946,1952,NA,NA,2
176,1979,1946,1949,NA,NA,3
114,1975,1942,1950,NA,NA,3
284,1972,1946,1953,NA,1,6
379,1969,1947,1949,2,NA,4
310,1977,NA,1962,2,NA,3
23,1967,1932,1942,2,NA,3
192,1977,1954,1962,NA,NA,2
159,1968,1941,1950,NA,NA,4
210,1975,1952,1958,NA,2,2
383,1982,1945,1951,NA,NA,7
394,1972,1920,1937,NA,NA,4
298,1985,1957,1962,NA,NA,3
303,1981,1967,1954,NA,NA,5
162,1969,1947,1952,NA,2,4
233,1966,1935,1945,1,NA,3
164,1976,1950,1956,NA,NA,2
233,1970,1935,1945,NA,1,3
84,1972,1939,1950,1,NA,3
336,1982,1952,1957,NA,2,3
197,1983,1943,1955,NA,NA,5
276,1976,1953,1958,NA,NA,1
273,1988,1956,1960,NA,NA,1
97,1990,1956,1962,NA,NA,4
221,1968,1945,1950,NA,2,5
125,1968,1948,1950,1,NA,3
357,1974,1952,1959,1,NA,4
296,1980,1942,1952,NA,NA,9
27,1981,1946,1955,NA,NA,7
129,1976,1946,1957,NA,NA,3
301,1986,1934,1953,NA,NA,4
143,1980,1953,1957,NA,NA,3
261,1982,1959,1964,NA,NA,3
66,1945,1920,1927,2,NA,7
392,1975,1942,1952,2,NA,3
324,1960,1930,1936,NA,NA,3
179,1984,1947,1955,NA,NA,4
325,1980,1947,1954,NA,NA,4
60,1978,1940,1949,NA,1,5
313,1970,1950,1955,NA,4,3
178,1962,1937,1939,NA,NA,8
332,1974,1942,1950,NA,NA,5
263,1969,1947,1952,1,NA,3
91,1973,1937,1942,NA,2,4
394,1960,1920,1937,NA,2,4
384,1962,1930,1935,NA,2,4
272,1973,1942,1947,NA,3,3
346,1984,1955,1962,NA,NA,3
122,1968,1942,1951,1,NA,3
336,1978,1952,1957,NA,NA,3
290,1972,1949,1954,3,NA,4
117,1969,1927,1942,NA,2,3
304,1983,1952,1957,NA,NA,4
256,1973,1934,1938,NA,NA,3
382,1972,1938,1947,NA,NA,7
264,1965,1939,1944,2,NA,3
161,1985,1960,1965,NA,NA,3
6,1968,1933,1945,NA,2,4
368,1959,1929,1936,1,NA,3
228,1966,1940,1950,1,NA,2
389,1972,1935,1948,NA,3,3
314,1972,1932,1942,3,NA,8
332,1972,1942,1950,NA,NA,5
21,1951,1920,1928,1,NA,6
249,1963,1930,1940,2,NA,2
74,1966,1938,1943,2,NA,5
96,1958,1934,1940,3,NA,3
96,1960,1934,1940,3,NA,3
350,1984,NA,1957,NA,NA,4
128,1972,1944,1946,NA,NA,2
234,1962,1932,1942,2,NA,2
264,1970,1939,1944,NA,NA,3
29,1986,1932,1947,NA,NA,10
298,1981,1957,1962,NA,NA,3
45,1962,1935,1941,NA,2,4
62,1980,1940,1947,NA,NA,7
20,1969,1942,1950,NA,NA,2
65,1961,1934,1945,NA,2,7
273,1986,1956,1960,NA,NA,1
26,1949,1922,1925,NA,2,5
148,1970,1935,1942,NA,1,3
391,1978,1940,1950,NA,NA,4
369,1967,1934,1942,3,NA,4
137,1987,1953,1958,NA,NA,2
320,1985,1960,1965,NA,NA,4
328,1975,1939,1947,NA,NA,6
268,1983,1960,1965,NA,1,3
341,1970,1940,1950,NA,NA,2
320,1983,1960,1965,NA,NA,4
120,1980,1946,1956,NA,NA,2
355,1970,1952,1959,1,NA,5
351,1981,1951,1955,NA,NA,3
224,1971,1945,1950,NA,NA,2
106,1975,1930,1945,NA,2,4
24,1982,1943,1952,NA,NA,3
21,1954,1920,1928,NA,2,6
93,1963,1928,1934,2,NA,3
374,1962,1938,1944,3,NA,5
351,1979,1951,1955,NA,NA,3
149,1972,1945,1955,NA,1,2
265,1974,1950,1955,NA,NA,1
187,1953,1924,1930,NA,NA,5
99,1978,1945,1953,NA,1,2
361,1977,1932,1947,NA,NA,4
356,1974,1936,1949,NA,1,4
314,1977,1932,1942,NA,4,8
203,1976,1951,1957,1,NA,2
12,1951,1924,1930,NA,2,5
5,1972,1942,1946,1,NA,2
328,1970,1939,1947,NA,NA,6
41,1958,1935,1936,2,NA,4
392,1972,1942,1952,2,NA,3
178,1966,1937,1939,NA,NA,8
389,1970,1935,1948,NA,NA,3
241,1981,1952,1955,NA,NA,4
10,1983,1948,1960,NA,NA,3
228,1968,1940,1950,NA,1,2
296,1967,1942,1952,3,NA,9
88,1978,1934,1942,NA,NA,4
114,1981,1942,1950,NA,NA,3
388,1976,1948,1956,NA,2,6
13,1952,1913,1927,1,NA,7
195,1974,1941,1956,2,NA,6
353,1974,1942,1945,NA,2,5
383,1975,1945,1951,NA,NA,7
102,1971,1942,1950,1,NA,3
63,1972,1944,1950,NA,1,5
39,1969,1935,1947,NA,2,3
262,1972,1940,1943,2,NA,3
263,1975,1947,1952,NA,NA,3
189,1954,1931,1932,NA,1,6
66,1967,1920,1927,1,NA,7
37,1961,1932,1944,NA,2,8
54,1966,1938,1944,NA,NA,3
124,1978,1951,1954,NA,2,3
131,1978,1952,1960,NA,1,2
176,1975,1946,1949,NA,2,3
358,1975,1937,1952,NA,3,4
193,1980,1954,1958,NA,NA,1
107,1975,1940,1950,NA,NA,3
7,1972,1932,1945,NA,NA,3
370,1976,1937,1944,NA,2,4
382,1984,1938,1947,NA,NA,7
152,1979,1951,1957,NA,NA,2
74,1981,1938,1943,NA,NA,5
387,1975,1945,1951,NA,NA,2
327,1978,1946,1952,NA,NA,6
42,1955,1913,1929,1,NA,4
6,1963,1933,1945,NA,NA,4
31,1976,1942,1950,NA,NA,1
106,1970,1930,1945,NA,NA,4
345,1947,1912,1922,NA,NA,4
328,1977,1939,1947,NA,NA,6
143,1974,1953,1957,NA,1,3
364,1976,1933,1944,NA,NA,5
295,1984,1961,1967,NA,NA,5
206,1979,1949,1956,NA,NA,2
73,1961,1939,1941,1,NA,2
1,1971,1934,1944,1,NA,2
14,1954,1931,1932,NA,1,6
204,1981,1957,1961,1,NA,1
45,1966,1935,1941,NA,1,4
303,1969,1967,1954,NA,NA,5
139,1973,1949,1952,NA,NA,3
232,1978,1950,1956,2,NA,4
355,1982,1952,1959,NA,4,5
101,1964,1932,1940,1,NA,2
230,1976,1948,1954,NA,NA,3
238,1976,1950,1952,1,NA,3
212,1976,1950,1957,2,NA,3
25,1975,1937,1944,NA,NA,3
141,1972,1939,1942,1,NA,3
323,1986,1942,1958,NA,NA,4
172,1971,1948,1953,1,NA,1
303,1974,1967,1954,NA,NA,5
247,1953,1930,1933,2,NA,2
309,1979,1948,1961,NA,NA,4
61,1962,1933,1947,1,NA,3
218,1972,1943,1950,2,NA,5
349,1968,1922,1942,2,NA,1
295,1986,1961,1967,NA,NA,5
326,1977,NA,1952,NA,4,5
174,1962,1920,1927,NA,NA,3
384,1968,1930,1935,NA,4,4
264,1963,1939,1944,1,NA,3
245,1970,1933,1944,NA,NA,2
362,1980,1938,1961,NA,NA,2
192,1975,1954,1962,1,NA,2
108,1974,1934,1949,NA,NA,1
386,1975,1940,1948,NA,NA,6
44,1966,1934,1940,1,NA,3
135,1972,1940,1946,NA,1,3
299,1981,1961,1964,NA,1,3
40,1975,1953,1957,NA,NA,3
377,1972,1935,1942,2,NA,5
270,1976,1952,1955,1,NA,4
149,1976,1945,1955,NA,NA,2
75,1974,1927,1938,NA,1,5
93,1965,1928,1934,1,NA,3
280,1971,1945,1950,NA,NA,4
377,1962,1935,1942,NA,5,5
325,1972,1947,1954,2,NA,4
382,1976,1938,1947,NA,1,7
293,1967,NA,1947,NA,5,4
307,1980,NA,1954,NA,NA,3
95,1983,1954,1969,NA,4,3
208,1981,1960,1966,1,NA,2
303,1974,1967,1954,NA,NA,5
393,1973,1940,1948,NA,NA,4
235,1963,1929,1939,NA,NA,1
388,1986,1948,1956,NA,NA,6
163,1980,1955,1960,NA,NA,3
370,1970,1937,1944,2,NA,4
395,1978,1944,1953,NA,NA,3
135,1971,1940,1946,1,NA,3
29,1984,1932,1947,NA,NA,10
305,1987,1957,1962,NA,NA,5
316,1971,1948,1957,NA,5,2
42,1952,1913,1929,2,NA,4
74,1971,1938,1943,NA,NA,5
82,1973,1956,1958,NA,2,7
45,1961,1935,1941,NA,2,4
22,1969,1940,1947,1,NA,3
121,1972,1946,1954,NA,2,4
347,1991,NA,1962,NA,NA,4
332,1975,1942,1950,NA,NA,5
326,1975,NA,1952,3,NA,5
329,1972,1936,1947,NA,NA,3
64,1966,1938,1950,2,NA,2
194,1976,1943,1951,NA,1,2
304,1988,1952,1957,NA,NA,4
51,1979,1942,1948,NA,NA,5
