"id","sex","networkwealth","yb","networkwealthp","ybp","idp","parent_is_mother"
"m7r7b",2,3,1964,1.48272788524628,1934,"kwd6p",0
"ef9pa",1,3,1973,1.32242798805237,1947,"l46s3",0
"ckn26",2,1,1952,3.13090562820435,1934,"nmxcr",1
"wx1mu",1,0.338786035776138,1976,1.75559902191162,1945,"jba8v",0
"nko23",1,4.39125633239746,1964,2.42307686805725,1947,"qptzh",1
"gcqst",1,3.08391356468201,1966,1.83342266082764,1942,"ukq18",0
"mzdhy",1,5.01202297210693,1980,2.90874767303467,1956,"z43yz",1
"v7uxz",1,1.5,1972,2.76442456245422,1940,"py44r",1
"lh28d",1,3.76120638847351,1964,4.32068634033203,1938,"aorjp",0
"k7frg",2,5.49575471878052,1982,2.62354731559753,1957,"lhhki",1
"k3ook",1,3,1972,2.41595315933228,1943,"ln4pq",0
"mybyk",2,1.69752991199493,1981,2,1937,"ou2a9",0
"jlcdk",1,4.16739845275879,1964,0.923470258712769,1933,"lcjg5",0
"e8ot4",2,0.263568371534348,1975,3.99202489852905,1938,"m5hm3",0
"ebni7",2,1.87760877609253,1972,0.942725360393524,1950,"k2pke",1
"cmpkh",2,NA,1974,3.41159391403198,1946,"i3rxz",0
"gps30",2,3.58536243438721,1961,1.05915665626526,1944,"rl9mw",1
"bt9jt",1,1.26418900489807,1972,1.86378741264343,1937,"m2e1g",0
"yg6km",2,3,1967,2.88829469680786,1935,"blrre",0
"lqik4",1,3.40969157218933,1972,1.22786390781403,1959,"zn6d0",1
"yupwl",1,1.75953996181488,1977,8.97147941589355,1945,"aojxh",1
"fxm02",2,0.911214649677277,1981,0.232844486832619,1950,"bwhpr",1
"r74hw",2,15.73597240448,1971,1.37832534313202,1951,"j2ej6",1
"tz5iw",1,2.07587838172913,1957,18.8832607269287,1938,"bvtr5",1
"bdkif",2,1.53052771091461,1974,1.87396240234375,1927,"nc4vn",0
"z2s5e",1,2.08905744552612,1966,18.1472625732422,1938,"cspv2",0
"x0k29",1,0.67392235994339,1961,5.71029329299927,1928,"bhx3u",1
"zynyu",2,2,1972,3.41159391403198,1946,"i3rxz",0
"zod67",2,3,1976,4.95780277252197,1947,"fi2ct",1
"x9vap",2,3.27776598930359,1969,0.760848224163055,1945,"q7pxr",0
"mhjpn",1,4.10182619094849,1964,2.96721911430359,1940,"eu733",0
"ivgqi",1,4.32913780212402,1970,4.70309925079346,1940,"qth98",0
"mw478",1,0.60929548740387,1956,1.87396240234375,1927,"nc4vn",0
"yznoi",1,1.87396240234375,1970,1.03032577037811,1934,"sm6ob",0
"sl8mj",2,3.24723029136658,1968,8.074538230896,1935,"j3cry",0
"c2t3h",1,1.69965660572052,1970,5.24252510070801,1937,"ovmqh",1
"rwh4b",2,NA,1982,4.35633277893066,1962,"dokgd",1
"zkhkx",1,5.06596231460571,1967,2.06566667556763,1950,"qxw7z",1
"tslr7",1,24.672384262085,1954,1.50830101966858,1938,"dvn54",1
"kbefn",1,4.05769872665405,1965,0.288832813501358,1940,"cyahe",1
"v8w3h",1,NA,1972,1.2650808095932,1950,"qahq6",1
"u9irp",2,1.26649057865143,1975,1.56178224086761,1941,"siuo9",1
"czg0d",2,1.77587413787842,1976,0.71380490064621,1949,"avffe",0
"gemfo",2,9.19404697418213,1975,3.90343117713928,1954,"db3c8",0
"ak0rn",1,5.85514688491821,1961,2.4345600605011,1941,"nrqbf",1
"nadf9",2,3,1968,3.11044692993164,1940,"se89z",0
"hg57i",1,7,1972,3,1934,"u16xs",0
"hfqjc",1,3.71107721328735,1969,3.65301609039307,1944,"x7sj1",0
"tcrr8",1,5,1970,1.22786390781403,1959,"zn6d0",1
"eo7ax",2,3,1969,3.51271986961365,1935,"ppbkh",0
"m579p",2,2,1954,9.87881374359131,1927,"js942",1
"pwfkf",2,1.03517949581146,1964,1.05915665626526,1944,"rl9mw",1
"md5tq",1,1.5,1974,1.66533815860748,1950,"gbv7r",1
"bz09q",1,3,1965,3.10631227493286,1952,"ech3w",1
"ey70r",1,2.48504972457886,1964,3.10631227493286,1949,"wxovl",1
"zp1gw",2,1.75953996181488,1974,5.38264989852905,1944,"ls0ok",1
"ifu37",2,3.48451352119446,1951,2.85242295265198,1930,"bpad4",1
"aov85",2,1.82352936267853,1967,23.3052787780762,1931,"ae6fu",0
"kt7jh",2,3,1976,2,1937,"ou2a9",0
"tslr7",1,24.672384262085,1954,1.87396240234375,1927,"nc4vn",0
"mvzse",2,4.66067457199097,1975,8.47315311431885,1944,"yb91j",0
"b5aos",1,2.61634683609009,1976,0.678647041320801,1957,"fieh7",1
"ssysj",1,2.33971929550171,1959,2.52536702156067,1929,"dkju3",0
"mlqzg",2,1.52536702156067,1973,0.43078351020813,1944,"jv4io",0
"uuixr",1,2.3016049861908,1965,6.15496444702148,1933,"ehn5r",0
"j5ox3",2,1.6359121799469,1983,8.97147941589355,1945,"aojxh",1
"i832j",1,0.511527359485626,1962,6.6400203704834,1932,"qxlmf",1
"aak99",1,1.77300477027893,1966,7.62334632873535,1937,"kg78m",0
"cugvw",1,3.85179352760315,1960,1.86378741264343,1934,"t1l3s",1
"rgg3i",2,5.32913780212402,1974,1.96364367008209,1950,"wmpgt",0
"g4npl",2,2.16403245925903,1957,3.94078588485718,1925,"ltpz5",1
"jwzcw",2,0.639918565750122,1972,1.62371242046356,1958,"yzu26",1
"wo4cf",1,0.968854010105133,1968,8.38095283508301,1942,"ujx5v",1
"eo7ax",2,3,1969,3.5039975643158,1947,"w8ilb",1
"tiafk",2,1.44199740886688,1963,2.4345600605011,1941,"nrqbf",1
"vwpto",2,1.314248919487,1959,23.3052787780762,1931,"ae6fu",0
"qhu4w",1,1.69788837432861,1964,7.27035045623779,1942,"cdik6",0
"yj9cf",2,4,1985,0.310631215572357,1954,"nh506",0
"b01me",1,4.72688055038452,1965,0.380923360586166,1940,"zmhoq",1
"xkfjd",1,1.93456757068634,1962,2.42307686805725,1947,"qptzh",1
"jlwod",2,8.71982288360596,1972,8.47315311431885,1944,"yb91j",0
"nypxa",1,2.08580255508423,1967,3.51271986961365,1935,"ppbkh",0
"glbul",2,0.654086709022522,1968,0.345279335975647,1935,"eeq5f",0
"swz8l",2,4.77658939361572,1981,8,1937,"ljaf8",0
"nz3wn",2,3.15637683868408,1974,10.9528713226318,NA,"sykp5",0
"v9e0w",1,3.40969157218933,1970,7.242919921875,1942,"l48g4",1
"elu15",2,6.33245277404785,1969,12.3463945388794,1934,"ua7vq",0
"kddx7",1,NA,1972,4.34883737564087,1932,"fj8ca",0
"gxok7",2,0.855026960372925,1978,23.5157451629639,1952,"gxe2z",0
"hs66e",1,1.96728384494781,1974,0.590710878372192,1949,"a023r",1
"hx1ra",2,0.246459007263184,1973,6.1900634765625,1942,"lbq9p",0
"gxok7",2,0.855026960372925,1978,6.05466413497925,1962,"klfyc",1
"oz8bs",2,5.7435188293457,1983,1.91666662693024,1960,"avuzz",0
"f8e0j",1,3.18738126754761,1951,7.85878658294678,1931,"ybevk",0
"shk5a",2,1,1973,1.64705884456635,1932,"jjdui",0
"nqqyu",1,0.166104599833488,1969,0.276013255119324,1946,"vnl51",0
"cyf0k",2,2,1974,6,1944,"uce25",0
"chujo",1,4.47436618804932,1972,6,1942,"w9p2k",1
"siqks",2,1,1978,0.563487231731415,1956,"xijjy",1
"o9lek",2,4.11206436157227,1961,3.24051451683044,1938,"p26s6",0
"sflwp",2,0.885852873325348,1973,0.345279335975647,1935,"eeq5f",0
"am8tf",1,4,1972,1.24252486228943,1947,"jx0zn",0
"pfa6l",1,1.43752098083496,1972,3.16368651390076,1949,"o7sgu",1
"f7qvh",2,2,1977,0.657179951667786,1955,"gwgkv",1
"wo4cf",1,0.968854010105133,1968,1.86378741264343,1922,"uy6ge",0
"chujo",1,4.47436618804932,1972,2.88829469680786,1935,"blrre",0
"hjz4i",2,1.34442007541656,1965,3.51271986961365,1935,"ppbkh",0
"x9vap",2,3.27776598930359,1969,3.99101257324219,1954,"f67s6",1
"zi2n4",2,4.33649778366089,1977,8.07332611083984,1939,"o5g1m",0
"nypxa",1,2.08580255508423,1967,3.5039975643158,1947,"w8ilb",1
"gqg88",1,2.05866074562073,1972,1.87361323833466,1945,"hmakx",1
"qi2g2",2,0.487743139266968,1971,2.51452684402466,1952,"ubced",1
"abab9",2,5.86364793777466,1953,20.1808242797852,1922,"l6n5d",0
"v3ksc",2,1.34395778179169,1967,20.9299869537354,1940,"at2dj",0
"fc5q6",2,0.983641922473907,1981,0.672523498535156,1961,"m34bc",0
"f29qe",1,3.05769872665405,1965,1,1935,"hqdg0",0
"hfqjc",1,3.71107721328735,1969,3.32650804519653,1950,"u0tdh",1
"ygebh",2,5,1965,3.55066084861755,1932,"qt07d",0
"ys9ho",2,2.00487327575684,1971,3.65301609039307,1944,"x7sj1",0
"b969q",1,1.58873510360718,1967,3.27332139015198,1934,"diebg",0
"jq43p",2,18.3390998840332,1960,2.85242295265198,1930,"bpad4",1
"txdro",2,3.48504972457886,1983,0.310631215572357,1954,"nh506",0
"fgz0p",2,3,1984,1.83674597740173,1952,"b39j7",0
"wuhnb",2,3.95171546936035,1978,5.89981842041016,1962,"weptk",1
"zptry",2,2.5,1971,1.39122569561005,1933,"taqnp",0
"yg6km",2,3,1967,6,1942,"w9p2k",1
"q2r30",1,3.31557869911194,1964,18.1472625732422,1938,"cspv2",0
"rwz7w",2,1.21591198444366,1978,1.64706599712372,1950,"ip64c",0
"dw8c3",2,0.910704255104065,1972,2.10565638542175,1942,"uuwl7",0
"zqfj6",1,2.05915665626526,1967,7.27035045623779,1942,"cdik6",0
"ptoux",2,5.41379547119141,1968,1.5,1940,"jxtug",1
"yiu1n",1,1.05915665626526,1977,4,1949,"u1fjj",1
"do42r",1,1.3616110086441,1980,1.85925447940826,1965,"rghxj",1
"ovrrl",1,50.5799179077148,1972,4,1932,"j7b0g",0
"jjuse",1,2.64485597610474,1955,2.35724663734436,1913,"uvqm7",0
"lqte9",2,1.62849771976471,1979,6.48076915740967,1954,"vnvcp",0
"i73h0",2,2,1983,8.47315311431885,1944,"yb91j",0
"sq75n",2,1.27845621109009,1964,3.27332139015198,1934,"diebg",0
"k7frg",2,5.49575471878052,1982,2.76438856124878,1952,"mw12f",0
"w8ybq",1,8.70727252960205,1952,2.35724663734436,1913,"uvqm7",0
"qpdb7",2,1,1982,1.22786390781403,1959,"zn6d0",1
"nopke",2,2.93130993843079,1972,2.46008229255676,1950,"gmm2k",1
"pl87h",1,1,1974,1.2650808095932,1950,"qahq6",1
"n8xpe",2,NA,1981,NA,1965,"jlc4x",1
"yp8o5",1,1.05073416233063,1972,4.95780277252197,1947,"fi2ct",1
"xkfjd",1,1.93456757068634,1962,19.2789211273193,1933,"k5ajy",0
"ckgk4",1,3.68348383903503,1962,0.807692289352417,1942,"csgyn",1
"v38cc",1,4.09851360321045,1952,20.5247097015381,1920,"xps4w",0
"qpdb7",2,1,1982,1.83674597740173,1952,"b39j7",0
"j4yur",2,6.70826148986816,1950,3,1910,"b5k5y",0
"zi2n4",2,4.33649778366089,1977,4.25968456268311,1947,"jxxj8",1
"b7hbz",2,4.17370510101318,1966,0.963439583778381,1945,"hh95z",0
"c2t3h",1,1.69965660572052,1970,3.621262550354,1926,"f0rk4",0
"c9eau",2,2.08914732933044,1977,1.73818874359131,1946,"pkv30",0
"rhkux",1,2.64485597610474,1958,0.898804783821106,1935,"ium3b",0
"bfn6c",1,2.40411710739136,1968,1.5,1952,"wwebp",1
"yakyg",1,1.67255687713623,1962,0.722270667552948,1932,"k87xd",0
"w2k2u",2,1.52898406982422,1978,5.27186918258667,1951,"hkhap",0
"mvzse",2,4.66067457199097,1975,3.64900898933411,1954,"hja4u",1
"p89os",1,5.47020578384399,1977,3.10631227493286,1952,"sxe08",1
"jd25g",1,2.11831331253052,1975,3.10631227493286,1947,"hknc0",1
"p89os",1,5.47020578384399,1977,1.86378741264343,1947,"in8ca",0
"gmjl1",2,2.66754150390625,1980,0.568702578544617,1960,"b9urq",1
"gps30",2,3.58536243438721,1961,3.96570158004761,1932,"q8wk6",0
"zxsch",2,2,1974,2,1937,"ou2a9",0
"kbefn",1,4.05769872665405,1965,0.650702357292175,1934,"ews4n",0
"m2127",1,9.0576753616333,1966,3.4339816570282,1940,"r8pcg",1
"abab9",2,5.86364793777466,1953,3.94078588485718,1925,"ltpz5",1
"vvbua",1,2.71109127998352,1967,4.25968456268311,1947,"jxxj8",1
"qsrbs",2,2.84387254714966,1954,6.6400203704834,1932,"qxlmf",1
"evlcf",1,11.8558559417725,1965,4.68216228485107,1939,"vf0vj",0
"vwpto",2,1.314248919487,1959,20.1291160583496,1941,"zylnb",1
"g7m5t",1,16.977029800415,1981,NA,1957,"zrcme",0
"o5j7x",2,7.19184541702271,1981,1.23284447193146,1960,"so82f",0
"rc0an",1,3.17747020721436,1962,5.24252510070801,1937,"ovmqh",1
"uyvsj",1,2,1975,5,1941,"yrkin",1
"sktyn",2,3.17747020721436,1985,2.64789175987244,1959,"h2wpd",1
"ndm2m",1,16.7334804534912,1947,9.87881374359131,1927,"js942",1
"fhowh",2,0.887992441654205,1984,0.116422243416309,1955,"glba2",0
"cvldg",2,4.85189199447632,1975,8,1937,"ljaf8",0
"o7h3u",1,2.28393387794495,1976,1.3090318441391,1956,"tr5vd",1
"bsvf0",1,0.749584972858429,1978,3.30084896087646,1942,"sz958",0
"oeql1",1,4,1976,1.74958491325378,1946,"qhkol",0
"sqn48",1,8.6184606552124,1971,0.759417057037354,1948,"mj0kr",0
"ebni7",2,1.87760877609253,1972,1.84787619113922,1944,"jzr7o",0
"cvldg",2,4.85189199447632,1975,5,1952,"vxgd4",1
"prfxa",1,4.10146808624268,1961,9.20293617248535,1941,"wm4za",1
"z4ca4",2,3,1968,32.9949645996094,1925,"s6rbd",0
"yupwl",1,1.75953996181488,1977,7.27035045623779,1942,"cdik6",0
"ndm2m",1,16.7334804534912,1947,20.5247097015381,1920,"xps4w",0
"ub0o6",1,1.22731041908264,1953,4.34883737564087,1932,"fj8ca",0
"og9z9",1,4.83827590942383,1975,0.760848224163055,1945,"q7pxr",0
"dz602",2,2,1980,1.64485585689545,1942,"mdktl",0
"p8qn9",2,2.65795516967773,1976,4.01199293136597,1952,"nwsn2",0
"swz8l",2,4.77658939361572,1981,5,1952,"vxgd4",1
"zynyu",2,2,1972,5.00553417205811,1954,"stkl4",1
"ewvls",1,4,1947,5.6681432723999,1922,"tr7tv",1
"racl4",2,7.19498872756958,1966,12.3463945388794,1934,"ua7vq",0
"odco3",2,0.919174313545227,1967,3.83107352256775,1950,"pbmn4",1
"nbbob",2,5.20487451553345,1966,2.90842461585999,1935,"oze37",1
"glbul",2,0.654086709022522,1968,2.25297403335571,1942,"g444s",1
"sqwar",2,2.01401448249817,1975,4,1947,"xmydk",1
"hf2xh",1,2.11831331253052,1972,4.97009944915771,1937,"lr9mv",0
"zqfj6",1,2.05915665626526,1967,8.97147941589355,1945,"aojxh",1
"l12dz",2,45.2161750793457,1975,3.85722994804382,1956,"tpfxl",1
"l2vwn",1,3.90270280838013,1963,2.63963961601257,1944,"z4zka",1
"sktyn",2,3.17747020721436,1985,3.11831331253052,1952,"bjo1v",0
"kj24h",1,2.55726861953735,1976,5.38264989852905,1944,"ls0ok",1
"dcp5h",2,1.98364186286926,1965,8.02304077148438,1933,"wn7gt",0
"xxmlb",1,2.91981410980225,1972,3.83107352256775,1950,"pbmn4",1
"psm3c",2,2,1975,4.56090927124023,1956,"r5ly0",1
"ea9ww",1,3.799471616745,1972,2.54191708564758,1948,"gly17",1
"u9z3o",1,2.30285000801086,1961,0.383934497833252,1940,"h9cme",1
"z27fx",1,1.50536668300629,1974,3.11831331253052,1952,"bjo1v",0
"vxzbm",2,4.66754150390625,1973,3.40658068656921,1948,"bfgby",0
"grehe",2,3.22454714775085,1972,0.923470258712769,1933,"lcjg5",0
"b5aos",1,2.61634683609009,1976,0.492142558097839,1951,"yponu",0
"dzeh2",2,2.64930558204651,1962,4.74167776107788,1935,"a8krl",0
"a9ll5",1,6.37659120559692,1958,7.85878658294678,1931,"ybevk",0
"tuz6a",2,4,1969,4.63644123077393,1928,"pi0jd",0
"xf94p",2,1.62991142272949,1975,1.86378741264343,1934,"t1l3s",1
"agqmm",1,2.17370510101318,1975,2.41047596931458,1946,"tz2m2",0
"jcj0v",1,9.65775394439697,1967,2,1945,"pi4y8",1
"sm3c8",2,1.2983500957489,1974,2.46008229255676,1950,"gmm2k",1
"dfap5",1,8.74386405944824,1965,3.13090562820435,1934,"nmxcr",1
"sufx3",1,1.58873510360718,1974,1.22786390781403,1959,"zn6d0",1
"kddx7",1,NA,1972,1.86378741264343,1934,"t1l3s",1
"azn1s",2,3.41595315933228,1975,2.41595315933228,1943,"ln4pq",0
"yp8o5",1,1.05073416233063,1972,3.50249028205872,1940,"duu4w",0
"tdsso",2,2,1972,1.96226012706757,1951,"n1g9n",1
"bia9n",2,1.52509796619415,1967,1.02116692066193,1942,"mp4sq",0
"byibh",1,4.37729740142822,1970,14.8319034576416,1940,"p7zgm",0
"b15cj",1,3.80686211585999,1976,0.682120800018311,1957,"potvy",1
"ld76c",2,10.8255395889282,1970,0.626820027828217,1950,"uzjkz",1
"j12t4",2,4.13653802871704,1984,4.35633277893066,1962,"dokgd",1
"kt7jh",2,3,1976,3,1947,"ydeaw",1
"a5c6j",1,0.911214649677277,1972,1.6965548992157,1952,"kmap8",1
"aqtz9",1,2.53298115730286,1981,0.571999728679657,1960,"qe38k",1
"c0gy8",1,2.49663209915161,1972,4.02780866622925,1938,"xdxql",0
"h1227",2,4,1962,3.55066084861755,1932,"qt07d",0
"do42r",1,1.3616110086441,1980,1.91666662693024,1960,"avuzz",0
"x4o1f",1,20.6674003601074,1978,2.76438856124878,1952,"mw12f",0
"lzuh3",1,2.80449557304382,1969,4.8842134475708,1952,"vngbz",1
"pdmd7",2,2.1519889831543,1976,3.4237687587738,1955,"md2ee",1
"ubwi2",1,0.886824607849121,1967,0.807692289352417,1942,"csgyn",1
"ixdjx",2,2.24926209449768,1966,4,1942,"fn4kg",1
"c5zn2",2,1,1938,3,1935,"h8ckz",1
"bfn6c",1,2.40411710739136,1968,10.9528713226318,NA,"sykp5",0
"rccb3",1,12.4707918167114,1963,3.13090562820435,1934,"nmxcr",1
"e6u9v",1,4.57859134674072,1973,3.10631227493286,1952,"ech3w",1
"hgtp8",1,2.64789175987244,1957,4.34883737564087,1932,"fj8ca",0
"q3yxc",1,11.3374643325806,1975,4.50428295135498,1951,"yjxaw",0
"fvw5x",2,0.572539627552032,1956,3.86060404777527,1930,"aff92",0
"p6rzi",2,5.29482555389404,1974,1.87396240234375,1950,"s94t0",1
"ydlit",2,7.4821982383728,1964,2,1944,"pnw5v",1
"l2vwn",1,3.90270280838013,1963,4.68216228485107,1939,"vf0vj",0
"er1uv",1,1.05866074562073,1968,0.861580908298492,1950,"kfzew",1
"hu10w",2,3,1962,1.48272788524628,1934,"kwd6p",0
"zud7a",2,3.17370510101318,1977,8.57377529144287,1951,"l3khn",0
"bxx6h",2,5.36579990386963,1967,2.16034317016602,1942,"prekt",0
"lts9y",2,3.799471616745,1961,6.00323152542114,1945,"lzqqv",1
"ycphx",2,4.97419738769531,1977,4.32830667495728,1946,"ymr0d",0
"qsrbs",2,2.84387254714966,1954,7.85878658294678,1931,"ybevk",0
"siqks",2,1,1978,2.06348729133606,1950,"dlt24",0
"kav0u",2,8.44537258148193,1976,4.00660800933838,1952,"ajbev",1
"c3ba3",1,5.3017430305481,1956,6.6400203704834,1932,"qxlmf",1
"rjkn3",1,7.58829879760742,1975,1.5,1952,"wwebp",1
"g7m5t",1,16.977029800415,1981,NA,1961,"on33c",1
"uy3qd",2,2.88179659843445,1953,6.6400203704834,1932,"qxlmf",1
"fhuuk",1,2.80396485328674,1964,5,1929,"hu8g7",0
"r0iju",1,2.92864871025085,1977,2.90874767303467,1956,"z43yz",1
"fhowh",2,0.887992441654205,1984,0.232844486832619,1962,"rdrdw",1
"mdnt6",1,6.33245277404785,1970,2.54191708564758,1948,"gly17",1
"trary",2,1,1966,3.64791393280029,1941,"mzld0",1
"c4max",1,4.06843376159668,1972,13.5923824310303,1940,"jr2c1",0
"auulf",2,1.28603434562683,1962,2.52536702156067,1929,"dkju3",0
"ri4bn",1,6,1967,4,1932,"j7b0g",0
"f60cu",1,1,1967,0.190524041652679,1945,"r4d1d",0
"zyy8f",2,2.03140449523926,1978,14.8319034576416,1940,"p7zgm",0
"qebvu",2,0.690891206264496,1944,20.1808242797852,1922,"l6n5d",0
"pkxq5",2,3.3693151473999,1983,4.40969181060791,1946,"em4d5",0
"sqn48",1,8.6184606552124,1971,1.40378391742706,1954,"zqcgj",1
"dcp5h",2,1.98364186286926,1965,3.92157292366028,1944,"j6piw",1
"llj99",2,2.53587985038757,1978,1.18611407279968,1957,"xhy0y",1
"aov85",2,1.82352936267853,1967,20.1291160583496,1941,"zylnb",1
"jn4xb",1,NA,1982,NA,1903,"bo4np",0
"ovrrl",1,50.5799179077148,1972,7,1947,"niv32",1
"hgci5",2,1.49479722976685,1979,0.750315368175507,1950,"qmiim",0
"lm29t",1,1.98626673221588,1974,2.10565638542175,1942,"uuwl7",0
"l73u1",2,2.0150260925293,1967,4.32068634033203,1938,"aorjp",0
"dlrey",2,2.83029842376709,1974,1.87092864513397,1949,"o97ay",1
"dhbfv",2,3.76412844657898,1976,7.75857782363892,1942,"sapc7",0
"x0k29",1,0.67392235994339,1961,2.88862752914429,1923,"ga209",0
"tuz6a",2,4,1969,4,1942,"fn4kg",1
"m7r7b",2,3,1964,3,1939,"kdk19",1
"fxm02",2,0.911214649677277,1981,4.11206436157227,1942,"vrbzp",0
"zl2im",1,3.86262011528015,1962,1.74763774871826,1933,"xddas",0
"j7doz",2,1.34968364238739,1976,1.40674519538879,1962,"s0jp2",1
"svver",1,3.86262011528015,1966,9.04601001739502,1939,"ox6sh",1
"akep3",2,3.44840025901794,1973,10.9528713226318,NA,"sykp5",0
"ub0o6",1,1.22731041908264,1953,1.86378741264343,1934,"t1l3s",1
"ao1ej",1,3.24681782722473,1957,4.12680912017822,1924,"dqak9",0
"zl2im",1,3.86262011528015,1962,9.04601001739502,1939,"ox6sh",1
"tb7yw",1,3.11484217643738,1955,2.85242295265198,1930,"bpad4",1
"elcp1",2,2.58873510360718,1982,3.11831331253052,1952,"bjo1v",0
"og9z9",1,4.83827590942383,1975,3.99101257324219,1954,"f67s6",1
"ydyv1",2,7.84574747085571,1975,1.27095854282379,1952,"xqk1e",1
"b969q",1,1.58873510360718,1967,3,1942,"hu42z",1
"jcj0v",1,9.65775394439697,1967,3,1942,"mbeez",0
"jlwod",2,8.71982288360596,1972,3.64900898933411,1954,"hja4u",1
"ulmgj",1,6.03496170043945,1962,5.88701200485229,1934,"q2qs6",0
"njehd",2,1.17524147033691,1964,5.88701200485229,1934,"q2qs6",0
"nko23",1,4.39125633239746,1964,19.2789211273193,1933,"k5ajy",0
"po6z5",2,0.590710878372192,1968,2.96721911430359,1940,"eu733",0
"oz8bs",2,5.7435188293457,1983,1.85925447940826,1965,"rghxj",1
"od6ky",2,1.66682922840118,1976,1.87396240234375,1951,"rxzqq",0
"r4j0u",1,2.55888485908508,1960,0.383934497833252,1940,"h9cme",1
"pdmd7",2,2.1519889831543,1976,1.74958491325378,1943,"beoif",0
"lg046",1,8.59210014343262,1969,1.24252486228943,1947,"jx0zn",0
"nopke",2,2.93130993843079,1972,1.81874918937683,1942,"np67c",0
"wuhnb",2,3.95171546936035,1978,2.21106839179993,1957,"k7oo4",0
"dz602",2,2,1980,0.628825843334198,1952,"hftav",1
"wmx2y",1,3.03195834159851,1970,3.40658068656921,1948,"bfgby",0
"dhcmn",1,1.75297915935516,1967,20.5247097015381,1920,"xps4w",0
"g8fhz",2,1.96226012706757,1961,32.9949645996094,1925,"s6rbd",0
"gcqst",1,3.08391356468201,1966,2.25049090385437,1947,"ydjlj",1
"czr56",2,2.33377075195312,1972,1.23058557510376,1945,"gp1z4",0
"e8ot4",2,0.263568371534348,1975,3.86775994300842,1943,"m8663",1
"cx5mz",2,2.63981413841248,1973,1.83342266082764,1942,"ukq18",0
"c0gy8",1,2.49663209915161,1972,4.27822351455688,1944,"nqax3",1
"i7lh9",2,15.2706537246704,1973,7.70075511932373,1934,"lddji",1
"yeeu6",1,6.1047887802124,1969,2.88829469680786,1935,"blrre",0
"p6isl",2,3.07227563858032,1956,23.3052787780762,1931,"ae6fu",0
"hpo4j",1,9.36336135864258,1957,9.87881374359131,1927,"js942",1
"ewvls",1,4,1947,5.77445554733276,1912,"lixd9",0
"yznoi",1,1.87396240234375,1970,2.06566667556763,1950,"qxw7z",1
"r3h54",1,3.39577293395996,1978,6.2051305770874,1958,"hgq9i",1
"kc3qa",2,0.856301784515381,1966,4.13468503952026,1947,"w7syq",1
"b7hbz",2,4.17370510101318,1966,3.799471616745,1950,"ie5bl",1
"hf2xh",1,2.11831331253052,1972,3.10631227493286,1947,"hknc0",1
"fqgyu",1,2.58480167388916,1974,5.34182357788086,1937,"gp6d7",0
"q7ft9",1,12.9480991363525,1970,1.02116692066193,1942,"mp4sq",0
"zuegi",2,2.64161157608032,1959,4.74167776107788,1935,"a8krl",0
"ys9ho",2,2.00487327575684,1971,3.32650804519653,1950,"u0tdh",1
"pk0xc",1,3.17747020721436,1967,3.621262550354,1926,"f0rk4",0
"g4npl",2,2.16403245925903,1957,20.1808242797852,1922,"l6n5d",0
"lbhz8",2,2.05508089065552,1965,5.6013970375061,1935,"bv3lr",0
"w2k2u",2,1.52898406982422,1978,7.106041431427,1954,"f136p",1
"pwfkf",2,1.03517949581146,1964,3.96570158004761,1932,"q8wk6",0
"j5ox3",2,1.6359121799469,1983,7.27035045623779,1942,"cdik6",0
"lqik4",1,3.40969157218933,1972,1.83674597740173,1952,"b39j7",0
"q3yxc",1,11.3374643325806,1975,2.19674205780029,1958,"nupxp",1
"o7h3u",1,2.28393387794495,1976,1.64706599712372,1950,"ip64c",0
"kx8oh",2,7.13486671447754,1975,7.106041431427,1954,"f136p",1
"akep3",2,3.44840025901794,1973,1.5,1952,"wwebp",1
"r0iju",1,2.92864871025085,1977,4.40969181060791,1946,"em4d5",0
"zv22f",1,2.37258172035217,1946,3.94078588485718,1925,"ltpz5",1
"vxzbm",2,4.66754150390625,1973,1.76972079277039,1950,"u7mel",1
"jwwgh",2,4,1967,3.55066084861755,1932,"qt07d",0
"ic0o4",1,3.37797451019287,1962,4.32068634033203,1938,"aorjp",0
"tbnf2",2,3.83863925933838,1974,0.605164468288422,1944,"a1iue",1
"elcp1",2,2.58873510360718,1982,2.64789175987244,1959,"h2wpd",1
"pzoip",1,1.52884936332703,1972,2.59470772743225,1946,"ugpa3",0
"am8tf",1,4,1972,3.10631227493286,1949,"wxovl",1
"y6925",2,3,1967,3,1934,"u16xs",0
"g8fhz",2,1.96226012706757,1961,18.8832607269287,1938,"bvtr5",1
"dw8c3",2,0.910704255104065,1972,3.00067043304443,1948,"l00m5",1
"e4u35",2,9.00484752655029,1963,8.0715274810791,1929,"l6aff",0
"cmpkh",2,NA,1974,5.00553417205811,1954,"stkl4",1
"iuigy",2,1.19111788272858,1949,20.1808242797852,1922,"l6n5d",0
"aqtz9",1,2.53298115730286,1981,0.635479271411896,1958,"llmcx",0
"vmzbr",2,4.70547151565552,1981,8.5550537109375,1956,"gvx81",1
"ve1kc",2,1,1975,2.16791987419128,1941,"faah5",0
"qu4sc",1,1.00340890884399,1959,5,1929,"hu8g7",0
"rc0an",1,3.17747020721436,1962,3.621262550354,1926,"f0rk4",0
"nlnpg",1,3.18483686447144,1966,1.32242798805237,1936,"dqy24",0
"g34mc",1,3.96750783920288,1965,2.09251856803894,1947,"kmfk7",1
"shk5a",2,1,1973,0.380923360586166,1940,"zmhoq",1
"j5wnq",2,1.83033728599548,1967,18.3776969909668,1941,"le0rb",1
"jwzcw",2,0.639918565750122,1972,1.96364367008209,1950,"wmpgt",0
"hg57i",1,7,1972,5,1941,"yrkin",1
"dfap5",1,8.74386405944824,1965,0.919174313545227,1928,"gwf4b",0
"idewe",1,14.1624851226807,1970,2,1944,"pnw5v",1
"txdro",2,3.48504972457886,1983,1.86378741264343,1969,"hvkkl",1
"kj24h",1,2.55726861953735,1976,3,1938,"xlesa",0
"o0aag",2,3,1941,4,1920,"tiwen",1
"twnh9",1,1.58873510360718,1962,5.38264989852905,1944,"ls0ok",1
"mw478",1,0.60929548740387,1956,1.50830101966858,1938,"dvn54",1
"kx8oh",2,7.13486671447754,1975,5.27186918258667,1951,"hkhap",0
"nz3wn",2,3.15637683868408,1974,1.5,1952,"wwebp",1
"q2r30",1,3.31557869911194,1964,10.3524227142334,1943,"p9gfa",1
"k4srd",1,7.47281742095947,1978,0.925788640975952,1955,"afkrm",1
"w3q61",1,1.09997653961182,1975,2.77205991744995,1954,"orbjr",1
"lqte9",2,1.62849771976471,1979,6.86898183822632,1964,"lca7n",1
"lu8ng",1,3.55381846427917,1973,7.106041431427,1954,"f136p",1
"jnei0",2,1.48774313926697,1972,7.60352420806885,1950,"x4m7c",0
"j7doz",2,1.34968364238739,1976,2.82170367240906,1946,"aiqjk",0
"oeql1",1,4,1976,0.775041520595551,1956,"xp27r",1
"uuixr",1,2.3016049861908,1965,1.56178224086761,1941,"siuo9",1
"twnh9",1,1.58873510360718,1962,3,1938,"xlesa",0
"zh521",2,0.54167377948761,1971,1.69382953643799,1954,"a0ght",1
"s6i8f",2,4.03033924102783,1973,14.8319034576416,1940,"p7zgm",0
"v38cc",1,4.09851360321045,1952,9.87881374359131,1927,"js942",1
"lfkcg",2,2.03491187095642,1976,6.21229028701782,1952,"eqgs8",1
"gqg88",1,2.05866074562073,1972,1.23634326457977,1942,"nt9rv",0
"ynlpd",2,1.93639814853668,1971,0.760848224163055,1945,"q7pxr",0
"grehe",2,3.22454714775085,1972,0.605164468288422,1944,"a1iue",1
"m579p",2,2,1954,20.5247097015381,1920,"xps4w",0
"j5wnq",2,1.83033728599548,1967,8.0715274810791,1929,"l6aff",0
"tosqa",1,2.08017158508301,1971,1.58771967887878,1942,"whs5i",0
"br47c",1,8.22712993621826,1978,4,1943,"q0tbk",0
"zod67",2,3,1976,3.50249028205872,1940,"duu4w",0
"b15cj",1,3.80686211585999,1976,1.32626080513,1950,"dtlsu",0
"sflwp",2,0.885852873325348,1973,2.25297403335571,1942,"g444s",1
"nwxcy",2,0.995157718658447,1976,1.86378741264343,1937,"m2e1g",0
"w5vi7",2,4.27332162857056,1972,3,1947,"ydeaw",1
"f60cu",1,1,1967,0.626820027828217,1950,"uzjkz",1
"bhw0u",1,3.52601003646851,1954,5,1929,"hu8g7",0
"ao1ej",1,3.24681782722473,1957,2.85242295265198,1930,"bpad4",1
"v3p2l",1,1.37654411792755,1965,2.36161088943481,1928,"xd37s",0
"nsucz",1,1.2143532037735,1969,1.65299820899963,1942,"mjhc8",1
"bia9n",2,1.52509796619415,1967,1.88911926746368,1945,"cbty7",1
"fc5q6",2,0.983641922473907,1981,1.12769782543182,1965,"t10la",1
"dhcmn",1,1.75297915935516,1967,9.87881374359131,1927,"js942",1
"evlcf",1,11.8558559417725,1965,2.63963961601257,1944,"z4zka",1
"v7uxz",1,1.5,1972,2.10070300102234,1937,"b2vo8",0
"kbnf2",2,0.584314584732056,1962,6,1942,"w9p2k",1
"nglnt",2,1.05484402179718,1975,1.3020738363266,1949,"w90p4",1
"ahiee",2,1.52884936332703,1972,0.590710878372192,1949,"a023r",1
"sqwar",2,2.01401448249817,1975,9.01994228363037,1942,"v7gmh",0
"h1227",2,4,1962,7.242919921875,1942,"l48g4",1
"umo6u",2,1.58873510360718,1974,8.97147941589355,1945,"aojxh",1
"f4psn",1,1.66121399402618,1967,1.64705884456635,1932,"jjdui",0
"bxx6h",2,5.36579990386963,1967,2.16034317016602,1950,"kjhw3",1
"jlcdk",1,4.16739845275879,1964,0.605164468288422,1944,"a1iue",1
"q750l",1,9.19313812255859,1959,12.4666452407837,1932,"mlsty",0
"sq75n",2,1.27845621109009,1964,3,1942,"hu42z",1
"i832j",1,0.511527359485626,1962,7.85878658294678,1931,"ybevk",0
"bdkif",2,1.53052771091461,1974,1.50830101966858,1938,"dvn54",1
"w49rp",2,2.59808683395386,1970,3.83063244819641,1947,"uggiq",0
"u9irp",2,1.26649057865143,1975,6.15496444702148,1933,"ehn5r",0
"bvikb",1,8.25235176086426,1974,2.76438856124878,1952,"mw12f",0
"elu15",2,6.33245277404785,1969,6.00323152542114,1945,"lzqqv",1
"bt9jt",1,1.26418900489807,1972,2,1944,"pnw5v",1
"rpvyj",2,0.712374031543732,1976,2.64485597610474,1942,"fdfsq",1
"ydlit",2,7.4821982383728,1964,1.86378741264343,1937,"m2e1g",0
"e1dke",1,2.78621983528137,1973,3.99101257324219,1954,"f67s6",1
"pzoip",1,1.52884936332703,1972,2.64675283432007,1950,"odfph",1
"mdnt6",1,6.33245277404785,1970,1.27095854282379,1936,"kkzh4",0
"c9eau",2,2.08914732933044,1977,2.31298160552979,1952,"oroqc",1
"tzwei",2,5.54877281188965,1982,1.94944298267365,1959,"kax04",0
"fel1k",2,2.55726861953735,1964,2.88829469680786,1935,"blrre",0
"a8ygv",2,4,1967,3.10631227493286,1952,"ech3w",1
"o0aag",2,3,1941,3,1910,"b5k5y",0
"nlnpg",1,3.18483686447144,1966,4.08249378204346,1949,"z3qnq",1
"sgap4",2,0.886824607849121,1974,12.4666452407837,1932,"mlsty",0
"w3q61",1,1.09997653961182,1975,2.23113822937012,1949,"mf10c",0
"t9gyg",1,3.38598537445068,1963,1.64705884456635,1932,"jjdui",0
"gfno4",2,5.15842866897583,1973,2.41047596931458,1946,"tz2m2",0
"h76ho",1,1.24465763568878,1972,0.698533475399017,1940,"zyypq",0
"ckgk4",1,3.68348383903503,1962,1.21153843402863,1927,"ag5co",0
"knx0i",2,1.75953996181488,1979,0.323467224836349,1951,"esurx",0
"fhuuk",1,2.80396485328674,1964,4.82887697219849,1936,"cmk5n",1
"zgt55",2,1.33878600597382,1976,3.16368651390076,1949,"o7sgu",1
"c3ba3",1,5.3017430305481,1956,7.85878658294678,1931,"ybevk",0
"vzva3",1,2.1013605594635,1966,4.02780866622925,1938,"xdxql",0
"x4rus",1,1.20797657966614,1970,2.41595315933228,1943,"ln4pq",0
"l7iyb",2,3.8821222782135,1972,3.32650804519653,1950,"u0tdh",1
"psm3c",2,2,1975,2.66754150390625,1949,"jvpdl",0
"vvbua",1,2.71109127998352,1967,8.07332611083984,1939,"o5g1m",0
"u9z3o",1,2.30285000801086,1961,0.173761516809464,1934,"wt1wc",0
"j12t4",2,4.13653802871704,1984,2.25014424324036,NA,"jxr2w",0
"vp5o5",2,1.25394892692566,1966,1.21153843402863,1946,"c67du",1
"gtmdh",2,0.461735129356384,1972,20.9299869537354,1940,"at2dj",0
"ap5d3",1,2.54998826980591,1960,11.9202356338501,1926,"aidot",0
"w49rp",2,2.59808683395386,1970,4.8842134475708,1952,"vngbz",1
"z4ca4",2,3,1968,18.8832607269287,1938,"bvtr5",1
"zigcd",2,1.5,1976,2.33377075195312,1957,"kkied",1
"iuigy",2,1.19111788272858,1949,3.94078588485718,1925,"ltpz5",1
"uhz9z",1,6.16809606552124,1972,12.3463945388794,1934,"ua7vq",0
"aj5z1",2,2.93812990188599,1961,1.74763774871826,1933,"xddas",0
"w2v0x",1,3.05018305778503,1955,3,1935,"h8ckz",1
"z8zgx",2,1.28971171379089,1970,4.27822351455688,1944,"nqax3",1
"p6rzi",2,5.29482555389404,1974,2.20130038261414,1946,"hqmsp",0
"yakyg",1,1.67255687713623,1962,2,1942,"u69y1",1
"vmzbr",2,4.70547151565552,1981,6.39406871795654,1953,"icnzz",0
"t78jh",2,0.332209199666977,1969,0.923470258712769,1933,"lcjg5",0
"i73h0",2,2,1983,3.64900898933411,1954,"hja4u",1
"ruyhy",1,2,1976,0.750315368175507,1950,"qmiim",0
"i7lh9",2,15.2706537246704,1973,12.4666452407837,1932,"mlsty",0
"z27fx",1,1.50536668300629,1974,2.64789175987244,1959,"h2wpd",1
"dishm",1,1.45578980445862,1977,5.34182357788086,1937,"gp6d7",0
"aivjz",1,4.90293169021606,1968,3.40658068656921,1948,"bfgby",0
"jgdox",1,1.31741273403168,1958,0.722270667552948,1932,"k87xd",0
"zuegi",2,2.64161157608032,1959,3.64791393280029,1941,"mzld0",1
"ld76c",2,10.8255395889282,1970,0.190524041652679,1945,"r4d1d",0
"lk576",1,1.46568894386292,1972,2.24669289588928,1950,"r4toy",1
"mem2o",2,1.26442468166351,1963,9.20293617248535,1941,"wm4za",1
"yoxnz",2,1.59417080879211,1969,0.554082632064819,1945,"sx9s9",0
"r0ddr",2,18.127161026001,1964,12.3463945388794,1934,"ua7vq",0
"hx1ra",2,0.246459007263184,1973,3.85722994804382,1956,"tpfxl",1
"zyy8f",2,2.03140449523926,1978,2.37368559837341,1949,"juqih",1
"lts9y",2,3.799471616745,1961,12.3463945388794,1934,"ua7vq",0
"jq43p",2,18.3390998840332,1960,4.12680912017822,1924,"dqak9",0
"lgh2x",1,5,1966,1.24252486228943,1947,"jx0zn",0
"sm3c8",2,1.2983500957489,1974,1.81874918937683,1942,"np67c",0
"mjacx",2,3.13559889793396,1973,1.60801494121552,1937,"fp2vq",0
"mjacx",2,3.13559889793396,1973,2.64485597610474,1942,"fdfsq",1
"db3ob",1,1.38200128078461,1971,1.07332599163055,1950,"vf2ap",1
"umo6u",2,1.58873510360718,1974,7.27035045623779,1942,"cdik6",0
"ea9ww",1,3.799471616745,1972,1.27095854282379,1936,"kkzh4",0
"n7il1",1,3.0523943901062,1971,3.10631227493286,1952,"ech3w",1
"sufx3",1,1.58873510360718,1974,1.83674597740173,1952,"b39j7",0
"ef9pa",1,3,1973,1.06348717212677,1949,"jpxbd",1
"njehd",2,1.17524147033691,1964,3.4339816570282,1940,"r8pcg",1
"hm0iu",1,1.45890974998474,1972,1.58174908161163,1950,"g9v1n",0
"p6isl",2,3.07227563858032,1956,20.1291160583496,1941,"zylnb",1
"m2127",1,9.0576753616333,1966,5.88701200485229,1934,"q2qs6",0
"c4max",1,4.06843376159668,1972,10.5808258056641,1950,"v7q4m",1
"t78jh",2,0.332209199666977,1969,0.605164468288422,1944,"a1iue",1
"lb9vu",2,2.04535388946533,1968,2.16034317016602,1954,"ipswx",1
"bxmge",1,3.16991829872131,1963,4.34883737564087,1932,"fj8ca",0
"d5op8",2,4.17312669754028,1985,4,1962,"ij4g9",1
"hgtp8",1,2.64789175987244,1957,1.86378741264343,1934,"t1l3s",1
"z2s5e",1,2.08905744552612,1966,10.3524227142334,1943,"p9gfa",1
"ifu37",2,3.48451352119446,1951,4.12680912017822,1924,"dqak9",0
"czr56",2,2.33377075195312,1972,1.23634326457977,1955,"nmtm9",1
"mzdhy",1,5.01202297210693,1980,4.40969181060791,1946,"em4d5",0
"yqsam",2,4.00347185134888,1961,4.74167776107788,1935,"a8krl",0
"ak0rn",1,5.85514688491821,1961,3.02780842781067,1939,"gf5mx",0
"tj8r0",1,0.66754162311554,1969,10.3524227142334,1943,"p9gfa",1
"j4yur",2,6.70826148986816,1950,4,1920,"tiwen",1
"nqqyu",1,0.166104599833488,1969,0.304647743701935,1952,"tx3gl",1
"mlqzg",2,1.52536702156067,1973,0.135973498225212,1954,"yx4y3",1
"i6989",1,1.14127230644226,1975,1.48025107383728,1949,"h0asa",0
"r0ddr",2,18.127161026001,1964,6.00323152542114,1945,"lzqqv",1
"ap5d3",1,2.54998826980591,1960,15.2575483322144,1936,"qm9w7",1
"w2v0x",1,3.05018305778503,1955,3.1970272064209,1930,"l6v11",0
"krfea",2,2.48504972457886,1983,4,1962,"ij4g9",1
"xxmlb",1,2.91981410980225,1972,1.85625350475311,1938,"bpgxq",0
"yj9cf",2,4,1985,1.86378741264343,1969,"hvkkl",1
"miwd7",1,2.53298115730286,1971,2.16034317016602,1942,"prekt",0
"aivjz",1,4.90293169021606,1968,1.76972079277039,1950,"u7mel",1
"jd25g",1,2.11831331253052,1975,4.97009944915771,1937,"lr9mv",0
"ycqxj",1,1.64485585689545,1950,2.35724663734436,1913,"uvqm7",0
"rgdu5",2,4.60962581634521,1972,6,1944,"uce25",0
"fel1k",2,2.55726861953735,1964,6,1942,"w9p2k",1
"mwojw",1,2.6973979473114,1966,3.36847615242004,1950,"cdpms",1
"lg046",1,8.59210014343262,1969,3.10631227493286,1949,"wxovl",1
"c6uzm",2,2.33377075195312,1976,1.21670985221863,1946,"d5jtu",0
"uy3qd",2,2.88179659843445,1953,7.85878658294678,1931,"ybevk",0
"rpvyj",2,0.712374031543732,1976,1.60801494121552,1937,"fp2vq",0
"oy4d7",2,1.67287075519562,1957,5.77445554733276,1912,"lixd9",0
"zkhkx",1,5.06596231460571,1967,1.03032577037811,1934,"sm6ob",0
"ts241",2,2.64789175987244,1968,3,1938,"xlesa",0
"rgg3i",2,5.32913780212402,1974,1.62371242046356,1958,"yzu26",1
"ri4bn",1,6,1967,7,1947,"niv32",1
"tdsso",2,2,1972,0.670948565006256,1943,"mf369",0
"ey70r",1,2.48504972457886,1964,1.24252486228943,1947,"jx0zn",0
"laqvn",2,1.18631029129028,1972,1.73098063468933,1946,"tiynq",1
"f7qvh",2,2,1977,1.181920170784,1952,"u479x",0
"k4srd",1,7.47281742095947,1978,2.57610106468201,1952,"ubhsm",0
"lgh2x",1,5,1966,3.10631227493286,1949,"wxovl",1
"od6ky",2,1.66682922840118,1976,4.18165445327759,1957,"fbjmk",1
"a5c6j",1,0.911214649677277,1972,1.34141087532043,1944,"bo1lg",0
"v3ksc",2,1.34395778179169,1967,17.0355567932129,1947,"p50v4",1
"svver",1,3.86262011528015,1966,1.74763774871826,1933,"xddas",0
"erhsn",2,3.58090090751648,1979,3,1957,"w7z14",1
"berwm",1,4.68393754959106,1971,4.08249378204346,1949,"z3qnq",1
"f8e0j",1,3.18738126754761,1951,6.6400203704834,1932,"qxlmf",1
"zigcd",2,1.5,1976,4,1950,"l1kml",0
"tj8r0",1,0.66754162311554,1969,18.1472625732422,1938,"cspv2",0
"zgt55",2,1.33878600597382,1976,0.590710878372192,1944,"cu3oa",0
"kbnf2",2,0.584314584732056,1962,2.88829469680786,1935,"blrre",0
"fgz0p",2,3,1984,1.22786390781403,1959,"zn6d0",1
"zzq9k",2,3.19639086723328,1968,2.90842461585999,1935,"oze37",1
"xf94p",2,1.62991142272949,1975,4.34883737564087,1932,"fj8ca",0
"knx0i",2,1.75953996181488,1979,0.970401704311371,1955,"dv5ha",1
"rccb3",1,12.4707918167114,1963,0.919174313545227,1928,"gwf4b",0
"mhjpn",1,4.10182619094849,1964,4.13468503952026,1947,"w7syq",1
"gtmdh",2,0.461735129356384,1972,17.0355567932129,1947,"p50v4",1
"pkxq5",2,3.3693151473999,1983,2.90874767303467,1956,"z43yz",1
"vp5o5",2,1.25394892692566,1966,8.074538230896,1935,"j3cry",0
"rwh4b",2,NA,1982,2.25014424324036,NA,"jxr2w",0
"p1yll",2,0.483951568603516,1973,1.58464443683624,1942,"pswkj",0
"bhw0u",1,3.52601003646851,1954,4.82887697219849,1936,"cmk5n",1
"pfa6l",1,1.43752098083496,1972,0.590710878372192,1944,"cu3oa",0
"nglnt",2,1.05484402179718,1975,1.7969251871109,1943,"rwi9y",0
"jgdox",1,1.31741273403168,1958,2,1942,"u69y1",1
"s6i8f",2,4.03033924102783,1973,2.37368559837341,1949,"juqih",1
"tz5iw",1,2.07587838172913,1957,32.9949645996094,1925,"s6rbd",0
"arr1f",1,2,1953,1.76217484474182,1933,"g2vko",1
"arr1f",1,2,1953,2.90343117713928,1930,"rpv8g",0
"ckn26",2,1,1952,0.919174313545227,1928,"gwf4b",0
"b01me",1,4.72688055038452,1965,1.64705884456635,1932,"jjdui",0
"zv22f",1,2.37258172035217,1946,20.1808242797852,1922,"l6n5d",0
"uhz9z",1,6.16809606552124,1972,6.00323152542114,1945,"lzqqv",1
"qi2g2",2,0.487743139266968,1971,0.672523498535156,1948,"bxfzu",0
"wx1mu",1,0.338786035776138,1976,1.20223009586334,1947,"gyd7k",1
"d5op8",2,4.17312669754028,1985,3.14027309417725,1956,"nrrnq",0
"zjpuh",2,1.52648842334747,1972,0.414266228675842,1949,"hlfak",0
"lu8ng",1,3.55381846427917,1973,5.27186918258667,1951,"hkhap",0
"aj5z1",2,2.93812990188599,1961,9.04601001739502,1939,"ox6sh",1
"wmx2y",1,3.03195834159851,1970,1.76972079277039,1950,"u7mel",1
"f4psn",1,1.66121399402618,1967,0.380923360586166,1940,"zmhoq",1
"z8zgx",2,1.28971171379089,1970,4.02780866622925,1938,"xdxql",0
"er1uv",1,1.05866074562073,1968,0.554082632064819,1945,"sx9s9",0
"zxsch",2,2,1974,3,1947,"ydeaw",1
"xtla6",1,3.27438640594482,1966,3.11044692993164,1940,"se89z",0
"jxsd2",1,1.16090202331543,1968,0.698533475399017,1940,"zyypq",0
"qebvu",2,0.690891206264496,1944,3.94078588485718,1925,"ltpz5",1
"fbujm",2,1.29044914245605,1975,4.25968456268311,1947,"jxxj8",1
"c6uzm",2,2.33377075195312,1976,0.459892272949219,1949,"nbpl0",1
"h76ho",1,1.24465763568878,1972,0.465688973665237,1948,"kyhl4",1
"y6925",2,3,1967,5,1941,"yrkin",1
"l12dz",2,45.2161750793457,1975,6.1900634765625,1942,"lbq9p",0
"rk6wf",1,1.84017598628998,1976,0.765239119529724,1957,"aulex",1
"cyf0k",2,2,1974,4,1949,"u1fjj",1
"qkf73",2,0.958734452724457,1978,1.73818874359131,1946,"pkv30",0
"qkf73",2,0.958734452724457,1978,2.31298160552979,1952,"oroqc",1
"fbujm",2,1.29044914245605,1975,8.07332611083984,1939,"o5g1m",0
"ihf4q",2,7.97187662124634,1976,4,1947,"xmydk",1
"ycphx",2,4.97419738769531,1977,3.87313222885132,1953,"yj6z6",1
"n8xpe",2,NA,1981,NA,1960,"c9bzg",0
"vacxf",1,1.17061424255371,1954,11.9202356338501,1926,"aidot",0
"ygebh",2,5,1965,7.242919921875,1942,"l48g4",1
"ivgqi",1,4.32913780212402,1970,1.62991142272949,1950,"jl0x2",1
"ydyv1",2,7.84574747085571,1975,0.953218877315521,1949,"kjdgn",0
"v9e0w",1,3.40969157218933,1970,3.55066084861755,1932,"qt07d",0
"ulmgj",1,6.03496170043945,1962,3.4339816570282,1940,"r8pcg",1
"qz74o",1,0.401905357837677,1970,2.24669289588928,1950,"r4toy",1
"ptoux",2,5.41379547119141,1968,7.86298894882202,1944,"xjq1w",0
"hpo4j",1,9.36336135864258,1957,20.5247097015381,1920,"xps4w",0
"miwd7",1,2.53298115730286,1971,2.16034317016602,1950,"kjhw3",1
"pl87h",1,1,1974,0.730372607707977,1946,"o9kbz",0
"w5vi7",2,4.27332162857056,1972,2,1937,"ou2a9",0
"v8w3h",1,NA,1972,0.730372607707977,1946,"o9kbz",0
"y64m5",1,3.14192652702332,1960,4.07706165313721,1939,"kfnbt",1
"hu10w",2,3,1962,3,1939,"kdk19",1
"mq7hz",1,1.70484578609467,1945,9.87881374359131,1927,"js942",1
"sgap4",2,0.886824607849121,1974,7.70075511932373,1934,"lddji",1
"agqmm",1,2.17370510101318,1975,6.67209672927856,1949,"ckua4",1
"rk6wf",1,1.84017598628998,1976,0.492142558097839,1951,"g7nx5",0
"l7iyb",2,3.8821222782135,1972,3.65301609039307,1944,"x7sj1",0
"mq7hz",1,1.70484578609467,1945,20.5247097015381,1920,"xps4w",0
"idewe",1,14.1624851226807,1970,1.86378741264343,1937,"m2e1g",0
"qz74o",1,0.401905357837677,1970,1.6476958990097,1943,"squpb",0
"e4u35",2,9.00484752655029,1963,18.3776969909668,1941,"le0rb",1
"dmfnf",2,4.34514570236206,1974,3.64900898933411,1954,"hja4u",1
"qbydt",2,1.60763692855835,1973,1.56405639648438,1950,"hwf0f",0
"kplhh",1,0.454302877187729,1964,4.25968456268311,1947,"jxxj8",1
"q7ft9",1,12.9480991363525,1970,1.88911926746368,1945,"cbty7",1
"ts241",2,2.64789175987244,1968,5.38264989852905,1944,"ls0ok",1
"r4j0u",1,2.55888485908508,1960,0.173761516809464,1934,"wt1wc",0
"vzva3",1,2.1013605594635,1966,4.27822351455688,1944,"nqax3",1
"kc3qa",2,0.856301784515381,1966,2.96721911430359,1940,"eu733",0
"byibh",1,4.37729740142822,1970,2.37368559837341,1949,"juqih",1
"uuvsw",2,1.93605256080627,1975,2.09251856803894,1947,"kmfk7",1
"berwm",1,4.68393754959106,1971,1.32242798805237,1936,"dqy24",0
"qdsa9",1,1.99287557601929,1970,2.42474818229675,1940,"tsnrk",0
"hjz4i",2,1.34442007541656,1965,3.5039975643158,1947,"w8ilb",1
"bxmge",1,3.16991829872131,1963,1.86378741264343,1934,"t1l3s",1
"mem2o",2,1.26442468166351,1963,5.65220212936401,1936,"stnn3",0
"g34mc",1,3.96750783920288,1965,2.1456310749054,1942,"m2duc",0
"sl8mj",2,3.24723029136658,1968,1.21153843402863,1946,"c67du",1
"qwr2p",2,2.85676169395447,1974,1.62991142272949,1950,"jl0x2",1
"zh521",2,0.54167377948761,1971,1.67252349853516,1948,"ldloq",0
"rgdu5",2,4.60962581634521,1972,4,1949,"u1fjj",1
"uyvsj",1,2,1975,3,1934,"u16xs",0
"rjkn3",1,7.58829879760742,1975,10.9528713226318,NA,"sykp5",0
"hm0iu",1,1.45890974998474,1972,4.49844455718994,1956,"lm4pz",1
"mybyk",2,1.69752991199493,1981,3,1947,"ydeaw",1
"ihf4q",2,7.97187662124634,1976,9.01994228363037,1942,"v7gmh",0
"kplhh",1,0.454302877187729,1964,8.07332611083984,1939,"o5g1m",0
"dmfnf",2,4.34514570236206,1974,8.47315311431885,1944,"yb91j",0
"q750l",1,9.19313812255859,1959,7.70075511932373,1934,"lddji",1
"c5zn2",2,1,1938,3.1970272064209,1930,"l6v11",0
"zjpuh",2,1.52648842334747,1972,0.902846455574036,1953,"gvheq",1
"lk576",1,1.46568894386292,1972,1.6476958990097,1943,"squpb",0
"cx5mz",2,2.63981413841248,1973,2.25049090385437,1947,"ydjlj",1
"z1dfq",1,2.73620271682739,1968,1.74118804931641,1942,"zh7sf",1
"ubwi2",1,0.886824607849121,1967,1.21153843402863,1927,"ag5co",0
"czg0d",2,1.77587413787842,1976,1.78885209560394,1959,"u5yqu",1
"tiafk",2,1.44199740886688,1963,3.02780842781067,1939,"gf5mx",0
"qwr2p",2,2.85676169395447,1974,4.70309925079346,1940,"qth98",0
"ixdjx",2,2.24926209449768,1966,4.63644123077393,1928,"pi0jd",0
"n7gmn",2,1.67757201194763,1970,10.7962732315063,1945,"flztl",1
"tb7yw",1,3.11484217643738,1955,4.12680912017822,1924,"dqak9",0
"eok0u",2,1.96402883529663,1976,6.29471158981323,1952,"n2wrs",1
"zp1gw",2,1.75953996181488,1974,3,1938,"xlesa",0
"prfxa",1,4.10146808624268,1961,5.65220212936401,1936,"stnn3",0
"lbhz8",2,2.05508089065552,1965,3.76611089706421,1940,"cyv3l",1
"bsvf0",1,0.749584972858429,1978,3,1957,"w7z14",1
"qhu4w",1,1.69788837432861,1964,8.97147941589355,1945,"aojxh",1
"lzuh3",1,2.80449557304382,1969,3.83063244819641,1947,"uggiq",0
"t601h",2,4.83195304870605,1971,0.722270667552948,1954,"b6mrz",1
"mwojw",1,2.6973979473114,1966,6,1938,"mm271",0
"kav0u",2,8.44537258148193,1976,1.58464443683624,1942,"pswkj",0
"p8qn9",2,2.65795516967773,1976,1.18142175674438,1957,"twzxv",1
"br47c",1,8.22712993621826,1978,6.29471158981323,1952,"n2wrs",1
"yiu1n",1,1.05915665626526,1977,6,1944,"uce25",0
"bvikb",1,8.25235176086426,1974,2.62354731559753,1957,"lhhki",1
"uuvsw",2,1.93605256080627,1975,2.1456310749054,1942,"m2duc",0
"r3h54",1,3.39577293395996,1978,2.17402410507202,1953,"ppl39",0
"rwz7w",2,1.21591198444366,1978,1.3090318441391,1956,"tr5vd",1
"yeeu6",1,6.1047887802124,1969,6,1942,"w9p2k",1
"gfno4",2,5.15842866897583,1973,6.67209672927856,1949,"ckua4",1
"dzeh2",2,2.64930558204651,1962,3.64791393280029,1941,"mzld0",1
"n7gmn",2,1.67757201194763,1970,9.67224502563477,1933,"uwcde",0
"nbbob",2,5.20487451553345,1966,9.54226779937744,1930,"fxm4z",0
"llj99",2,2.53587985038757,1978,2.11867260932922,NA,"a03bv",0
"nsldp",1,2,1978,0.652122020721436,1950,"yu9y7",0
"qdsa9",1,1.99287557601929,1970,2.67255687713623,1946,"x4y6h",1
"p1yll",2,0.483951568603516,1973,4.00660800933838,1952,"ajbev",1
"y64m5",1,3.14192652702332,1960,5.16685104370117,1929,"vc8if",0
"po6z5",2,0.590710878372192,1968,4.13468503952026,1947,"w7syq",1
"qu4sc",1,1.00340890884399,1959,4.82887697219849,1936,"cmk5n",1
"ynlpd",2,1.93639814853668,1971,3.99101257324219,1954,"f67s6",1
"dhbfv",2,3.76412844657898,1976,4.27822351455688,1950,"x6ngz",1
"i6989",1,1.14127230644226,1975,10.1561460494995,1957,"mtt9f",1
"v3p2l",1,1.37654411792755,1965,2.23950290679932,1943,"muovj",1
"racl4",2,7.19498872756958,1966,6.00323152542114,1945,"lzqqv",1
"r74hw",2,15.73597240448,1971,9.50101757049561,1941,"jbeax",0
"oy4d7",2,1.67287075519562,1957,5.6681432723999,1922,"tr7tv",1
"a9ll5",1,6.37659120559692,1958,6.6400203704834,1932,"qxlmf",1
"gemfo",2,9.19404697418213,1975,2.985196352005,1958,"picm1",1
"lm29t",1,1.98626673221588,1974,3.00067043304443,1948,"l00m5",1
"erhsn",2,3.58090090751648,1979,3.30084896087646,1942,"sz958",0
"fvw5x",2,0.572539627552032,1956,4.46884822845459,1940,"uobf3",1
"jxsd2",1,1.16090202331543,1968,0.465688973665237,1948,"kyhl4",1
"yqsam",2,4.00347185134888,1961,3.64791393280029,1941,"mzld0",1
"e1dke",1,2.78621983528137,1973,0.760848224163055,1945,"q7pxr",0
"klky4",1,1.13821256160736,1976,23.5157451629639,1952,"gxe2z",0
"jwwgh",2,4,1967,7.242919921875,1942,"l48g4",1
"h7k0g",1,0.607636988162994,1972,1.46568894386292,1940,"oeeow",0
"i967n",2,3.70484590530396,1971,1.56405639648438,1950,"hwf0f",0
"jnei0",2,1.48774313926697,1972,6.95059776306152,1955,"n0vtz",1
"pk0xc",1,3.17747020721436,1967,5.24252510070801,1937,"ovmqh",1
"db3ob",1,1.38200128078461,1971,1.46568894386292,1940,"oeeow",0
"nwxcy",2,0.995157718658447,1976,2,1944,"pnw5v",1
"tbnf2",2,3.83863925933838,1974,0.923470258712769,1933,"lcjg5",0
"t9gyg",1,3.38598537445068,1963,0.380923360586166,1940,"zmhoq",1
"ve1kc",2,1,1975,3.03817224502563,1953,"z16vq",1
"tcrr8",1,5,1970,1.83674597740173,1952,"b39j7",0
"krfea",2,2.48504972457886,1983,3.14027309417725,1956,"nrrnq",0
"tosqa",1,2.08017158508301,1971,0.2625732421875,1956,"rracm",1
"h7k0g",1,0.607636988162994,1972,1.07332599163055,1950,"vf2ap",1
"x4o1f",1,20.6674003601074,1978,2.62354731559753,1957,"lhhki",1
"vacxf",1,1.17061424255371,1954,15.2575483322144,1936,"qm9w7",1
"eok0u",2,1.96402883529663,1976,4,1943,"q0tbk",0
"zzq9k",2,3.19639086723328,1968,9.54226779937744,1930,"fxm4z",0
"trary",2,1,1966,4.74167776107788,1935,"a8krl",0
"kan5j",2,3,1966,0.898804783821106,1935,"ium3b",0
"o5j7x",2,7.19184541702271,1981,2.52933049201965,1965,"boi1r",1
"odco3",2,0.919174313545227,1967,1.85625350475311,1938,"bpgxq",0
"klky4",1,1.13821256160736,1976,6.05466413497925,1962,"klfyc",1
"cugvw",1,3.85179352760315,1960,4.34883737564087,1932,"fj8ca",0
"yoxnz",2,1.59417080879211,1969,0.861580908298492,1950,"kfzew",1
