"mainsub","relathh","male","age","hhgardsize","agem","gardsizem"
1,6,1,8,1,35,1
1,6,1,18,2,58,2
1,5,2,1,3,42,3
1,6,1,5,1.5,37,1.5
1,2,2,23,5.5,53,2
4,1,1,26,NA,NA,NA
1,6,1,3,1.5,23,1.5
1,6,1,2,4,29,4
1,2,2,49,4,71,1
1,5,2,0,1.5,25,1.5
1,6,1,10,2,33,2
1,1,2,63,4,NA,NA
1,1,1,40,3.5,60,6.5
1,8,1,18,5,NA,NA
1,6,1,7,3,46,3
1,1,2,31,5,NA,NA
1,1,1,26,2,NA,NA
2,6,1,3,NA,24,NA
1,1,1,29,1,NA,NA
1,1,1,23,4,NA,NA
1,6,1,13,2,40,2
1,1,2,26,1,NA,NA
1,1,1,34,2,NA,NA
1,5,2,3,3.25,31,3.25
1,5,2,19,2,53,2
1,6,1,1,3,18,3
8,18,1,7,NA,NA,NA
1,6,1,2,5,21,5
1,6,1,3,2,23,2
3,1,1,25,NA,NA,NA
1,17,2,5,1,NA,NA
1,2,2,49,4,NA,NA
3,1,1,33,NA,NA,NA
1,6,1,3,2,NA,NA
1,6,1,3,2,21,2
1,5,2,4,4,23,4
7,1,2,18,NA,NA,NA
1,5,2,14,3,46,3
1,6,1,16,5,35,5
1,2,2,21,1.25,NA,NA
6,1,1,38,3,NA,NA
1,2,2,48,2.5,NA,NA
1,6,1,0,2,21,2
1,6,1,14,2,37,2
4,1,1,49,1,NA,NA
1,5,2,10,1,31,1
1,6,1,15,3.25,47,3.25
1,6,1,5,2,23,2
1,6,1,12,1,31,1
1,1,1,28,0.5,NA,NA
1,23,2,17,4.5,NA,NA
1,5,2,20,2,41,2
1,5,2,6,2,31,2
1,5,2,7,2,41,2
1,2,2,31,1,60,4.5
4,2,2,28,NA,NA,NA
2,1,1,38,NA,NA,NA
1,2,2,31,4,NA,NA
1,2,2,39,6,NA,NA
1,1,2,44,2.5,NA,NA
1,2,2,54,4,NA,NA
1,6,1,1,2,23,2
1,5,2,8,1.5,37,1.5
1,1,1,24,2.5,NA,NA
1,5,2,18,2,42,2
1,5,2,9,2,47,2
1,56,1,7,3,NA,NA
1,1,2,50,2,NA,NA
1,1,2,55,2,NA,NA
1,1,1,33,3.5,NA,NA
1,5,2,11,2.5,29,2.5
1,9,2,8,2,NA,NA
1,1,1,26,1,NA,NA
1,5,2,2,3,24,3
1,9,2,11,3,NA,NA
1,1,1,33,4.5,NA,NA
1,6,1,13,2,48,2
1,6,1,3,2,26,2
1,5,2,5,1.5,33,1.5
1,6,1,9,2.75,33,2.75
1,6,1,10,3,32,3
1,6,1,19,5,55,5
1,5,2,4,2,27,2
1,5,2,1,2,24,2
1,2,2,17,2,NA,NA
1,6,1,13,3,48,3
1,5,2,10,2,26,2
1,1,1,29,1.5,NA,NA
1,1,1,36,2,NA,NA
1,2,2,45,1.5,NA,NA
6,6,1,7,3,27,3
6,2,2,27,2,53,3.5
5,1,1,29,NA,NA,NA
1,5,2,3,4,25,4
1,37,1,25,2,NA,NA
1,2,2,31,2,NA,NA
1,1,2,22,1,NA,NA
1,2,2,21,2,45,3
1,1,2,47,3,NA,NA
1,6,1,7,5.5,33,5.5
1,6,1,7,3.5,23,3.5
4,5,2,18,NA,40,NA
1,5,2,15,1,37,1
1,6,1,8,5.5,32,5.5
6,6,1,3,NA,23,NA
1,1,1,60,2.5,NA,NA
1,2,2,18,2,NA,NA
1,6,1,7,1.5,26,1.5
1,2,2,21,2.5,NA,NA
1,5,2,4,3,33,3
1,5,2,15,1.5,43,1.5
1,5,2,16,2,51,2
4,6,1,16,NA,39,NA
1,6,1,5,2.5,38,2.5
1,5,2,3,3,42,3
1,1,2,49,2,NA,NA
1,2,2,37,3,NA,NA
1,6,1,3,1.5,24,1.5
1,6,1,15,2,36,2
1,6,1,10,2.5,27,2.5
1,6,1,5,3,30,3
1,7,2,9,2,NA,NA
1,1,2,57,1,NA,NA
1,5,2,10,4,29,4
1,1,1,36,3.75,NA,NA
1,6,1,13,3,48,3
1,6,1,1,4,30,4
3,1,1,25,NA,NA,NA
1,6,1,13,2,45,2
1,6,1,6,7,37,7
1,5,2,14,2,32,2
1,6,1,1,1.5,26,1.5
1,2,2,23,3.5,NA,NA
1,6,1,3,2,29,2
1,5,2,12,2.5,46,2.5
1,6,1,23,2,48,2
1,2,2,17,2,NA,NA
1,1,2,21,4,NA,NA
4,1,2,29,NA,NA,NA
1,5,2,0,3,41,3
1,5,2,8,2.5,27,2.5
1,2,2,23,3,NA,NA
4,5,2,14,NA,40,NA
1,2,2,23,4,NA,NA
1,1,2,32,2,NA,NA
1,5,2,1,4,27,4
1,6,1,13,1,43,1
1,2,2,34,2,49,2
1,6,1,2,2,25,2
1,6,1,7,4.5,29,4.5
1,6,1,1,2,25,2
1,2,2,18,3,NA,NA
1,6,1,13,1,37,1
1,34,2,12,3.5,37,3.5
1,1,1,38,2,NA,NA
1,6,1,7,2,25,2
1,1,2,25,1.5,NA,NA
1,1,1,57,6,NA,NA
1,6,1,3,1,20,1
1,5,2,10,4,43,4
1,2,2,52,3,NA,NA
1,6,1,11,2,32,2
1,2,2,33,3.5,55,2
1,1,1,22,2,NA,NA
6,47,1,25,18,NA,NA
1,5,2,0,3,21,3
1,6,1,4,2,45,2
1,6,1,10,2,29,2
1,2,2,49,1.5,NA,NA
1,6,1,4,2,22,2
1,2,2,69,1,NA,NA
1,2,2,35,2.5,NA,NA
1,6,1,15,3,35,3
2,5,2,1,NA,33,NA
1,2,2,58,2,NA,NA
1,1,1,40,2,NA,NA
1,1,1,76,3,NA,NA
1,1,1,35,2,NA,NA
1,1,1,35,1,NA,NA
1,2,2,38,4,NA,NA
8,1,2,36,NA,53,3
1,1,1,25,5,NA,NA
1,5,2,8,2,25,2
1,5,2,18,2,41,2
3,1,1,37,NA,NA,NA
1,5,2,16,4,36,4
1,5,2,13,2,53,2
1,2,2,21,2,NA,NA
1,5,2,13,3,44,3
1,2,2,20,2,50,1.5
1,1,1,65,4,NA,NA
1,1,1,32,2.5,NA,NA
1,1,1,57,2.5,NA,NA
1,1,2,37,3,NA,NA
1,2,2,21,1,NA,NA
1,1,2,48,4,NA,NA
1,1,1,67,1,NA,NA
1,17,2,13,7,NA,NA
1,1,1,18,0.5,NA,NA
1,6,1,10,4,32,4
1,2,2,39,2,NA,NA
1,2,2,30,1,NA,NA
1,1,2,34,2,NA,NA
1,5,2,42,5,77,5
1,6,1,1,1.5,33,1.5
1,6,1,7,3,27,3
1,1,2,24,2,NA,NA
1,2,2,20,4,NA,NA
1,6,1,10,2,41,2
1,1,1,29,3,NA,NA
1,1,2,65,7,NA,NA
1,1,1,30,3.5,NA,NA
1,1,1,64,3.5,NA,NA
1,1,2,23,2,49,2
1,5,2,3,1,24,1
1,2,2,23,2,NA,NA
1,5,2,0,1,16,1
1,1,1,30,2,NA,NA
1,18,1,17,3,NA,NA
1,34,2,8,3,41,3
1,5,2,12,2,33,2
1,2,2,19,2,25,NA
1,6,1,5,0.5,36,0.5
1,1,2,21,1,NA,NA
1,1,1,61,6.5,NA,NA
1,5,2,8,2,35,2
1,2,2,23,2,NA,NA
5,6,1,16,1,37,1
6,2,2,31,NA,NA,NA
1,17,2,11,2,17,1
1,6,1,12,6,44,6
1,6,1,1,2,20,2
1,6,1,14,4,48,4
7,1,2,34,NA,NA,NA
1,2,2,32,3,-2,5
1,6,1,10,2,43,2
1,1,1,30,3,NA,NA
1,5,2,3,5,31,5
1,6,1,19,2,51,2
1,5,2,5,2,31,2
1,2,2,25,5.5,NA,NA
1,5,2,5,2,27,2
1,5,2,7,2,27,2
1,6,1,9,1.5,37,1.5
1,6,1,5,1,23,1
1,6,1,21,4.5,63,4.5
1,1,1,29,2,NA,NA
1,6,1,10,1.5,NA,NA
1,1,1,70,5,NA,NA
1,5,2,3,2,29,2
1,1,1,47,3,NA,NA
1,1,2,49,6,NA,NA
1,1,1,27,2.5,NA,NA
1,6,1,5,3,42,3
1,1,1,41,3.5,NA,NA
1,6,1,10,3,55,3
1,5,2,0,2.5,46,2.5
1,6,1,2,3,25,3
1,6,1,10,1.5,28,1.5
1,5,2,2,1,35,1
1,6,1,7,2,22,2
1,5,2,19,1,51,1
1,5,2,5,4,36,4
1,5,2,7,2,25,2
1,5,2,6,2.5,29,2.5
1,5,2,29,1,55,1
3,1,1,25,NA,NA,NA
1,35,1,13,2,37,2
1,2,2,26,1,NA,NA
1,34,2,14,4,38,4
1,6,1,15,2,36,2
1,2,2,60,6,NA,NA
1,6,1,10,2,27,2
1,6,1,20,2,48,2
1,5,2,7,1,24,1
4,1,2,25,NA,NA,NA
1,1,1,28,1.5,NA,NA
1,1,2,57,4,NA,NA
1,10,1,10,1,NA,NA
1,5,2,1,2,30,2
1,6,1,4,2,25,2
1,1,1,41,2,NA,NA
3,6,1,7,NA,34,NA
1,6,1,0,2,27,2
3,2,2,21,NA,NA,NA
1,1,1,32,2.5,NA,NA
4,1,2,20,NA,NA,NA
1,2,2,19,2,NA,NA
1,1,1,60,2,NA,NA
1,2,2,31,4,NA,NA
1,2,2,25,1,NA,NA
1,6,1,19,3,52,3
1,9,2,7,1,NA,NA
1,17,2,10,1,NA,NA
6,6,1,15,1.5,44,1.5
1,17,2,14,1,NA,NA
1,6,1,2,1,23,1
1,6,1,10,2,41,2
3,6,1,14,NA,NA,NA
1,6,1,16,3,40,3
1,6,1,14,2.5,45,2.5
1,6,1,9,2.5,26,2.5
1,5,2,16,3,45,3
1,6,1,20,2,54,2
6,5,2,7,3.5,29,3.5
1,2,2,25,2.5,37,3
1,5,2,1,1,24,1
1,6,1,2,1,37,1
1,5,2,2,2,25,2
1,5,2,0,1.5,20,1.5
1,1,1,51,1.5,NA,NA
1,1,2,20,2,NA,NA
1,2,2,23,4,NA,NA
1,5,2,6,2,25,2
1,6,1,17,2,65,2
1,2,2,32,0.5,NA,NA
1,2,2,27,2.5,NA,NA
1,6,1,12,5,35,5
1,2,2,37,3,68,0.5
1,2,2,23,1.5,NA,NA
1,1,2,35,2,NA,NA
1,2,2,22,2.5,NA,NA
1,1,2,40,2,NA,NA
1,1,1,27,4,NA,NA
1,6,1,0,1,21,1
1,1,1,40,4,NA,NA
4,1,2,33,NA,NA,NA
1,1,1,27,2,NA,NA
3,1,1,23,NA,NA,NA
1,18,1,13,2,NA,NA
1,5,2,1,1,18,1
1,5,2,13,1.5,38,1.5
1,5,2,12,4.5,30,4.5
1,1,1,72,2,NA,NA
1,6,1,23,3,51,3
1,2,2,19,3,NA,NA
1,5,2,0,6,33,6
1,2,2,34,2,NA,NA
1,6,1,9,1,24,1
1,2,2,39,1,NA,NA
1,6,1,12,2,34,2
1,2,2,24,1,NA,NA
1,5,2,11,2,35,2
1,1,2,20,1.5,NA,NA
1,1,2,33,1.5,62,1
1,5,2,12,3,29,3
1,1,1,71,2.5,NA,NA
1,5,2,2,1,17,1
1,5,2,10,1.5,34,1.5
1,5,2,19,4.5,38,4.5
4,6,1,9,NA,28,NA
1,1,1,22,1.5,NA,NA
1,1,1,57,3,NA,NA
1,6,1,3,2,20,2
1,6,1,18,2,54,2
1,6,1,20,2,47,2
1,1,2,52,1.5,NA,NA
1,6,1,18,3,47,3
1,6,1,5,2,24,2
1,1,1,32,2,NA,NA
1,2,2,54,2,NA,NA
1,6,1,3,2,19,2
1,2,2,31,3,NA,NA
1,5,2,11,2,33,2
1,1,2,22,1.5,NA,NA
1,6,1,19,2,75,2
1,2,2,53,3.5,NA,NA
7,6,1,17,NA,35,NA
1,5,2,5,1.5,33,1.5
1,1,1,57,3,NA,NA
1,1,2,27,2,NA,NA
1,5,2,5,1,39,1
1,5,2,5,4,36,4
1,18,1,2,3,NA,NA
1,35,1,14,3,36,3
1,5,2,6,4,29,4
1,5,2,9,6,33,6
1,5,2,5,2,30,2
1,6,1,20,2.5,55,2.5
1,1,1,46,6,NA,NA
1,6,1,16,2,51,2
3,6,1,2,NA,20,NA
1,1,2,17,1,50,1.5
1,1,1,30,2,NA,NA
4,5,2,4,NA,35,NA
3,2,2,25,NA,NA,NA
1,5,2,2,2,25,2
1,6,1,18,3.5,40,3.5
1,34,2,13,5,52,5
1,1,1,25,1.5,NA,NA
1,5,2,27,4,57,4
1,1,2,34,2,NA,NA
1,5,2,2,2.5,27,2.5
1,6,1,14,2.5,32,2.5
4,2,2,25,NA,NA,NA
1,5,2,1,4,23,4
1,5,2,20,4,45,4
1,6,1,1,2,29,2
1,5,2,3,2,36,2
1,5,2,9,2.5,38,2.5
1,2,2,29,2,NA,NA
1,1,2,36,5,67,NA
1,2,2,57,2.5,NA,NA
1,5,2,17,4.5,45,4.5
1,54,1,6,2,NA,NA
1,2,2,36,2,NA,NA
1,1,1,59,1.5,NA,NA
1,1,2,26,1.5,NA,NA
1,6,1,0,2,30,2
1,5,2,2,2,45,2
1,2,2,24,1.5,45,7
1,2,2,45,2,79,2
1,1,1,27,1,NA,NA
1,5,2,5,2,34,2
1,5,2,1,3.5,42,3.5
1,6,1,11,1.5,29,1.5
1,6,1,10,4,26,4
1,5,2,14,2.5,42,2.5
1,1,2,28,1,NA,NA
1,6,1,4,2,25,2
1,1,2,32,2,59,2
1,6,1,8,4,35,4
1,1,1,26,2,NA,NA
1,6,1,7,5,41,5
1,2,2,20,1.5,NA,NA
1,5,2,4,4.5,29,4.5
6,6,1,14,NA,49,NA
1,8,1,22,2,NA,NA
1,6,1,13,4,NA,NA
1,6,1,3,2.5,24,2.5
1,6,1,2,3.5,32,3.5
1,6,1,10,2.5,31,2.5
1,1,2,87,2,NA,NA
1,6,1,15,1.5,39,1.5
1,5,2,16,3,41,3
1,5,2,24,2,54,2
1,5,2,6,4,33,4
1,6,1,8,8,52,8
1,17,2,4,1.5,35,2
1,2,2,19,2,NA,NA
1,5,2,16,2,48,2
1,6,1,5,3.5,37,3.5
1,1,2,36,4,NA,NA
NA,2,2,29,NA,74,1.5
1,5,2,9,3,33,3
1,2,2,58,2,NA,NA
1,5,2,15,3,40,3
1,1,2,27,2,NA,NA
1,23,2,28,4.5,NA,NA
6,5,2,3,10,35,10
1,5,2,2,4,26,4
1,1,2,58,3,NA,NA
1,5,2,0,3,24,3
1,2,2,37,3.5,NA,NA
1,5,2,8,4,NA,NA
1,5,2,5,5.5,23,5.5
1,6,1,30,2,61,2
1,1,2,74,4.5,NA,NA
1,6,1,14,2,33,2
1,2,2,47,1,NA,NA
1,5,2,15,2,37,2
1,1,2,53,3,NA,NA
1,18,1,7,3,NA,NA
1,6,1,27,2,51,2
1,2,2,46,8,NA,NA
1,10,1,14,3,NA,NA
1,5,2,3,1.5,33,1.5
1,5,2,23,4.5,45,4.5
1,6,1,14,15,48,15
1,6,1,7,1,31,1
1,6,1,12,1,35,1
1,2,2,24,3,NA,NA
1,6,1,7,1.5,21,1.5
1,2,2,25,3.5,NA,NA
1,6,1,1,1,21,1
1,5,2,1,2,21,2
1,6,1,10,1.5,33,1.5
5,6,1,0,NA,20,NA
2,6,1,17,4,33,4
1,6,1,4,2,45,2
5,2,2,22,NA,NA,NA
1,5,2,7,2,53,2
1,6,1,2,3,29,3
1,5,2,8,2,35,2
2,5,2,4,4.5,31,4.5
1,1,2,32,3,NA,NA
4,1,1,26,NA,NA,NA
1,2,2,38,4.5,NA,NA
1,5,2,17,2,49,2
1,5,2,3,2,27,2
1,6,1,2,1,21,1
1,5,2,2,2,18,2
1,1,2,60,1,NA,NA
1,5,2,3,4,23,4
1,5,2,7,3,30,3
1,6,1,3,4,28,4
1,6,1,15,5,34,5
6,5,2,10,3.5,29,3.5
1,6,1,5,2,33,2
1,5,2,5,2.5,31,2.5
3,6,1,16,NA,34,NA
1,6,1,27,3,53,3
1,1,1,35,1.5,NA,NA
1,1,1,24,2,NA,NA
1,1,1,44,2,NA,NA
1,6,1,5,3.5,32,3.5
7,5,2,1,NA,26,NA
1,1,2,42,2,NA,NA
1,18,1,-2,1,NA,NA
1,1,2,76,2,NA,NA
1,2,2,32,1.5,NA,NA
1,34,2,12,3,41,3
1,1,2,30,2,NA,NA
1,2,2,22,3.5,58,3
1,2,2,20,1.5,NA,NA
1,6,1,26,2,52,2
1,5,2,20,8,45,8
1,5,2,5,5,24,5
1,5,2,0,2.5,23,2.5
1,2,2,67,0.5,NA,NA
6,2,2,25,1.5,NA,NA
1,2,2,30,1.5,NA,NA
1,2,2,16,2,NA,NA
1,1,2,61,1,NA,NA
1,1,2,81,1,NA,NA
1,5,2,10,1,39,1
1,6,1,3,1.5,25,1.5
1,5,2,10,2,35,2
1,2,2,67,1,NA,NA
1,5,2,10,2,31,2
1,1,1,46,1.5,NA,NA
1,5,2,7,3,22,3
1,6,1,0,1.5,35,1.5
1,1,1,39,2,NA,NA
1,1,2,51,1.5,NA,NA
1,6,1,23,2,59,2
1,5,2,10,4,30,4
1,5,2,20,3,51,3
1,2,2,58,3,NA,NA
1,6,1,8,2,39,2
1,2,2,21,1.5,NA,NA
1,5,2,8,2,28,2
1,6,1,9,2,41,2
1,1,1,30,2,NA,NA
1,5,2,18,6.5,55,6.5
1,2,2,37,3.5,NA,NA
1,6,1,15,2,36,2
1,2,2,21,2,NA,NA
1,6,1,15,2.5,44,2.5
1,5,2,8,3,40,3
1,5,2,9,2,29,2
1,5,2,14,2,40,2
4,1,1,33,NA,NA,NA
1,5,2,8,2.5,39,2.5
1,5,2,6,3.5,40,3.5
1,6,1,8,3.75,25,3.75
4,47,2,12,NA,NA,NA
1,10,1,10,2,NA,NA
1,6,1,3,1,26,1
1,1,1,38,4,NA,NA
1,6,1,8,2,32,2
1,1,1,24,2,NA,NA
1,5,2,16,6,44,6
1,6,1,13,0.5,NA,NA
1,5,2,2,2,23,2
1,5,2,13,1,35,1
1,9,2,11,1,NA,NA
1,6,1,13,1.5,37,1.5
6,5,2,8,NA,30,NA
1,5,2,0,4,22,4
1,34,2,16,3,41,3
1,2,2,43,4,59,4
1,5,2,0,2,25,2
1,5,2,11,1,28,1
1,1,1,52,2,NA,NA
1,1,1,30,1,NA,NA
1,6,1,4,1.5,39,1.5
1,6,1,4,4,41,4
1,2,2,25,2,45,7
1,6,1,21,2,49,2
1,5,2,2,2.5,22,2.5
1,6,1,1,3.25,31,3.25
1,1,2,57,4,NA,NA
1,5,2,1,2,29,2
1,6,1,9,1.5,33,1.5
7,1,2,30,NA,NA,NA
1,1,1,49,3,NA,NA
1,2,2,21,2,NA,NA
1,1,1,37,2,NA,NA
4,6,1,10,1,36,1
1,1,1,33,3,NA,NA
1,6,1,17,2,40,2
1,6,1,1,2,25,2
1,6,1,5,2,29,2
1,5,2,0,6.5,45,6.5
7,5,2,10,NA,34,NA
4,1,2,49,NA,NA,NA
1,2,2,39,5,NA,NA
4,6,1,10,NA,26,NA
1,5,2,6,3,24,3
1,2,2,35,3,NA,NA
1,1,1,28,2,NA,NA
5,1,1,25,NA,NA,NA
1,1,1,27,2,NA,NA
1,2,2,29,2,55,2
1,5,2,20,3,40,3
1,6,1,3,2,26,2
1,5,2,2,1.5,36,1.5
4,6,1,12,2,35,2
1,2,2,59,4,NA,NA
4,17,2,15,NA,NA,NA
1,6,1,15,4,NA,NA
1,5,2,18,1,43,1
1,6,1,7,2,36,2
1,2,2,27,2,NA,NA
1,6,1,10,3,33,3
1,5,2,3,2,25,2
1,6,1,7,2,45,2
1,1,1,51,3,NA,NA
1,6,1,16,4,28,4
1,1,2,55,2,NA,NA
1,1,1,-2,1,NA,NA
1,5,2,15,2,58,2
1,5,2,13,5,34,5
1,6,1,3,1.5,37,1.5
1,6,1,12,2,32,2
1,6,1,12,4,31,4
1,5,2,6,1,24,1
1,5,2,13,1.5,29,1.5
1,1,1,33,5,NA,NA
1,1,1,60,3,NA,NA
1,6,1,17,4,62,4
1,1,1,36,4,NA,NA
1,6,1,3,2,40,2
1,6,1,9,2,31,2
1,6,1,21,2,48,2
1,1,2,35,4.5,NA,NA
1,1,1,36,2,NA,NA
1,1,1,30,1.5,NA,NA
1,1,1,60,2,NA,NA
1,5,2,14,4,36,4
1,6,1,6,2,47,2
1,5,2,4,1,26,1
1,1,2,37,3,NA,NA
1,5,2,10,1.5,30,1.5
1,2,2,23,4,NA,NA
1,1,1,48,3,NA,NA
1,5,2,2,1,24,1
1,5,2,2,2,22,2
1,5,2,3,1.5,23,1.5
1,5,2,11,3.5,NA,NA
1,1,1,37,2,NA,NA
1,5,2,3,1,NA,NA
1,1,1,33,4.5,NA,NA
1,2,2,32,2,NA,NA
1,6,1,4,2.5,25,2.5
1,6,1,14,3.5,33,3.5
1,5,2,5,2.75,33,2.75
1,6,1,25,4.5,48,4.5
1,5,2,8,2,39,2
1,2,2,55,1,NA,NA
1,1,1,49,1,NA,NA
1,6,1,17,3,37,3
1,2,2,27,1,NA,NA
1,1,1,29,1,NA,NA
1,6,1,21,1.5,58,1.5
1,1,2,28,1,NA,NA
1,2,2,21,2,NA,NA
1,1,1,43,4,NA,NA
1,1,1,43,3,NA,NA
1,2,2,33,1,NA,NA
1,1,1,28,1.5,NA,NA
1,1,1,26,1.5,NA,NA
1,5,2,4,2,23,2
1,1,2,16,1,44,2.5
1,2,2,34,2,NA,NA
1,6,1,15,3.5,37,3.5
1,2,2,35,5,NA,NA
1,2,2,69,4,NA,NA
1,5,2,12,3,32,3
1,2,2,21,2,NA,NA
1,6,1,13,3,52,3
1,21,2,6,3.5,NA,NA
1,1,2,25,2,NA,NA
1,6,1,12,4,35,4
1,1,1,24,4,NA,NA
1,2,2,35,1,74,1.5
1,5,2,15,5,34,5
1,5,2,4,3,28,3
1,2,2,35,2,74,1.5
1,35,1,14,6.5,45,6.5
1,5,2,11,2.5,35,2.5
1,5,2,12,3,32,3
1,6,1,7,2.5,44,2.5
1,18,1,15,2,NA,NA
1,1,1,53,3.5,NA,NA
1,1,2,54,1,NA,NA
1,2,2,23,2,NA,NA
1,5,2,11,4,36,4
1,1,1,43,1.5,62,4
6,6,1,7,NA,31,NA
1,2,2,25,2,47,1.5
1,6,1,14,2,45,2
1,6,1,11,5,31,5
1,5,2,6,2,27,2
1,1,2,42,2,NA,NA
1,2,2,31,1,53,3.5
1,1,2,58,0.5,NA,NA
1,2,2,22,1.5,NA,NA
1,1,2,45,4.5,NA,NA
1,2,2,33,2,NA,NA
1,1,1,20,1,NA,NA
1,2,2,50,1.5,NA,NA
1,6,1,16,5,57,5
1,6,1,22,6,56,6
1,1,1,25,2,NA,NA
1,5,2,3,3,33,3
1,1,1,35,2,NA,NA
1,2,2,29,2,NA,NA
1,1,1,27,2,NA,NA
1,2,2,19,2,NA,NA
1,5,2,10,1,46,1
1,5,2,7,2,39,2
1,5,2,29,4,69,4
1,5,2,3,1.5,25,1.5
3,2,2,34,4,NA,NA
1,2,2,19,2.5,NA,NA
1,5,2,8,4,28,4
1,35,1,15,3,47,3
1,5,2,0,2,22,2
1,2,2,59,1.5,NA,NA
1,6,1,0,3,41,3
1,5,2,16,2,35,2
1,6,1,3,1,37,1
1,1,2,57,4,NA,NA
1,2,2,45,2,NA,NA
2,5,2,0,2,34,2
1,1,2,33,2,NA,NA
1,6,1,3,2,20,2
1,6,1,3,1,19,1
1,5,2,13,2.5,NA,NA
1,6,1,5,1,26,1
1,1,2,32,3,NA,NA
1,1,2,63,3,NA,NA
1,2,2,65,1,NA,NA
1,5,2,14,6,44,6
1,2,2,44,6,NA,NA
1,34,2,7,2,37,2
1,5,2,5,3,22,3
1,34,2,12,2,36,2
1,5,2,15,3,45,3
1,1,2,39,1,NA,NA
1,1,1,39,2,NA,NA
1,6,1,12,3,37,3
1,5,2,20,3,43,3
1,5,2,12,3,35,3
1,6,1,1,2.5,22,2.5
1,6,1,2,3,24,3
1,5,2,9,5,31,5
1,5,2,14,4,49,4
1,2,2,24,1.5,NA,NA
1,1,2,21,1,NA,NA
1,6,1,6,1.5,NA,NA
1,6,1,13,1.5,37,1.5
1,2,2,33,2,58,3.5
1,6,1,1,2,20,2
1,5,2,12,2,27,2
1,6,1,3,3,22,3
1,1,2,59,3,NA,NA
1,5,2,29,2,56,2
1,17,2,17,3,NA,NA
1,5,2,4,2,34,2
1,2,2,51,2,68,2
1,5,2,3,4,23,4
1,6,1,8,3,25,3
1,6,1,1,4,21,4
1,2,2,20,2,NA,NA
1,5,2,7,4,23,4
1,2,2,21,1.5,NA,NA
1,1,1,43,5,NA,NA
1,2,2,22,3.5,41,2
1,1,2,68,2,NA,NA
1,5,2,17,1,29,1
1,1,1,28,2,NA,NA
1,2,2,35,1.5,NA,NA
4,5,2,1,NA,23,NA
1,1,2,54,2,NA,NA
1,1,1,27,2,NA,NA
1,2,2,68,5,NA,NA
1,1,1,29,3,NA,NA
1,5,2,16,1,46,1
1,5,2,12,1,34,1
1,6,1,7,2,29,2
1,5,2,0,1,27,1
1,6,1,0,1,32,1
1,5,2,7,1,28,1
1,2,2,29,3.5,NA,NA
1,2,2,27,8,NA,NA
2,5,2,11,4,33,4
1,6,1,0,2,25,2
1,2,2,35,1,NA,NA
1,6,1,29,1,54,1
1,1,1,50,3,NA,NA
1,6,1,4,1.5,26,1.5
1,1,2,28,3,NA,NA
1,5,2,9,1.5,33,1.5
1,2,2,43,3,NA,NA
1,5,2,14,4,49,4
1,2,2,24,1.5,NA,NA
1,1,1,39,2,NA,NA
1,2,2,46,3,59,2
1,1,1,39,2,NA,NA
1,6,1,17,2,45,2
1,1,1,27,4,NA,NA
1,6,1,8,2.5,31,2.5
1,6,1,5,3,29,3
1,2,2,33,5.5,NA,NA
1,6,1,1,1,25,1
1,6,1,3,2,18,2
1,1,2,29,2,NA,NA
1,1,1,30,1.5,NA,NA
1,5,2,1,2,35,2
1,6,1,7,2,23,2
6,5,2,8,0.5,28,0.5
1,5,2,7,2,34,2
6,12,1,18,18,NA,NA
4,2,2,41,NA,NA,NA
1,5,2,14,5,36,5
1,1,1,26,1.5,55,3.5
1,5,2,14,4,28,4
1,6,1,4,2,23,2
6,6,1,5,3,29,3
1,6,1,16,4,49,4
1,6,1,14,5,35,5
1,1,1,22,1.5,NA,NA
1,5,2,3,2,30,2
1,2,2,21,3,NA,NA
1,5,2,0,1.5,16,1.5
1,5,2,13,4,33,4
1,1,2,75,2,NA,NA
1,6,1,3,2,27,2
1,2,2,29,2.5,NA,NA
1,17,2,-2,1,NA,NA
1,6,1,3,2,21,2
1,5,2,1,1,39,1
1,2,2,49,3.5,68,2
1,5,2,1,1.5,17,1.5
7,5,2,0,NA,19,NA
3,35,1,4,NA,27,NA
1,1,2,37,3,NA,NA
1,6,1,26,1.5,44,1.5
1,6,1,17,2,35,2
1,1,1,55,8,NA,NA
4,2,2,21,NA,NA,NA
1,1,1,26,2,NA,NA
1,5,2,9,1.5,26,1.5
9,5,2,2,NA,33,NA
1,2,2,34,1.5,NA,NA
1,1,2,49,2,76,4
1,6,1,1,3,21,3
1,6,1,25,2,40,2
1,6,1,12,8,45,8
1,2,2,25,2,NA,NA
1,6,1,8,2,37,2
1,2,2,25,4,NA,NA
1,5,2,18,3,45,3
1,5,2,1,1,23,1
1,5,2,13,2,39,2
1,6,1,10,3,32,3
1,1,1,33,1.5,NA,NA
1,5,2,4,3.5,25,3.5
1,1,1,49,2.5,NA,NA
1,1,1,57,3,NA,NA
1,2,2,23,3,NA,NA
2,1,1,33,NA,NA,NA
1,6,1,12,2,27,2
1,2,2,49,2,NA,NA
1,2,2,23,1.5,NA,NA
1,6,1,7,1,29,1
1,1,2,30,1.5,NA,NA
7,1,1,48,NA,NA,NA
1,5,2,5,2,41,2
1,6,1,4,2,23,2
1,5,2,1,1.5,32,1.5
1,2,2,29,2,NA,NA
1,6,1,19,5,34,5
1,1,2,67,2,NA,NA
1,2,2,40,2,NA,NA
4,5,2,21,NA,39,NA
1,2,2,31,2,NA,NA
1,5,2,5,1,27,1
1,1,2,42,3.5,NA,NA
1,6,1,13,2,37,2
1,21,2,6,1,NA,NA
1,5,2,5,2,32,2
1,1,1,34,3,NA,NA
7,1,2,48,NA,NA,NA
1,5,2,8,1.5,36,1.5
4,5,2,9,NA,25,NA
1,2,2,30,3,NA,NA
1,5,2,0,2,41,2
1,1,2,27,1.5,NA,NA
1,2,2,19,2,NA,NA
1,1,2,56,6,NA,NA
1,6,1,9,4,37,4
1,6,1,7,1.5,33,1.5
1,5,2,4,1,26,1
1,1,1,59,2,NA,NA
1,1,2,29,2,NA,NA
1,1,1,30,0.5,NA,NA
1,6,1,33,1,57,1
1,1,1,57,3,NA,NA
1,1,1,34,2,NA,NA
6,6,1,18,2,38,2
1,5,2,5,1.5,33,1.5
1,5,2,9,1,30,1
1,5,2,13,3,37,3
1,6,1,4,1,23,1
1,6,1,4,3,39,3
1,1,1,59,3,NA,NA
1,5,2,4,2,29,2
1,2,2,30,2.5,NA,NA
1,2,2,28,8,NA,NA
1,2,2,28,3.5,NA,NA
1,6,1,26,6,53,6
1,6,1,15,6,40,6
1,1,2,25,2,NA,NA
1,6,1,5,4,51,4
1,6,1,4,1,21,1
3,2,2,27,NA,NA,NA
1,6,1,17,3,50,3
1,5,2,3,3,18,3
1,5,2,9,2,29,2
1,1,1,36,4,NA,NA
3,5,2,1,NA,34,NA
1,6,1,8,3,32,3
1,24,1,7,2,NA,NA
2,1,1,27,NA,NA,NA
1,6,1,6,3,58,3
1,6,1,12,2,31,2
1,5,2,16,2,46,2
1,2,2,22,2,NA,NA
1,6,1,2,2,21,2
1,5,2,3,1,24,1
4,5,2,18,NA,39,NA
1,5,2,25,3,45,3
1,5,2,13,2,36,2
1,1,2,45,2,NA,NA
NA,5,2,0,NA,29,NA
1,6,1,17,5,48,5
1,6,1,15,5.5,33,5.5
1,6,1,0,2,23,2
1,1,1,49,3,NA,NA
1,1,1,70,0.5,NA,NA
1,6,1,8,2,27,2
1,6,1,23,1.5,59,1.5
1,6,1,4,2,34,2
1,6,1,12,3,39,3
1,6,1,13,7,45,7
1,1,1,65,3,NA,NA
1,5,2,18,4,48,4
1,1,2,58,1.5,NA,NA
1,1,2,83,1,NA,NA
1,1,1,27,2,NA,NA
1,5,2,14,3,55,3
1,5,2,12,2,27,2
1,2,2,44,2.5,NA,NA
1,5,2,1,2,25,2
1,1,1,26,2,62,4
1,6,1,17,2.5,46,2.5
1,6,1,7,3,36,3
1,2,2,41,3,NA,NA
1,6,1,12,3,35,3
1,5,2,11,5,34,5
1,6,1,16,2.5,46,2.5
1,1,1,44,2,NA,NA
1,6,1,2,1.5,37,1.5
1,1,1,39,2,NA,NA
1,5,2,6,2,24,2
1,6,1,6,2,27,2
1,1,2,74,1,NA,NA
1,5,2,11,2,35,2
1,5,2,23,4,57,4
1,2,2,30,4.5,NA,NA
1,1,1,27,1,NA,NA
1,1,1,26,4,NA,NA
1,6,1,19,3,41,3
1,5,2,5,1,23,1
1,5,2,13,1.5,33,1.5
1,5,2,10,2,33,2
1,6,1,20,6,44,6
1,1,1,52,2,NA,NA
1,1,2,42,2,NA,NA
1,6,1,7,8,27,8
1,1,1,36,1,NA,NA
1,6,1,3,8,28,8
1,5,2,16,1,32,1
1,6,1,1,2,21,2
1,1,1,32,2,NA,NA
1,5,2,1,2,30,2
4,1,1,33,NA,NA,NA
3,6,1,16,NA,40,NA
1,5,2,13,3,39,3
1,6,1,2,2,17,2
1,5,2,11,2,36,2
1,6,1,16,2,41,2
1,2,2,32,2,NA,NA
1,6,1,15,3.5,32,3.5
2,6,1,13,4,33,4
1,1,2,24,2,NA,NA
1,1,1,37,1.5,NA,NA
1,6,1,17,5,39,5
1,5,2,1,2,35,2
1,5,2,10,4,36,4
1,1,1,34,1,NA,NA
1,24,1,15,1.5,NA,NA
3,1,1,41,NA,NA,NA
1,5,2,0,3.75,25,3.75
1,5,2,8,4,35,4
1,1,1,38,2,NA,NA
1,6,1,17,2.5,38,2.5
1,5,2,0,1,20,1
1,2,2,57,3,NA,NA
1,5,2,8,4,32,4
1,2,2,48,3,NA,NA
1,6,1,3,2.5,27,2.5
1,1,2,40,3.5,NA,NA
1,6,1,14,2,35,2
1,6,1,3,2.5,23,2.5
1,21,2,15,1,NA,NA
1,6,1,6,2.5,28,2.5
1,1,1,53,2.5,NA,NA
1,1,1,22,2,NA,NA
1,1,1,22,1,NA,NA
1,20,1,13,2,NA,NA
1,6,1,16,8,45,8
4,6,1,2,NA,24,NA
3,1,1,27,NA,NA,NA
1,6,1,9,5.5,33,5.5
1,6,1,2,2.5,25,2.5
1,5,2,0,0.5,17,0.5
1,6,1,15,2,49,2
1,2,2,41,2,NA,NA
1,1,1,27,1,NA,NA
1,1,2,28,1,54,2
1,6,1,4,2,36,2
1,2,2,30,1.5,NA,NA
1,1,2,26,2.25,NA,NA
1,5,2,10,1.5,39,1.5
1,5,2,8,1,26,1
1,5,2,8,2,47,2
1,5,2,2,2,18,2
1,2,2,35,3,NA,NA
1,34,2,11,1.5,50,1.5
1,1,1,49,5,NA,NA
1,5,2,16,6.5,35,6.5
1,6,1,1,1,48,1
1,6,1,3,3,34,3
1,6,1,4,1.5,33,1.5
1,5,2,4,2.5,27,2.5
1,1,2,27,5,NA,NA
1,2,2,35,3,58,3.5
6,2,2,29,3.5,NA,NA
1,6,1,15,2,39,2
1,2,2,24,1,55,3.5
1,1,2,65,1,NA,NA
1,6,1,0,1,17,1
1,5,2,0,1.5,22,1.5
3,1,1,23,NA,NA,NA
1,6,1,0,2,24,2
1,1,1,33,2,NA,NA
7,6,1,9,NA,34,NA
1,6,1,17,3,44,3
1,1,1,30,1,NA,NA
1,6,1,3,1.5,49,1.5
1,1,2,20,1,NA,NA
1,2,2,21,2,NA,NA
1,34,2,17,3,35,3
1,1,2,47,2,NA,NA
1,6,1,29,1.5,59,1.5
1,5,2,6,2.5,46,2.5
1,6,1,15,3,52,3
4,2,2,35,NA,NA,NA
1,1,1,26,2.5,NA,NA
5,1,1,29,NA,NA,NA
1,6,1,12,1.5,37,1.5
1,5,2,5,3,31,3
1,5,2,11,2,50,2
1,1,1,25,2,NA,NA
1,1,2,-2,1,NA,NA
1,1,2,35,2,NA,NA
1,2,2,51,3,NA,NA
1,5,2,13,2,46,2
1,2,2,32,2,NA,NA
1,5,2,8,2,24,2
3,6,1,7,NA,29,NA
1,2,2,19,2,NA,NA
1,1,1,37,1,NA,NA
1,1,2,77,1,NA,NA
1,1,2,25,1,56,0.5
1,6,1,15,3,39,3
1,6,1,3,4,21,4
1,5,2,3,1,25,1
7,6,1,17,NA,34,NA
1,1,2,24,2,NA,NA
1,1,2,33,1.5,NA,NA
1,6,1,0,2.5,44,2.5
1,1,2,59,2,NA,NA
6,1,1,42,NA,NA,NA
1,1,1,45,1,NA,NA
7,8,1,18,NA,NA,NA
1,6,1,4,3,38,3
1,6,1,19,2,31,2
1,6,1,5,4,32,4
1,1,1,67,1,NA,NA
1,5,2,11,2,45,2
3,1,1,46,NA,NA,NA
1,5,2,5,3.5,22,3.5
1,6,1,13,1.5,37,1.5
1,5,2,4,1.5,25,1.5
1,6,1,7,1.5,25,1.5
1,1,1,49,1.5,NA,NA
6,5,2,18,11.5,63,11.5
1,6,1,0,1,21,1
1,5,2,3,3,35,3
1,6,1,1,2,17,2
1,6,1,1,1,23,1
1,5,2,5,2,21,2
1,6,1,8,3,33,3
1,1,1,37,3,NA,NA
1,6,1,8,2,27,2
1,18,1,3,3,NA,NA
1,54,2,13,2,NA,NA
1,6,1,18,2,49,2
4,5,2,1,NA,27,NA
1,5,2,7,3.25,31,3.25
1,6,1,15,3,49,3
1,1,2,67,2,NA,NA
1,6,1,7,3,31,3
1,5,2,22,1.5,37,1.5
1,5,2,8,3,35,3
1,6,1,23,5,48,5
5,5,2,2,NA,22,NA
1,6,1,13,2,28,2
1,5,2,3,2.5,23,2.5
1,5,2,14,3,32,3
1,17,2,21,3,NA,NA
1,6,1,4,1,43,1
1,6,1,7,1,30,1
1,2,2,22,3,NA,NA
1,1,2,59,2,NA,NA
1,6,1,1,1,19,1
1,2,2,27,1,NA,NA
1,1,2,49,1,NA,NA
4,2,2,25,NA,NA,NA
1,6,1,7,2,47,2
2,5,2,5,NA,34,NA
4,1,1,29,NA,NA,NA
1,1,1,34,3,NA,NA
1,6,1,6,2,27,2
2,1,1,37,NA,NA,NA
1,5,2,1,1.5,23,1.5
1,1,2,35,1,NA,NA
1,5,2,1,3,32,3
1,6,1,14,3,51,3
1,2,2,34,1,NA,NA
1,5,2,16,2,46,2
1,1,2,59,2,NA,NA
1,1,1,27,3,71,1
1,5,2,13,3.5,33,3.5
7,5,2,1,NA,20,NA
1,1,1,20,2,NA,NA
1,6,1,7,2,26,2
1,1,1,30,2,NA,NA
1,6,1,16,2,53,2
1,5,2,11,2.5,37,2.5
1,6,1,17,2,40,2
3,2,2,21,NA,NA,NA
1,1,1,47,2.5,NA,NA
1,1,2,31,2,NA,NA
1,1,1,37,2.5,NA,NA
1,17,2,1,3,NA,NA
1,6,1,14,3,33,3
1,5,2,8,2.5,27,2.5
1,34,2,3,2,32,2
1,6,1,7,2,24,2
1,6,1,11,7,45,7
1,1,2,26,1,NA,NA
1,5,2,0,3,33,3
1,6,1,16,15,48,15
1,5,2,22,2,42,2
1,1,1,36,2,NA,NA
1,6,1,22,1,42,1
1,2,2,31,3.25,NA,NA
1,5,2,2,2,19,2
1,6,1,5,5,34,5
1,5,2,18,3,51,3
1,6,1,5,1,43,1
2,6,1,12,2,34,2
1,6,1,1,1.5,21,1.5
1,6,1,15,2,36,2
1,6,1,19,2,53,2
1,6,1,7,2,25,2
1,2,2,21,1,NA,NA
1,5,2,7,1.5,52,1.5
1,5,2,11,4,46,4
1,6,1,0,2,18,2
1,2,2,46,2.5,NA,NA
1,6,1,4,1,27,1
1,1,1,37,2,NA,NA
1,5,2,10,4,32,4
1,2,2,45,4,NA,NA
1,5,2,3,2.5,33,2.5
1,6,1,17,8,46,8
1,5,2,6,2,37,2
1,5,2,0,3,37,3
1,5,2,24,4.5,63,4.5
1,1,1,27,2,NA,NA
1,5,2,4,1,31,1
1,5,2,5,3,23,3
1,34,2,14,4,38,4
1,5,2,0,1.5,37,1.5
1,6,1,22,2,62,2
1,5,2,9,4.5,35,4.5
3,1,1,25,1,NA,NA
1,6,1,6,2.5,27,2.5
1,1,1,33,1.5,55,3.5
1,1,1,47,3,NA,NA
1,5,2,4,3,31,3
1,5,2,0,2,27,2
1,5,2,18,4,40,4
1,1,2,54,1,NA,NA
1,8,1,11,2,NA,NA
1,5,2,2,4,20,4
1,6,1,24,2.5,55,2.5
1,5,2,5,2,27,2
1,5,2,1,1.5,26,1.5
1,35,1,19,1,36,1
1,1,1,40,4,NA,NA
1,1,1,47,2,NA,NA
1,2,2,35,1.5,NA,NA
1,2,2,21,2,NA,NA
1,2,2,46,4,NA,NA
1,1,1,59,1,NA,NA
1,1,2,29,3.5,63,4
1,6,1,17,3,59,3
1,5,2,2,2,36,2
1,35,1,18,3,41,3
1,1,2,40,2,NA,NA
1,2,2,51,3,NA,NA
1,6,1,0,2,17,2
1,6,1,21,2,49,2
7,35,1,16,NA,43,NA
1,6,1,2,2,30,2
1,5,2,8,3,39,3
1,1,2,24,2,NA,NA
1,5,2,15,2,45,2
7,1,2,25,NA,NA,NA
1,1,2,68,0.5,NA,NA
1,6,1,17,2,35,2
1,6,1,20,2,59,2
1,6,1,13,5,57,5
1,5,2,5,4,21,4
1,5,2,11,2,37,2
1,6,1,16,4,35,4
4,6,1,18,NA,55,NA
1,2,2,27,2,NA,NA
1,2,2,46,1,NA,NA
1,2,2,24,1,NA,NA
1,1,1,31,3,NA,NA
1,6,1,20,2,39,2
1,2,2,23,2.5,NA,NA
1,5,2,7,6,35,6
1,6,1,1,4,35,4
1,6,1,19,1,36,1
1,5,2,2,2,25,2
1,34,2,9,1,31,1
1,1,2,23,2.5,NA,NA
1,5,2,7,1.5,29,1.5
1,1,1,32,5,NA,NA
1,1,1,31,3,NA,NA
1,1,1,30,2,NA,NA
1,35,1,17,3.5,40,3.5
1,1,2,37,2,NA,NA
1,5,2,7,2,28,2
1,1,1,29,3,NA,NA
5,5,2,2,NA,32,NA
1,2,2,32,2.5,NA,NA
1,1,2,43,2,NA,NA
1,1,1,35,1.5,NA,NA
3,5,2,5,NA,31,NA
1,1,1,28,4.5,NA,NA
1,6,1,1,1,30,1
1,6,1,16,2,42,2
1,5,2,21,2.5,57,2.5
1,1,2,-2,2,NA,NA
1,2,2,53,3,NA,NA
6,6,1,8,2,NA,NA
1,1,2,48,1.5,NA,NA
1,17,2,2,2,17,1
2,5,2,6,4,37,4
1,5,2,15,2,34,2
1,6,1,3,1,22,1
1,2,2,27,2,NA,NA
1,1,1,55,2,NA,NA
1,5,2,5,2,22,2
1,5,2,0,2,25,2
6,5,2,11,3,29,3
1,5,2,10,2.5,33,2.5
3,6,1,2,NA,21,NA
1,2,2,30,2,NA,NA
1,5,2,10,1.5,33,1.5
1,23,2,15,3,NA,NA
1,6,1,6,3,37,3
3,2,2,17,NA,NA,NA
1,6,1,19,2,42,2
1,5,2,12,3,34,3
1,6,1,17,2,66,2
1,1,1,33,3,NA,NA
1,6,1,4,4,31,4
1,1,1,37,5.5,NA,NA
1,1,2,27,2,NA,NA
1,1,1,34,8,NA,NA
1,5,2,1,2.5,28,2.5
1,2,2,41,3,NA,NA
1,1,1,44,2,NA,NA
1,2,2,21,1.5,NA,NA
1,17,2,2,3,22,1.5
1,5,2,5,4,24,4
1,2,2,55,3.5,NA,NA
1,35,1,20,4,38,4
1,2,2,37,1,NA,NA
1,5,2,11,1.5,32,1.5
1,5,2,0,3,28,3
1,1,2,58,2,NA,NA
1,5,2,3,3,58,3
1,6,1,5,4,30,4
1,2,2,22,2,NA,NA
1,1,1,28,1,NA,NA
1,6,1,15,4.5,38,4.5
1,2,2,27,2,NA,NA
1,6,1,11,5,52,5
1,24,1,23,4.5,NA,NA
1,1,1,70,2,NA,NA
1,2,2,38,2.5,NA,NA
1,1,1,37,2.5,NA,NA
1,5,2,11,2,29,2
1,6,1,13,2.5,32,2.5
1,1,1,43,3,NA,NA
1,2,2,23,1,NA,NA
1,2,2,32,2,NA,NA
1,5,2,16,1.5,50,1.5
1,1,2,54,3,NA,NA
1,1,1,37,2,NA,NA
1,1,1,26,2,NA,NA
1,5,2,12,4,45,4
1,5,2,1,2,32,2
1,2,2,43,5.5,NA,NA
1,6,1,10,1,35,1
1,1,1,33,2,NA,NA
1,6,1,14,3.5,42,3.5
1,1,2,24,1,NA,NA
1,6,1,27,2,40,2
7,5,2,3,NA,26,NA
1,5,2,1,2.5,28,2.5
1,1,1,43,2,NA,NA
1,2,2,35,1,NA,NA
2,6,1,14,NA,NA,NA
1,18,1,10,2,NA,NA
1,5,2,27,7,37,7
1,5,2,17,1.5,35,1.5
1,2,2,42,2,NA,NA
1,6,1,1,2,28,2
1,5,2,3,2,26,2
3,2,2,24,NA,NA,NA
1,5,2,9,1,35,1
1,1,2,24,1,NA,NA
1,6,1,3,3,28,3
1,2,2,59,4.5,NA,NA
1,5,2,8,2,23,2
1,1,1,36,2,NA,NA
1,2,2,19,1,NA,NA
1,6,1,27,1,57,1
1,10,1,10,4.5,NA,NA
1,6,1,9,1.5,29,1.5
1,1,1,24,2,NA,NA
1,1,1,51,4,NA,NA
1,5,2,17,2,36,2
1,2,2,20,2,NA,NA
1,5,2,5,2,32,2
1,6,1,3,2,21,2
6,6,1,14,NA,34,NA
1,5,2,5,2,32,2
1,5,2,0,2,35,2
1,6,1,18,3.5,58,3.5
1,2,2,32,4,58,3
1,1,1,23,2,59,4
1,1,1,37,1.75,NA,NA
1,5,2,9,3.5,42,3.5
1,6,1,3,4,21,4
1,5,2,3,2,30,2
1,5,2,13,4,41,4
1,6,1,2,2,35,2
1,1,1,27,4,NA,NA
1,6,1,13,6,40,6
1,5,2,6,1.5,25,1.5
1,6,1,16,3,55,3
1,5,2,12,8,46,8
1,1,1,61,2,NA,NA
1,5,2,18,3,40,3
1,6,1,1,2,21,2
1,1,1,44,1,NA,NA
6,5,2,17,NA,47,NA
1,5,2,5,2,29,2
1,5,2,1,2,30,2
1,1,1,47,2,NA,NA
1,5,2,3,9,45,9
1,6,1,5,1,24,1
1,2,2,43,1.5,NA,NA
1,1,1,39,2,NA,NA
1,6,1,14,2,32,2
4,5,2,7,NA,28,NA
6,5,2,6,NA,23,NA
1,6,1,23,2,41,2
1,5,2,13,5,55,5
1,5,2,1,3,23,3
1,5,2,3,2.5,27,2.5
1,6,1,19,4.5,35,4.5
1,6,1,24,6,57,6
1,6,1,15,2.5,37,2.5
1,6,1,5,1,28,1
1,6,1,15,1.5,37,1.5
1,34,2,14,3,41,3
1,5,2,6,2,28,2
1,1,1,39,5,NA,NA
1,5,2,14,3,34,3
1,6,1,11,5.5,51,5.5
1,35,1,19,6,NA,NA
1,2,2,47,3,NA,NA
2,6,1,9,NA,34,NA
1,18,1,-2,1.5,NA,NA
1,5,2,12,5,36,5
1,6,1,7,5,27,5
1,1,2,27,1,NA,NA
1,1,1,37,2,NA,NA
1,9,2,4,4,NA,NA
6,6,1,12,NA,34,NA
1,5,2,11,3,38,3
1,2,2,36,5,NA,NA
1,1,1,27,2,NA,NA
1,6,1,7,2,29,2
1,6,1,7,1.5,33,1.5
6,23,2,-2,11.5,NA,NA
1,1,1,33,1.5,NA,NA
1,34,2,15,2,37,2
1,1,1,47,3,NA,NA
1,1,2,46,2,NA,NA
1,1,2,55,2,NA,NA
1,5,2,19,4.5,59,4.5
1,5,2,17,2,54,2
1,5,2,0,5,24,5
1,1,2,39,2,NA,NA
1,1,2,28,1.5,NA,NA
1,6,1,22,2,54,2
1,5,2,2,2.75,33,2.75
1,6,1,15,3,37,3
1,6,1,12,3.5,40,3.5
1,5,2,18,3.5,NA,NA
1,6,1,2,3.25,20,3.25
1,1,1,52,3,NA,NA
1,1,1,55,2,NA,NA
1,5,2,5,1,22,1
1,5,2,6,3,25,3
1,1,1,30,1.5,NA,NA
1,5,2,15,2,41,2
1,1,2,25,1.5,NA,NA
1,6,1,23,2,40,2
1,1,1,28,3.5,NA,NA
1,1,1,25,1,NA,NA
1,5,2,0,1.5,33,1.5
1,10,1,17,1.5,NA,NA
1,6,1,7,3.5,22,3.5
1,6,1,6,2,31,2
1,2,2,58,4.5,NA,NA
1,6,1,14,5,35,5
1,5,2,16,4,45,4
1,1,1,29,5.5,NA,NA
1,1,1,29,2,NA,NA
1,5,2,19,2,52,2
1,6,1,2,2,25,2
1,2,2,21,2,NA,NA
1,1,1,34,1.5,NA,NA
1,2,2,33,3,NA,NA
1,2,2,22,2.5,NA,NA
1,6,1,14,5,58,5
1,5,2,8,1,24,1
1,1,1,27,1.75,NA,NA
2,1,1,30,NA,NA,NA
6,5,2,15,NA,47,NA
1,5,2,10,6.5,35,6.5
1,1,2,54,2.5,NA,NA
1,6,1,5,1,37,1
1,1,2,29,2,NA,NA
4,5,2,11,NA,25,NA
1,6,1,13,1,39,1
1,5,2,18,3.25,47,3.25
1,6,1,12,2,29,2
1,6,1,16,3,53,3
1,1,1,62,4,NA,NA
1,5,2,16,2,47,2
1,6,1,2,1.5,25,1.5
1,6,1,17,5,55,5
1,1,1,-2,2.5,NA,NA
1,5,2,5,1,35,1
1,6,1,1,1,24,1
1,5,2,8,4,28,4
1,5,2,23,1,43,1
1,1,1,37,3,NA,NA
1,1,1,33,1.5,NA,NA
1,5,2,6,5,35,5
1,5,2,6,2.5,44,2.5
1,6,1,2,2.5,30,2.5
1,5,2,3,2,21,2
1,1,1,38,1.5,NA,NA
1,1,1,27,3,NA,NA
5,2,2,24,NA,NA,NA
1,6,1,17,5,34,5
1,2,2,30,2,NA,NA
1,6,1,15,2.5,37,2.5
1,6,1,2,1.5,27,1.5
2,2,2,33,NA,NA,NA
1,6,1,21,2,55,2
1,5,2,5,3.75,25,3.75
1,1,1,28,2,NA,NA
1,1,2,20,1,62,4
1,6,1,27,2.5,51,2.5
1,2,2,61,2.5,NA,NA
1,5,2,10,4.5,30,4.5
1,1,1,26,1,NA,NA
1,5,2,23,2,51,2
1,1,1,49,3,74,4.5
2,6,1,12,4.5,31,4.5
1,6,1,2,2.5,31,2.5
1,5,2,7,1,31,1
1,21,2,4,3.5,NA,NA
1,2,2,25,2,NA,NA
1,5,2,11,1.5,38,1.5
1,1,2,29,4,NA,NA
1,2,2,33,1.5,58,1.5
1,6,1,5,1.5,30,1.5
1,2,2,26,1.5,NA,NA
1,5,2,3,2,34,2
1,6,1,5,3,24,3
1,6,1,5,2,27,2
1,6,1,6,2.5,39,2.5
1,2,2,22,1.5,NA,NA
2,6,1,3,2,34,2
1,1,1,32,2,NA,NA
1,5,2,0,2,25,2
1,6,1,11,1,28,1
1,5,2,17,2,65,2
7,5,2,3,NA,27,NA
1,5,2,2,2,23,2
1,1,2,33,1,68,0.5
1,5,2,13,4,38,4
1,5,2,1,1.5,21,1.5
1,5,2,13,3,45,3
2,2,2,37,4,NA,NA
1,5,2,0,2,21,2
1,2,2,25,2,NA,NA
1,5,2,10,3.5,25,3.5
2,2,2,34,NA,NA,NA
1,2,2,25,3.75,NA,NA
1,1,1,51,2.5,NA,NA
1,6,1,24,2,61,2
1,6,1,9,3,42,3
1,5,2,6,6.5,47,6.5
1,17,2,9,2,NA,NA
1,2,2,40,2,NA,NA
1,1,2,33,3.5,59,2
3,5,2,0,NA,29,NA
1,5,2,1,2.5,27,2.5
1,6,1,17,1.5,43,1.5
1,1,1,37,2.75,NA,NA
1,2,2,24,2,54,1
1,1,1,25,1.5,NA,NA
1,6,1,8,4,33,4
1,6,1,17,3,63,3
1,5,2,28,4.5,48,4.5
1,5,2,10,2.5,32,2.5
1,6,1,3,3,27,3
1,6,1,9,8,46,8
1,2,2,31,2,54,2
1,5,2,22,1,50,1
1,6,1,0,2,35,2
1,6,1,21,2.5,45,2.5
6,1,1,37,NA,NA,NA
1,6,1,17,4.5,38,4.5
1,1,1,26,2,NA,NA
1,6,1,2,2.5,25,2.5
1,1,1,78,1,NA,NA
1,2,2,32,2,NA,NA
1,1,1,28,1,NA,NA
1,5,2,22,6,57,6
1,1,1,28,2,NA,NA
1,6,1,2,3,26,3
1,1,1,30,1,NA,NA
1,2,2,25,3,-2,1
1,6,1,6,3,33,3
1,6,1,6,1,27,1
2,6,1,9,NA,33,NA
1,1,1,26,1.5,NA,NA
1,6,1,23,1,55,1
1,6,1,7,2,31,2
1,2,2,26,4,NA,NA
1,1,1,25,2,NA,NA
1,2,2,34,3,NA,NA
1,6,1,15,4,38,4
1,1,1,41,2,NA,NA
1,6,1,0,2,25,2
1,2,2,18,2,NA,NA
1,6,1,7,4,22,4
1,1,1,48,3.5,NA,NA
0,6,1,1,NA,27,NA
1,6,1,5,2,32,2
1,6,1,16,1,45,1
1,2,2,29,2,NA,NA
1,6,1,7,3,58,3
1,1,2,47,2,NA,NA
5,2,2,25,1.5,NA,NA
1,17,2,4,0.5,NA,NA
1,47,1,24,3,NA,NA
1,6,1,2,2.5,26,2.5
1,6,1,15,1,43,1
6,2,2,25,2,NA,NA
1,6,1,6,2,25,2
1,5,2,7,5,31,5
1,6,1,11,2,39,2
1,5,2,8,1.5,NA,NA
1,1,2,40,3.5,NA,NA
1,35,1,18,2.5,44,2.5
2,5,2,12,NA,34,NA
1,1,1,26,2,NA,NA
1,6,1,0,2,34,2
1,6,1,20,3,55,3
1,1,1,50,1,NA,NA
7,2,2,19,NA,NA,NA
2,5,2,1,4.5,31,4.5
1,1,2,26,2.5,55,2
1,1,1,45,4.5,NA,NA
1,6,1,0,2.5,28,2.5
6,6,1,19,NA,47,NA
1,6,1,33,4,59,4
1,6,1,16,5.5,32,5.5
1,6,1,10,2,27,2
1,1,1,33,3,NA,NA
7,1,2,24,NA,NA,NA
6,1,1,52,NA,NA,NA
4,10,1,14,NA,NA,NA
1,1,1,30,3,NA,NA
1,2,2,53,3,NA,NA
1,6,1,0,3,39,3
1,6,1,5,2,32,2
1,5,2,14,3,57,3
1,5,2,8,2,29,2
1,1,2,28,1,NA,NA
1,5,2,17,2,40,2
1,1,2,49,2,NA,NA
1,5,2,14,4,32,4
1,5,2,11,2,35,2
1,5,2,3,2,35,2
1,6,1,2,1,31,1
1,5,2,11,3,35,3
1,1,2,62,2,NA,NA
1,1,1,38,5,NA,NA
1,6,1,11,5.5,33,5.5
1,2,2,25,3,NA,NA
1,1,2,25,1.5,68,5
1,1,1,40,3,NA,NA
1,5,2,9,6,35,6
1,6,1,5,4,23,4
1,2,2,28,2,NA,NA
1,6,1,20,1,31,1
1,2,2,21,2,NA,NA
1,5,2,7,3,41,3
1,5,2,1,1.5,25,1.5
1,1,1,40,2,NA,NA
1,1,2,36,1.5,NA,NA
1,6,1,7,2.5,26,2.5
1,1,2,21,6,NA,NA
1,6,1,6,2,30,2
4,6,1,8,NA,41,NA
1,1,2,57,3,NA,NA
1,2,2,23,1.5,NA,NA
1,6,1,14,3,38,3
1,2,2,57,6,NA,NA
1,5,2,8,3,34,3
6,6,1,5,1.5,25,1.5
1,6,1,10,2,34,2
1,2,2,21,2,NA,NA
1,5,2,1,1.5,21,1.5
7,34,2,4,NA,43,NA
6,6,1,9,NA,30,NA
1,6,1,5,2,25,2
1,1,1,30,2.5,NA,NA
1,2,2,47,2,64,1
1,1,1,43,2.5,NA,NA
1,1,2,34,2,NA,NA
1,8,1,20,5,NA,NA
1,5,2,2,1,23,1
1,1,1,35,2,NA,NA
1,5,2,12,3,38,3
1,5,2,12,2.5,32,2.5
1,6,1,21,5,39,5
1,1,1,33,2,NA,NA
1,6,1,13,3,51,3
4,2,2,22,NA,NA,NA
8,18,1,3,NA,NA,NA
1,5,2,17,2,53,2
4,1,2,29,NA,NA,NA
1,6,1,7,2,31,2
1,5,2,4,1,24,1
1,2,2,28,2.5,NA,NA
1,2,2,24,2,54,2
6,5,2,1,2,27,2
1,2,2,35,2,58,1.5
1,6,1,3,2,25,2
1,17,2,3,5,NA,NA
1,5,2,1,2,25,2
1,2,2,37,2,NA,NA
1,5,2,2,2,25,2
1,2,2,23,1.75,NA,NA
1,6,1,0,2,36,2
1,6,1,22,2,64,2
3,6,1,0,NA,19,NA
1,6,1,5,2,35,2
1,6,1,0,1,25,1
1,5,2,1,3,18,3
1,2,2,36,2,NA,NA
1,5,2,18,0.5,NA,NA
1,1,1,29,2,NA,NA
1,6,1,7,1.5,37,1.5
1,1,1,23,3.25,NA,NA
1,35,1,9,2.5,27,2.5
1,5,2,12,2,38,2
1,1,2,25,1,NA,NA
1,1,1,35,4,NA,NA
1,6,1,6,1,25,1
1,5,2,18,2.5,55,2.5
1,2,2,53,4,NA,NA
1,6,1,1,2.5,33,2.5
1,1,1,31,4,NA,NA
1,5,2,12,15,48,15
1,6,1,6,2,24,2
1,6,1,1,1,21,1
1,5,2,17,2,36,2
1,5,2,3,2,20,2
1,18,1,21,1,NA,NA
2,6,1,5,NA,28,NA
1,5,2,4,2,28,2
1,2,2,33,3,NA,NA
1,6,1,7,2,45,2
1,5,2,4,2.5,29,2.5
1,1,1,25,2.5,NA,NA
1,6,1,15,2,49,2
1,1,2,59,2,NA,NA
1,8,1,16,2,NA,NA
1,1,2,24,1,59,2
1,6,1,1,3,35,3
1,5,2,0,2,30,2
1,5,2,4,2,31,2
1,6,1,10,2,30,2
1,1,2,51,2,NA,NA
6,2,2,28,0.5,46,2
1,1,1,62,2.5,NA,NA
NA,6,1,4,NA,29,NA
1,5,2,7,2.5,33,2.5
3,2,2,17,NA,NA,NA
1,5,2,2,1.5,23,1.5
1,6,1,27,3,51,3
1,1,1,32,1,NA,NA
7,1,2,26,NA,NA,NA
1,5,2,7,2,41,2
1,1,2,32,4,NA,NA
1,1,2,48,3,NA,NA
1,2,2,47,3,NA,NA
1,2,2,17,1,47,2
1,1,1,34,2,NA,NA
6,22,1,21,18,NA,NA
1,1,1,39,2.5,NA,NA
1,5,2,6,2,36,2
1,18,1,-2,1,NA,NA
1,6,1,5,5,34,5
1,5,2,0,5.5,23,5.5
6,47,2,17,1.5,NA,NA
1,5,2,5,3.5,22,3.5
1,5,2,8,0.5,31,0.5
1,2,2,53,2,NA,NA
1,1,1,27,2,NA,NA
4,6,1,5,NA,23,NA
1,6,1,18,1,47,1
1,6,1,23,0.5,68,0.5
1,5,2,0,1.5,23,1.5
1,6,1,0,2,34,2
1,2,2,25,1.5,NA,NA
1,5,2,12,3,40,3
1,2,2,55,3,NA,NA
1,2,2,24,4,NA,NA
1,1,1,57,8,NA,NA
6,2,2,27,3,NA,NA
3,1,1,33,NA,NA,NA
1,1,1,25,1,NA,NA
1,5,2,4,2,25,2
1,5,2,11,4,NA,NA
1,6,1,6,3,33,3
1,5,2,10,2,37,2
1,5,2,18,5,35,5
1,1,1,39,5.5,NA,NA
1,2,2,38,3,NA,NA
4,6,1,5,NA,41,NA
1,6,1,3,1.5,24,1.5
1,2,2,35,4,NA,NA
1,5,2,8,1.5,30,1.5
1,1,1,82,0.5,NA,NA
1,6,1,12,2,41,2
1,1,1,23,2,NA,NA
1,2,2,22,1,NA,NA
1,6,1,22,3,41,3
1,5,2,16,1.5,32,1.5
1,35,1,15,5,52,5
1,1,2,37,2,31,2
1,2,2,33,2.75,NA,NA
1,6,1,5,4,45,4
1,5,2,5,3,41,3
1,1,1,30,1.5,NA,NA
7,34,2,18,NA,43,NA
1,2,2,35,5,NA,NA
1,5,2,6,0.25,32,0.25
1,1,1,63,2,NA,NA
1,5,2,23,2,49,2
1,6,1,18,2,54,2
1,6,1,0,6,35,6
1,2,2,55,6.5,NA,NA
1,6,1,11,1.5,38,1.5
1,2,2,24,1.5,NA,NA
1,5,2,5,1,27,1
6,5,2,14,NA,37,NA
1,1,2,37,1,NA,NA
1,1,1,63,2,NA,NA
1,1,1,39,1,NA,NA
1,1,1,31,3,NA,NA
1,1,2,29,1,NA,NA
1,6,1,7,1,23,1
1,6,1,1,2,34,2
1,6,1,14,3,37,3
1,1,2,30,2,NA,NA
1,5,2,3,1.5,30,1.5
1,1,1,83,4,NA,NA
1,6,1,18,8,52,8
1,6,1,5,2,26,2
1,17,2,13,2,NA,NA
1,2,2,23,1.5,NA,NA
1,5,2,14,1.5,52,1.5
1,6,1,18,1.5,39,1.5
1,5,2,5,1.5,24,1.5
1,1,2,53,2,NA,NA
1,6,1,0,2,19,2
1,1,2,24,2,NA,NA
1,2,2,34,1.5,NA,NA
1,6,1,15,15,48,15
1,6,1,6,2,40,2
1,2,2,25,4,NA,NA
1,1,2,28,2,NA,NA
1,1,2,47,2,NA,NA
1,2,2,28,3,NA,NA
1,1,2,21,1,NA,NA
1,6,1,14,4,35,4
1,6,1,5,1,24,1
1,6,1,1,2,31,2
1,2,2,22,2,NA,NA
1,5,2,14,2.5,31,2.5
1,5,2,8,3.5,37,3.5
1,6,1,14,2,51,2
1,5,2,6,2,28,2
1,2,2,27,2.5,NA,NA
1,1,2,47,2,NA,NA
1,6,1,3,3.75,25,3.75
1,1,2,49,2,79,2
1,5,2,8,2,34,2
1,6,1,9,2,28,2
1,5,2,2,2,47,2
1,6,1,13,4,51,4
1,6,1,1,4,21,4
1,6,1,16,4,45,4
1,5,2,2,4,38,4
1,2,2,53,2,NA,NA
1,2,2,24,1,NA,NA
1,5,2,18,6,33,6
2,1,1,40,4,NA,NA
1,6,1,1,2,24,2
1,2,2,24,1,NA,NA
1,1,1,42,3,NA,NA
1,2,2,31,1,NA,NA
1,6,1,0,3.25,20,3.25
1,1,1,50,2.5,NA,NA
2,1,1,35,2.5,NA,NA
1,1,1,25,1.5,NA,NA
1,1,1,33,2,NA,NA
1,1,1,58,1,NA,NA
1,5,2,1,1.5,33,1.5
1,6,1,1,2.5,31,2.5
1,6,1,17,7,37,7
1,6,1,17,2,45,2
1,6,1,14,1,-2,1
1,6,1,19,2,45,2
1,5,2,17,2,52,2
1,5,2,9,2,34,2
1,1,1,34,4,NA,NA
1,1,2,21,2,NA,NA
1,2,2,33,6,NA,NA
1,5,2,16,3,48,3
1,5,2,11,3.5,37,3.5
1,5,2,8,2,32,2
1,2,2,23,1.5,NA,NA
1,1,2,54,3,NA,NA
1,5,2,17,2,32,2
4,1,2,40,NA,NA,NA
1,6,1,15,2,37,2
1,1,1,34,2,NA,NA
1,6,1,6,2.5,25,2.5
1,6,1,0,1.5,23,1.5
1,6,1,1,2,18,2
1,5,2,13,5.5,37,5.5
1,6,1,25,2.5,51,2.5
1,2,2,25,2,NA,NA
1,6,1,3,1,27,1
1,6,1,5,8,27,8
1,6,1,14,2.5,38,2.5
1,2,2,24,5,NA,NA
1,1,1,25,2,NA,NA
2,6,1,20,NA,34,NA
1,6,1,9,3,34,3
1,5,2,21,4.5,48,4.5
1,5,2,1,4.5,29,4.5
1,5,2,1,2.5,19,2.5
1,2,2,36,0.5,NA,NA
1,5,2,6,4,33,4
1,5,2,11,3.5,47,3.5
1,2,2,45,6.5,NA,NA
1,6,1,10,1,39,1
1,6,1,18,3,55,3
1,1,2,55,1.5,NA,NA
1,6,1,0,2,19,2
1,6,1,13,1.5,39,1.5
1,5,2,10,3,35,3
1,35,1,14,6.5,47,6.5
1,5,2,4,1.5,34,1.5
1,1,2,30,4.5,NA,NA
1,1,1,27,1,NA,NA
1,2,2,26,1,NA,NA
1,6,1,18,4.5,48,4.5
1,1,1,63,1,NA,NA
2,6,1,11,4,37,4
1,1,2,18,2,NA,NA
1,5,2,2,2,21,2
1,2,2,20,2.5,NA,NA
6,2,2,29,3,NA,NA
1,2,2,56,2,NA,NA
1,5,2,16,4,43,4
1,1,2,59,4,NA,NA
6,5,2,6,NA,49,NA
1,1,1,36,3.25,NA,NA
1,1,1,22,2,59,4
1,6,1,6,2,27,2
1,5,2,3,1.5,33,1.5
1,6,1,14,4,45,4
1,5,2,6,2,29,2
1,6,1,8,1,54,1
1,1,1,22,2,NA,NA
1,6,1,13,2,37,2
1,6,1,2,1.5,22,1.5
1,5,2,9,2,30,2
1,5,2,2,1,21,1
4,1,1,37,NA,NA,NA
1,1,1,29,1,NA,NA
1,1,1,28,3,NA,NA
1,5,2,0,2,19,2
1,2,2,31,2,NA,NA
1,2,2,69,2.5,NA,NA
1,5,2,5,2,25,2
1,1,1,37,4.5,NA,NA
1,6,1,2,1.5,22,1.5
1,5,2,10,2,45,2
1,6,1,3,3,23,3
1,1,2,35,5,NA,NA
1,5,2,9,3,24,3
1,5,2,8,1,41,1
1,6,1,3,3,25,3
1,5,2,10,2,27,2
1,5,2,14,1,34,1
4,6,1,4,NA,25,NA
1,6,1,4,5.5,43,5.5
1,2,2,23,1,NA,NA
1,5,2,13,2,39,2
1,6,1,4,2,37,2
1,6,1,29,2.5,51,2.5
1,5,2,5,1.5,26,1.5
1,5,2,10,2,35,2
1,2,2,26,2.5,NA,NA
1,2,2,31,2,NA,NA
1,1,1,29,4,NA,NA
1,5,2,9,2,53,2
1,6,1,11,4.5,44,4.5
1,6,1,15,2,37,2
1,2,2,35,2,NA,NA
1,6,1,9,2,32,2
1,1,1,39,1.5,NA,NA
1,6,1,9,2,31,2
1,1,2,44,4.5,74,4.5
1,1,1,56,1.5,NA,NA
1,5,2,10,3,31,3
1,6,1,20,1,67,1
1,5,2,4,1,30,1
1,2,2,57,2.5,NA,NA
1,6,1,16,3,43,3
1,5,2,3,1,NA,NA
1,2,2,23,1,NA,NA
1,10,1,14,3.5,NA,NA
1,1,2,68,3,NA,NA
1,5,2,10,3,40,3
1,6,1,3,2,47,2
1,6,1,12,2,33,2
1,6,1,14,2,33,2
1,2,2,22,1,NA,NA
1,5,2,19,4,37,4
1,6,1,0,2.5,20,2.5
1,1,1,30,2,NA,NA
1,6,1,13,1,33,1
1,1,2,65,2,NA,NA
1,6,1,10,2.5,33,2.5
1,2,2,21,1,NA,NA
1,2,2,21,1.5,NA,NA
1,5,2,17,4,53,4
9,6,1,3,NA,33,NA
1,5,2,2,1,21,1
1,6,1,1,1.5,21,1.5
1,1,1,23,1.5,45,2.5
1,6,1,8,3,29,3
1,6,1,18,5,35,5
1,1,1,42,2,NA,NA
1,1,1,55,2,NA,NA
1,2,2,23,2,NA,NA
1,5,2,5,3,23,3
6,2,2,24,NA,NA,NA
1,1,1,51,4,NA,NA
1,2,2,57,3,NA,NA
6,5,2,4,NA,31,NA
1,17,2,13,1,NA,NA
1,1,2,49,2,NA,NA
1,1,2,37,2.5,NA,NA
1,6,1,6,6,37,6
1,6,1,2,2,21,2
1,6,1,5,4,23,4
5,2,2,20,NA,NA,NA
1,6,1,13,1.5,32,1.5
2,6,1,9,2,34,2
1,1,1,57,3,NA,NA
1,6,1,9,3,35,3
1,5,2,5,1.5,23,1.5
1,5,2,11,3,27,3
1,6,1,0,3,27,3
1,2,2,25,3,NA,NA
1,18,1,15,1,NA,NA
1,5,2,4,3,25,3
1,1,1,29,1.5,NA,NA
1,2,2,18,2,NA,NA
1,2,2,41,4.5,NA,NA
1,2,2,45,9,NA,NA
1,2,2,50,1.5,NA,NA
1,6,1,0,1.5,34,1.5
1,5,2,6,2,24,2
1,1,1,37,4,NA,NA
4,1,1,29,NA,NA,NA
1,1,2,53,2,NA,NA
1,5,2,12,4,49,4
1,6,1,22,2,53,2
1,2,2,37,3.5,NA,NA
8,18,1,11,NA,NA,NA
2,1,1,45,NA,NA,NA
1,6,1,14,1.5,NA,NA
1,2,2,59,4,NA,NA
1,2,2,37,1.5,60,6.5
1,5,2,5,2,29,2
1,35,1,17,5,52,5
1,6,1,12,2,53,2
1,5,2,11,2,39,2
1,5,2,12,3,35,3
1,6,1,16,5,36,5
1,1,2,45,2.5,NA,NA
1,1,1,25,2.5,NA,NA
1,6,1,10,3,58,3
1,5,2,4,2,25,2
1,6,1,5,4,26,4
1,2,2,35,2,NA,NA
1,6,1,7,2,33,2
1,6,1,15,1.5,34,1.5
1,1,2,41,2,NA,NA
1,35,1,4,3,41,3
1,5,2,4,2,25,2
1,1,2,25,2.5,NA,NA
1,5,2,7,2,29,2
1,1,1,28,2,NA,NA
1,1,1,27,2,NA,NA
1,6,1,6,5.5,32,5.5
1,5,2,4,1,32,1
1,5,2,10,1,33,1
1,35,1,23,3,35,3
3,6,1,1,NA,23,NA
1,5,2,5,2,25,2
1,2,2,32,1,NA,NA
1,5,2,11,1,33,1
1,2,2,18,2,NA,NA
1,2,2,28,4,56,0.5
1,10,1,18,3.5,NA,NA
1,5,2,17,3,51,3
1,6,1,9,2,37,2
1,6,1,16,1,39,1
1,1,1,57,2,NA,NA
1,6,1,2,1.5,25,1.5
1,5,2,16,2,35,2
1,5,2,4,2,28,2
1,5,2,11,3,37,3
1,2,2,32,2,NA,NA
1,6,1,18,2,48,2
1,6,1,0,4,25,4
1,1,1,34,4,NA,NA
1,17,2,6,1.5,35,2
1,21,2,7,2,NA,NA
1,5,2,2,1,25,1
1,5,2,6,2,22,2
1,1,1,24,2,NA,NA
1,2,2,17,0.5,NA,NA
1,5,2,9,2,36,2
1,1,2,33,3.5,NA,NA
6,5,2,7,NA,34,NA
1,0,1,25,3.5,NA,NA
1,5,2,3,2,28,2
6,2,2,23,NA,NA,NA
1,5,2,7,3,28,3
1,5,2,3,1.5,24,1.5
1,6,1,10,2,45,2
1,5,2,1,1,20,1
1,5,2,7,1,22,1
1,1,2,17,1,NA,NA
1,2,2,36,2,NA,NA
1,5,2,14,2,29,2
1,6,1,26,2,58,2
1,1,1,28,2,NA,NA
1,1,1,37,2,NA,NA
1,1,1,27,2,NA,NA
1,6,1,1,2,18,2
1,5,2,16,3.5,40,3.5
1,35,1,19,5,52,5
1,6,1,22,6,60,6
1,5,2,14,4,37,4
1,1,1,33,2.5,NA,NA
1,5,2,2,2,19,2
1,6,1,22,15,48,15
1,5,2,10,4,45,4
1,1,1,31,2,NA,NA
3,2,2,23,NA,NA,NA
1,1,1,34,2,NA,NA
1,1,2,27,1.5,NA,NA
1,6,1,2,2,53,2
1,6,1,11,4,46,4
4,5,2,13,NA,41,NA
1,1,1,27,1,NA,NA
7,35,1,20,NA,43,NA
1,5,2,3,5,35,5
1,1,1,40,5.5,NA,NA
1,2,2,30,4,55,2
1,1,2,32,1,NA,NA
1,2,2,34,2,NA,NA
1,6,1,7,3,38,3
1,5,2,8,15,48,15
1,5,2,14,2,36,2
1,1,1,57,2.5,NA,NA
1,6,1,3,1,21,1
4,5,2,4,2,35,2
1,6,1,16,0.5,NA,NA
1,6,1,16,2,31,2
1,5,2,11,6,49,6
1,1,2,34,3,NA,NA
1,6,1,15,1,30,1
1,6,1,4,2,35,2
6,6,1,11,2,38,2
1,1,2,20,1.5,NA,NA
1,1,2,52,1.5,NA,NA
1,6,1,11,3,33,3
1,18,1,10,2,NA,NA
1,6,1,21,2,47,2
1,5,2,1,5,39,5
1,5,2,5,1.5,23,1.5
1,2,2,35,2,NA,NA
1,6,1,7,1,32,1
1,6,1,15,2.5,28,2.5
1,5,2,1,2,23,2
1,6,1,17,4.5,35,4.5
1,1,1,65,8,NA,NA
1,1,1,78,7,NA,NA
1,1,2,31,2,NA,NA
1,2,2,52,8,NA,NA
1,5,2,21,1.5,49,1.5
1,6,1,7,1.5,50,1.5
1,1,1,29,2,NA,NA
1,5,2,19,4.5,45,4.5
1,1,1,29,2,57,2.5
1,17,2,15,2,NA,NA
1,1,1,33,2,NA,NA
1,2,2,56,3,NA,NA
3,6,1,8,NA,31,NA
1,6,1,10,2,49,2
1,2,2,53,3,NA,NA
1,35,1,14,2,32,2
1,1,1,30,2,NA,NA
1,6,1,19,2.5,55,2.5
1,5,2,2,2,31,2
1,17,2,11,2,NA,NA
1,1,1,47,1,NA,NA
1,1,1,63,5,NA,NA
1,5,2,37,5,77,5
1,5,2,4,1,24,1
1,2,2,27,3,NA,NA
1,6,1,16,2,35,2
1,1,1,30,3,NA,NA
6,6,1,6,0.5,28,0.5
1,1,1,48,2,NA,NA
1,5,2,10,2,39,2
1,5,2,4,2,41,2
1,6,1,3,1.5,21,1.5
1,1,2,63,2,NA,NA
1,6,1,23,4,46,4
1,6,1,12,2,35,2
1,1,2,36,2,NA,NA
1,1,2,40,2,NA,NA
1,2,2,45,2,NA,NA
1,5,2,0,2,53,2
1,5,2,17,4.5,58,4.5
1,6,1,1,2,26,2
1,5,2,21,3,41,3
1,2,2,17,1.75,NA,NA
4,6,1,12,NA,40,NA
1,5,2,2,2,20,2
1,1,2,55,3,NA,NA
1,2,2,44,2,NA,NA
1,6,1,10,2,31,2
3,6,1,0,NA,21,NA
1,1,2,68,0.5,NA,NA
1,5,2,9,4.5,29,4.5
1,2,2,18,2,NA,NA
1,5,2,17,2.5,32,2.5
1,2,2,14,4,46,3
1,1,1,39,3,NA,NA
1,5,2,10,1,32,1
1,6,1,10,1.5,29,1.5
1,6,1,8,1,NA,NA
1,1,1,47,1,NA,NA
1,5,2,10,3,32,3
1,1,1,39,2,NA,NA
1,5,2,8,3,37,3
9,2,2,33,NA,NA,NA
1,1,2,61,2,NA,NA
6,6,1,18,10,35,10
1,6,1,18,5,36,5
1,6,1,8,2,32,2
3,5,2,3,NA,23,NA
1,2,2,37,2,NA,NA
1,35,1,14,1.5,33,1.5
1,5,2,1,7,27,7
1,5,2,1,4.5,30,4.5
1,5,2,10,1,27,1
1,2,2,17,1.5,NA,NA
1,1,1,67,2,NA,NA
1,5,2,1,9,45,9
1,1,2,53,0.5,NA,NA
1,17,2,3,1.5,22,1.5
4,5,2,18,NA,NA,NA
1,5,2,7,3,33,3
6,2,2,63,11.5,NA,NA
1,1,1,38,3,NA,NA
1,1,1,39,1.5,NA,NA
7,2,2,34,NA,NA,NA
1,2,2,24,2,NA,NA
1,2,2,31,5,NA,NA
1,2,2,45,2,NA,NA
1,5,2,3,2.5,44,2.5
1,5,2,1,1,21,1
1,6,1,18,2,41,2
1,6,1,11,3.5,37,3.5
1,5,2,9,2,32,2
1,5,2,12,2,37,2
1,2,2,63,4.5,NA,NA
1,6,1,14,1.5,39,1.5
1,5,2,13,5,34,5
3,6,1,2,1.5,21,1.5
1,5,2,15,1,38,1
1,6,1,0,2,21,2
4,1,1,35,NA,NA,NA
1,1,2,21,1,NA,NA
1,5,2,8,1.5,30,1.5
1,1,1,32,1.5,NA,NA
1,6,1,19,4.5,35,4.5
3,5,2,10,NA,34,NA
1,6,1,17,2.5,37,2.5
1,5,2,4,1,35,1
1,6,1,0,1.5,23,1.5
6,2,2,49,NA,NA,NA
1,5,2,12,3,34,3
1,5,2,16,3,35,3
1,5,2,6,1,31,1
1,6,1,8,3,45,3
1,6,1,0,2,37,2
1,6,1,8,7,45,7
4,5,2,11,NA,41,NA
1,6,1,22,2,47,2
1,1,2,31,2,NA,NA
1,2,2,29,3,NA,NA
1,1,1,26,3,NA,NA
4,47,2,12,NA,NA,NA
1,1,2,57,2,NA,NA
1,5,2,7,1,27,1
1,5,2,8,5.5,51,5.5
1,5,2,6,3,34,3
1,1,1,33,2.5,NA,NA
1,18,1,16,1,NA,NA
1,6,1,7,3,42,3
1,6,1,18,2,42,2
1,5,2,0,1.5,25,1.5
1,6,1,6,2.5,31,2.5
1,1,2,61,2,NA,NA
1,1,2,27,1,NA,NA
1,6,1,9,1,32,1
1,5,2,1,1,17,1
1,6,1,21,3,46,3
1,1,1,29,2,NA,NA
1,5,2,3,2,21,2
1,6,1,11,2.5,32,2.5
1,6,1,13,6,35,6
1,2,2,42,2.5,NA,NA
6,5,2,7,1.5,25,1.5
1,6,1,5,3,18,3
1,6,1,15,2,41,2
1,6,1,2,2,34,2
1,5,2,6,2,25,2
1,6,1,1,2,23,2
1,2,2,21,2,NA,NA
1,6,1,12,3,49,3
1,6,1,18,4,45,4
1,1,1,55,8,NA,NA
1,6,1,24,2,45,2
1,6,1,21,2,45,2
1,5,2,9,5.5,32,5.5
1,6,1,15,9,45,9
1,5,2,3,1,21,1
1,6,1,22,1,67,1
1,5,2,18,2.5,NA,NA
1,6,1,5,3.25,31,3.25
1,6,1,2,4,24,4
4,2,2,27,NA,NA,NA
1,5,2,11,3,46,3
1,5,2,8,2,30,2
1,1,1,39,2.5,NA,NA
1,6,1,6,2,27,2
3,6,1,1,NA,40,NA
1,5,2,9,3,30,3
1,1,2,27,1.5,NA,NA
1,2,2,40,2,NA,NA
1,34,2,15,4,50,4
1,2,2,23,1,NA,NA
1,5,2,22,4,45,4
1,2,2,22,2.5,NA,NA
1,2,2,27,2,NA,NA
1,5,2,2,3,33,3
1,5,2,14,2.5,32,2.5
1,5,2,6,2.5,32,2.5
1,6,1,4,1.5,35,1.5
1,5,2,7,1,31,1
6,2,2,23,NA,NA,NA
1,1,1,30,3,NA,NA
1,2,2,20,2.5,NA,NA
1,5,2,1,3,28,3
1,1,1,46,2.5,NA,NA
1,5,2,11,2,47,2
7,1,1,21,NA,NA,NA
1,6,1,14,1.5,NA,NA
1,6,1,8,2.5,32,2.5
1,1,1,29,1,NA,NA
1,1,1,27,2,NA,NA
1,6,1,14,3,53,3
1,1,1,43,2,NA,NA
1,6,1,9,1,32,1
1,5,2,7,2,30,2
1,2,2,52,2,NA,NA
7,6,1,3,NA,24,NA
1,5,2,0,1,NA,NA
4,5,2,4,NA,27,NA
1,1,1,34,3,NA,NA
1,2,2,24,3,NA,NA
1,6,1,3,4.5,30,4.5
1,34,2,10,1,36,1
1,1,1,32,1,NA,NA
1,1,1,29,1,NA,NA
1,22,1,22,2,NA,NA
5,1,1,30,NA,NA,NA
2,6,1,5,NA,34,NA
1,5,2,15,4,33,4
1,5,2,24,3,40,3
1,2,2,23,1,NA,NA
1,6,1,10,2,NA,NA
1,5,2,6,3,23,3
1,6,1,6,2,30,2
1,1,2,21,1,NA,NA
1,2,2,57,3.5,NA,NA
4,2,2,24,NA,NA,NA
3,6,1,4,NA,34,NA
1,6,1,23,2.5,51,2.5
1,5,2,13,2,32,2
1,6,1,12,4,43,4
1,2,2,33,1.5,59,4
1,5,2,12,3,41,3
1,2,2,37,2,NA,NA
1,22,1,18,2,NA,NA
1,5,2,17,3,37,3
1,5,2,6,1,26,1
1,1,1,57,6,NA,NA
1,17,2,7,1,NA,NA
1,2,2,18,2,NA,NA
1,6,1,19,3,59,3
1,5,2,21,5,48,5
1,5,2,8,4,49,4
1,6,1,8,1.5,23,1.5
1,1,2,39,1.5,NA,NA
1,1,1,37,6,NA,NA
1,6,1,8,2,31,2
1,23,2,12,3,NA,NA
1,5,2,17,3,38,3
NA,1,1,34,NA,NA,NA
1,6,1,26,2,49,2
1,5,2,0,1,24,1
1,5,2,3,3.5,22,3.5
4,1,2,34,NA,NA,NA
1,6,1,2,1.5,33,1.5
1,1,1,27,1,NA,NA
6,5,2,5,3.5,29,3.5
1,17,2,5,3,NA,NA
1,6,1,11,1,37,1
1,5,2,5,2,37,2
1,5,2,3,1,24,1
1,2,2,22,2,NA,NA
1,6,1,6,2.5,32,2.5
1,5,2,14,3.5,33,3.5
1,5,2,10,15,48,15
1,6,1,18,6.5,35,6.5
1,5,2,13,6.5,55,6.5
1,5,2,7,2,46,2
1,1,1,33,2,NA,NA
1,2,2,33,3,NA,NA
1,2,2,24,1.5,NA,NA
1,6,1,18,3,39,3
1,6,1,2,3,25,3
1,10,1,21,3,NA,NA
1,1,1,30,3,NA,NA
1,35,1,16,1,36,1
1,5,2,10,4,35,4
1,5,2,1,1,20,1
1,6,1,9,2.5,35,2.5
1,2,2,19,2.5,NA,NA
5,1,1,42,NA,NA,NA
1,1,2,61,1,NA,NA
1,5,2,15,2.5,48,2.5
1,1,2,77,2,NA,NA
1,17,2,6,2,NA,NA
1,2,2,25,3,NA,NA
1,5,2,14,2,33,2
1,6,1,1,2.5,33,2.5
1,2,2,31,1,NA,NA
1,5,2,1,1,32,1
1,6,1,21,4.5,59,4.5
1,6,1,1,3.5,23,3.5
1,6,1,2,3,27,3
1,6,1,12,3.25,47,3.25
1,5,2,15,4,53,4
1,6,1,12,1,43,1
1,6,1,6,4,35,4
1,18,1,14,3,NA,NA
1,9,2,12,3.5,NA,NA
1,5,2,11,5,31,5
1,1,1,27,1,NA,NA
1,2,2,40,3.5,NA,NA
1,2,2,40,4,NA,NA
1,5,2,22,3.25,47,3.25
1,2,2,33,2.5,NA,NA
3,2,2,34,NA,NA,NA
1,5,2,11,2,39,2
1,5,2,7,2,41,2
1,6,1,12,3.5,32,3.5
6,1,1,33,3.5,NA,NA
1,5,2,2,1,35,1
1,6,1,2,1,28,1
1,5,2,3,4,22,4
1,1,1,39,2.5,NA,NA
1,1,1,44,2,NA,NA
1,5,2,27,5,57,5
1,5,2,12,2,42,2
1,2,2,39,2,NA,NA
1,1,1,31,1.5,NA,NA
1,1,1,65,5,NA,NA
1,6,1,2,1,35,1
4,10,1,18,NA,NA,NA
1,5,2,12,2,35,2
1,5,2,17,3,53,3
1,6,1,12,2,31,2
1,1,2,64,2,NA,NA
1,6,1,11,2,34,2
1,17,2,19,2,NA,NA
1,5,2,2,1.5,33,1.5
1,2,2,29,2,NA,NA
1,1,2,25,2,NA,NA
1,5,2,1,2,23,2
4,5,2,5,NA,28,NA
1,5,2,7,1,37,1
2,5,2,1,NA,34,NA
1,6,1,7,4,27,4
1,2,2,38,2,NA,NA
1,5,2,1,1,43,1
1,6,1,5,2,31,2
1,6,1,19,2,47,2
1,1,1,45,1,NA,NA
1,6,1,8,5,36,5
1,6,1,5,1,31,1
1,1,1,26,2,NA,NA
1,6,1,21,3,37,3
1,5,2,1,0.5,32,0.5
5,1,1,33,NA,NA,NA
1,1,2,26,2,NA,NA
3,2,2,27,NA,NA,NA
1,1,1,25,1.5,NA,NA
1,5,2,19,1.5,44,1.5
1,5,2,0,1,19,1
1,6,1,23,2,58,2
2,5,2,6,2,34,2
1,2,2,52,2,NA,NA
1,6,1,10,2,29,2
1,6,1,23,1.5,49,1.5
1,6,1,2,6.25,18,6.25
1,5,2,6,1,24,1
1,6,1,0,2,27,2
1,6,1,3,1.5,33,1.5
1,1,2,51,2,NA,NA
1,5,2,15,2.5,55,2.5
1,2,2,34,1,NA,NA
1,1,1,40,4,NA,NA
1,6,1,2,1,25,1
8,17,2,5,NA,NA,NA
1,1,2,31,3,NA,NA
1,1,1,55,6.5,NA,NA
1,5,2,2,4,22,4
1,6,1,9,2.5,32,2.5
1,1,1,52,3.5,NA,NA
1,2,2,46,1,NA,NA
1,2,2,29,2,NA,NA
1,1,1,55,4,NA,NA
1,2,2,20,1,NA,NA
3,5,2,2,NA,29,NA
1,6,1,4,2,27,2
1,1,2,24,0.5,NA,NA
1,6,1,15,6.5,55,6.5
6,1,2,44,1.5,NA,NA
1,7,2,18,3,NA,NA
3,9,2,17,NA,NA,NA
1,1,1,23,6.25,NA,NA
1,1,1,36,2.5,NA,NA
1,2,2,37,2,NA,NA
1,1,2,27,2.5,NA,NA
1,5,2,13,1,32,1
1,6,1,3,5,24,5
1,2,2,28,2,NA,NA
1,5,2,13,1,38,1
1,6,1,21,6,53,6
1,2,2,31,5,NA,NA
1,34,2,10,2,36,2
1,6,1,6,4,23,4
1,5,2,12,2,46,2
1,1,1,59,2,NA,NA
1,5,2,9,3,27,3
3,2,2,57,NA,NA,NA
1,6,1,14,4,36,4
6,1,1,32,1.5,NA,NA
1,1,1,65,3,NA,NA
1,5,2,24,3.25,47,3.25
1,6,1,22,4,62,4
1,2,2,37,3,NA,NA
1,6,1,5,1,27,1
1,1,2,55,4,NA,NA
1,2,2,37,1,NA,NA
1,6,1,3,2,26,2
1,5,2,1,2,23,2
1,5,2,3,0.5,36,0.5
1,6,1,1,3,35,3
1,6,1,3,1,NA,NA
1,6,1,16,2.5,38,2.5
1,6,1,19,3,47,3
1,6,1,8,2,31,2
1,1,2,22,1,NA,NA
1,1,1,27,2,52,2
1,6,1,20,2,68,2
1,6,1,5,1.5,21,1.5
1,6,1,3,5,34,5
1,5,2,19,2.5,57,2.5
1,2,2,21,1,NA,NA
1,2,2,28,2,NA,NA
1,5,2,16,1,34,1
1,1,1,28,2.5,NA,NA
1,6,1,3,1,27,1
1,6,1,24,2,50,2
1,6,1,20,2,53,2
1,1,1,26,1,NA,NA
1,6,1,12,1,32,1
1,5,2,3,2.5,23,2.5
1,1,1,38,3,NA,NA
1,2,2,37,4,NA,NA
1,35,1,9,1,24,1
1,1,1,30,2,NA,NA
1,7,2,26,2,NA,NA
1,2,2,41,2,NA,NA
3,1,1,33,NA,NA,NA
1,1,1,27,3,NA,NA
1,5,2,3,2,27,2
1,2,2,48,3,NA,NA
1,6,1,7,2.5,31,2.5
1,2,2,32,2.5,NA,NA
6,1,1,21,1,NA,NA
1,6,1,1,3,34,3
1,2,2,19,2.5,NA,NA
1,6,1,1,3,33,3
1,6,1,2,2.5,21,2.5
1,2,2,34,2,52,2
1,1,1,61,2,NA,NA
1,1,1,-2,5,NA,NA
1,5,2,6,1.5,44,1.5
1,6,1,18,4,46,4
5,1,1,39,NA,NA,NA
1,1,2,37,2,54,2
1,6,1,19,2,35,2
1,1,2,54,1,NA,NA
1,1,2,38,1.5,NA,NA
1,6,1,23,2,47,2
1,5,2,4,2,40,2
1,5,2,1,2,27,2
1,6,1,15,2,40,2
1,6,1,1,2,31,2
1,1,1,26,2,NA,NA
1,2,2,21,2,37,2
5,2,2,37,1,NA,NA
1,6,1,2,1.5,34,1.5
1,6,1,17,3,55,3
1,6,1,18,2,37,2
1,2,2,22,1.5,NA,NA
3,5,2,0,NA,20,NA
1,6,1,5,4,23,4
1,5,2,2,3.5,22,3.5
1,6,1,10,2,30,2
1,5,2,17,2,34,2
1,5,2,4,2,39,2
1,6,1,16,1.5,50,1.5
1,1,2,27,1,NA,NA
1,1,1,25,2,NA,NA
1,6,1,8,4.5,30,4.5
1,6,1,11,2,30,2
1,6,1,13,1.5,34,1.5
1,5,2,9,2,41,2
2,6,1,17,2,34,2
1,1,2,27,1.5,NA,NA
3,1,1,38,4,NA,NA
1,34,2,18,2,34,2
1,1,1,21,2,NA,NA
1,5,2,9,3,43,3
1,5,2,6,2,36,2
1,5,2,15,1.5,48,1.5
2,6,1,14,4,37,4
6,6,1,10,NA,30,NA
1,1,2,49,2,NA,NA
1,1,2,60,3,NA,NA
7,34,2,8,NA,43,NA
1,6,1,14,2,41,2
1,6,1,5,3,46,3
1,5,2,24,1,54,1
1,2,2,43,3,NA,NA
1,5,2,4,2.5,22,2.5
1,6,1,5,1.5,33,1.5
1,6,1,27,4,57,4
6,6,1,9,NA,47,NA
1,5,2,12,2.5,36,2.5
1,6,1,15,3,50,3
1,1,1,39,1,NA,NA
1,2,2,21,2,NA,NA
1,6,1,2,5,39,5
1,5,2,23,7,37,7
1,2,2,18,2,49,2
1,6,1,11,1.5,36,1.5
3,1,1,41,NA,NA,NA
1,1,1,61,1,NA,NA
1,2,2,19,1.5,NA,NA
1,5,2,3,1,28,1
1,1,1,49,3,NA,NA
1,2,2,35,2,NA,NA
1,5,2,15,3,37,3
1,1,1,27,2,NA,NA
1,1,2,58,1,NA,NA
1,6,1,8,4,36,4
1,6,1,14,2,57,2
1,5,2,3,2.5,36,2.5
1,6,1,9,3,32,3
1,5,2,7,2,41,2
1,1,1,30,1.5,NA,NA
1,5,2,9,2.5,29,2.5
1,5,2,12,2,35,2
1,1,1,63,3,NA,NA
1,2,2,27,1.5,NA,NA
1,6,1,15,3,63,3
1,6,1,13,3,33,3
1,5,2,8,9,45,9
1,1,2,25,2,NA,NA
1,5,2,6,1,21,1
1,5,2,8,3,58,3
1,1,1,43,2.5,NA,NA
1,5,2,5,1.5,25,1.5
1,5,2,11,4,37,4
1,2,2,19,3,NA,NA
1,6,1,18,1.5,50,1.5
1,5,2,15,2,59,2
1,5,2,1,1.5,24,1.5
1,5,2,0,4,27,4
1,5,2,10,1,32,1
1,6,1,19,2,49,2
1,1,1,59,2,NA,NA
1,1,1,31,2,NA,NA
1,6,1,10,1,37,1
1,1,2,37,2,NA,NA
1,6,1,11,2,31,2
1,6,1,19,2,38,2
1,5,2,7,1,37,1
1,6,1,13,2,52,2
1,1,2,61,3,NA,NA
1,5,2,3,2,31,2
1,2,2,32,2,NA,NA
1,1,2,35,1,61,2.5
1,5,2,8,1.5,27,1.5
1,6,1,18,4,35,4
1,1,1,29,2,NA,NA
3,35,1,4,NA,22,NA
1,5,2,2,1,31,1
1,1,2,23,1,NA,NA
6,20,1,-2,11.5,NA,NA
1,5,2,4,2,28,2
1,5,2,13,1,33,1
1,5,2,0,2,33,2
1,5,2,6,3,31,3
1,5,2,1,1.5,25,1.5
1,5,2,3,2,22,2
1,6,1,5,1.5,27,1.5
1,5,2,19,3,53,3
1,1,1,27,3,NA,NA
1,18,1,-2,1,NA,NA
1,1,2,43,1,67,1.5
1,6,1,1,1.5,33,1.5
1,5,2,14,3,40,3
1,6,1,20,4,43,4
1,5,2,12,2,31,2
1,2,2,17,4,NA,NA
4,6,1,3,NA,27,NA
1,35,1,7,1,36,1
1,5,2,15,1.5,50,1.5
1,6,1,11,2,37,2
1,6,1,16,5.5,43,5.5
1,6,1,5,3,31,3
1,5,2,9,1,29,1
1,1,2,23,1.5,NA,NA
1,2,2,29,4.5,50,2
1,6,1,11,2,31,2
1,5,2,12,4,45,4
5,6,1,3,NA,22,NA
1,5,2,5,1,24,1
1,6,1,25,2,65,2
1,2,2,37,1.5,NA,NA
1,5,2,9,2,27,2
1,5,2,4,2.5,31,2.5
2,6,1,10,4.5,31,4.5
1,6,1,12,2.5,55,2.5
1,34,2,17,6,49,6
1,6,1,2,1,24,1
1,6,1,9,3,33,3
1,5,2,4,6,33,6
1,6,1,17,1,51,1
1,2,2,36,2,NA,NA
1,1,2,61,2,NA,NA
1,1,1,42,2,NA,NA
1,5,2,6,2,24,2
1,35,1,11,2,37,2
1,2,2,31,2,NA,NA
1,6,1,6,2.5,28,2.5
1,5,2,9,2,27,2
1,5,2,3,2,23,2
1,6,1,3,1.5,21,1.5
1,5,2,1,2,30,2
1,1,1,43,4,NA,NA
1,6,1,21,4,57,4
1,1,1,43,2,NA,NA
1,1,2,37,4,NA,NA
1,1,1,43,3,NA,NA
1,1,2,38,2,NA,NA
1,1,1,33,4,NA,NA
1,2,2,27,2,NA,NA
1,1,1,28,3.5,61,1
1,6,1,21,2,40,2
1,6,1,2,1,18,1
1,2,2,43,1,NA,NA
1,2,2,66,3,NA,NA
1,6,1,6,1,33,1
1,5,2,10,1.5,33,1.5
1,2,2,49,1.5,NA,NA
1,18,1,12,1,NA,NA
1,1,2,57,1,NA,NA
1,2,2,28,2.5,NA,NA
1,1,2,61,2,NA,NA
1,2,2,24,2,NA,NA
1,5,2,7,1.5,34,1.5
1,6,1,13,2,31,2
1,6,1,4,1,24,1
1,5,2,1,4,38,4
5,10,1,-2,NA,NA,NA
1,5,2,0,0.5,31,0.5
1,5,2,3,2,27,2
1,1,2,26,2,NA,NA
1,6,1,9,2,29,2
1,1,1,37,4.5,NA,NA
1,2,2,35,2,NA,NA
1,6,1,4,2,25,2
1,5,2,11,1,24,1
1,2,2,22,4,NA,NA
1,2,2,18,1,NA,NA
1,6,1,20,1.5,43,1.5
3,1,1,26,NA,NA,NA
1,6,1,10,2,37,2
1,5,2,12,2,47,2
1,5,2,4,2.5,44,2.5
1,6,1,3,4.5,21,4.5
1,5,2,0,3,38,3
1,1,1,27,2,NA,NA
1,5,2,11,3,41,3
1,6,1,15,3,48,3
1,2,2,23,3,NA,NA
1,2,2,23,2,NA,NA
6,1,2,38,2,NA,NA
1,1,1,25,2.5,NA,NA
1,1,1,28,3,NA,NA
1,2,2,21,4.5,NA,NA
1,6,1,35,1.5,59,1.5
1,5,2,14,3,33,3
1,5,2,20,3,38,3
1,6,1,33,4,69,4
1,5,2,4,2,23,2
1,6,1,20,3,45,3
1,5,2,0,2,21,2
1,1,1,43,1,NA,NA
1,1,1,24,1.5,NA,NA
1,6,1,17,2.5,57,2.5
4,6,1,7,NA,27,NA
1,5,2,17,4,46,4
1,6,1,16,3,32,3
1,2,2,24,2.5,NA,NA
1,1,2,32,3,-2,4
1,5,2,8,4,30,4
1,5,2,10,2,53,2
1,5,2,1,2,19,2
1,5,2,15,2,32,2
4,6,1,10,NA,40,NA
1,5,2,12,2,45,2
1,5,2,3,4,23,4
1,5,2,10,3.5,29,3.5
1,5,2,20,2.5,39,2.5
1,6,1,5,2,27,2
1,5,2,8,2,29,2
1,6,1,23,2,51,2
1,6,1,14,3,38,3
1,2,2,58,5,NA,NA
1,2,2,46,2.5,NA,NA
1,5,2,18,2,47,2
1,5,2,8,3,55,3
1,1,1,38,2.5,47,3
1,1,1,33,2,NA,NA
1,1,2,26,2.5,NA,NA
1,6,1,4,3,39,3
1,2,2,22,2,NA,NA
1,6,1,6,3,37,3
1,23,2,9,3,NA,NA
1,1,2,79,3,NA,NA
1,1,1,37,1,NA,NA
1,6,1,16,1,46,1
1,5,2,1,2.5,38,2.5
1,2,2,21,2,37,3
1,2,2,36,1.5,55,3.5
1,2,2,30,2,NA,NA
1,5,2,1,3,19,3
1,5,2,4,3,38,3
1,6,1,8,6,49,6
1,1,1,21,1,NA,NA
2,8,1,18,NA,NA,NA
6,47,2,16,18,NA,NA
1,5,2,14,2,54,2
1,5,2,22,1.5,44,1.5
1,1,1,25,2,NA,NA
1,5,2,2,4,31,4
1,6,1,9,1,38,1
1,5,2,11,3.75,25,3.75
1,1,1,28,1,NA,NA
1,2,2,33,3,NA,NA
1,5,2,17,4,37,4
1,6,1,11,3,37,3
1,5,2,15,1.5,29,1.5
1,21,2,15,2,NA,NA
1,6,1,9,2,28,2
1,6,1,9,2,34,2
1,7,2,13,2,NA,NA
1,6,1,7,4.5,41,4.5
1,5,2,13,1.5,35,1.5
2,2,2,28,NA,NA,NA
1,5,2,3,2.5,38,2.5
1,1,1,35,2,NA,NA
1,2,2,64,1.5,NA,NA
1,1,1,66,5,NA,NA
1,5,2,4,4,38,4
1,6,1,7,3,38,3
1,2,2,41,2,NA,NA
1,5,2,3,2.5,25,2.5
1,1,1,29,1.5,52,2
1,1,1,39,1,NA,NA
1,6,1,25,5,57,5
1,6,1,22,2,52,2
1,1,1,49,3,NA,NA
1,5,2,15,6,33,6
1,1,2,51,1,NA,NA
1,1,1,60,1,NA,NA
1,5,2,11,1,37,1
1,1,2,67,1.5,NA,NA
1,2,2,66,7,NA,NA
5,1,1,27,NA,NA,NA
1,1,2,38,4,NA,NA
1,6,1,8,4,31,4
3,1,1,29,1.5,NA,NA
1,1,2,20,1,NA,NA
1,8,1,64,3,NA,NA
1,6,1,10,5,35,5
1,5,2,9,1,31,1
1,1,1,48,2.5,NA,NA
1,17,2,11,2,NA,NA
1,1,1,28,2.5,NA,NA
1,2,2,19,2,NA,NA
1,5,2,19,1,50,1
1,1,1,55,2,NA,NA
1,6,1,22,2,68,2
1,5,2,8,5.5,43,5.5
1,6,1,14,6.5,35,6.5
1,6,1,15,3.5,NA,NA
1,6,1,6,3,27,3
1,2,2,50,2,NA,NA
1,1,1,30,3,NA,NA
1,2,2,17,1,NA,NA
1,5,2,9,1.5,33,1.5
1,1,1,27,2,NA,NA
1,6,1,1,2,30,2
1,1,2,53,1,76,4
1,5,2,4,3.5,22,3.5
3,1,1,41,NA,NA,NA
1,6,1,4,2,30,2
1,5,2,4,2,23,2
1,5,2,1,4.5,30,4.5
1,6,1,19,4,44,4
1,1,1,39,0.5,NA,NA
1,6,1,12,4,33,4
1,17,2,6,2,NA,NA
1,5,2,13,5,35,5
1,1,1,28,1,NA,NA
1,19,2,15,2,NA,NA
7,35,1,22,NA,43,NA
1,6,1,2,2,41,2
1,6,1,19,4,28,4
1,6,1,0,1,21,1
1,2,2,30,1,NA,NA
1,5,2,6,1,NA,NA
1,6,1,2,6,49,6
1,6,1,0,3,33,3
1,2,2,25,2,NA,NA
1,5,2,7,1.5,25,1.5
1,5,2,27,2,74,1.5
1,6,1,1,3.5,23,3.5
8,17,2,9,NA,NA,NA
1,1,1,22,1,NA,NA
1,5,2,1,4,25,4
1,5,2,8,5,35,5
1,6,1,16,2,44,2
1,1,1,32,2,NA,NA
1,2,2,23,4,NA,NA
1,1,1,27,2,NA,NA
1,2,2,24,1,47,3
1,5,2,1,1,31,1
1,1,2,21,3,NA,NA
1,6,1,25,3,51,3
1,5,2,14,2,45,2
1,1,2,57,1,NA,NA
1,6,1,12,2,33,2
2,5,2,15,2,34,2
1,1,2,38,2.5,NA,NA
1,6,1,16,2,30,2
1,1,1,37,1,NA,NA
1,1,2,32,1,NA,NA
1,6,1,6,2,27,2
6,5,2,21,NA,47,NA
3,1,1,21,NA,NA,NA
1,1,2,48,5,NA,NA
1,2,2,23,3,38,2
4,6,1,6,NA,35,NA
1,6,1,2,3,32,3
1,6,1,3,1,31,1
1,2,2,37,2,NA,NA
1,2,2,48,1,NA,NA
1,6,1,5,1.5,30,1.5
1,2,2,46,3,NA,NA
1,5,2,5,1.5,36,1.5
4,6,1,1,NA,27,NA
1,6,1,11,3,31,3
1,6,1,25,1.5,59,1.5
1,6,1,3,5,35,5
1,6,1,14,2.5,33,2.5
1,1,1,33,2.5,NA,NA
1,2,2,16,1,NA,NA
1,5,2,3,3.5,22,3.5
1,6,1,17,1,48,1
1,5,2,7,1,38,1
1,5,2,3,7,27,7
1,5,2,10,2,32,2
1,5,2,7,2.5,23,2.5
1,8,1,29,2,NA,NA
1,1,1,38,4,NA,NA
1,5,2,17,2.5,36,2.5
1,5,2,8,1,35,1
1,1,2,26,2,NA,NA
1,2,2,19,1,NA,NA
1,5,2,1,3,21,3
1,6,1,3,1,19,1
1,2,2,24,2,63,2
1,2,2,36,3,NA,NA
1,1,2,71,1,NA,NA
1,5,2,19,2,57,2
6,6,1,10,NA,49,NA
1,37,1,27,2,NA,NA
1,1,1,33,2,NA,NA
1,6,1,7,2.5,30,2.5
3,2,2,21,NA,NA,NA
1,6,1,21,2,42,2
1,2,2,42,3,NA,NA
1,1,2,36,1,NA,NA
1,5,2,5,3,35,3
3,6,1,2,NA,23,NA
1,2,2,22,2,NA,NA
1,5,2,14,2,42,2
1,6,1,13,6,33,6
1,1,1,29,2,NA,NA
1,1,1,30,2,57,6
1,1,1,39,3,61,1
6,5,2,5,10,35,10
1,6,1,15,1,33,1
1,6,1,22,1.5,47,1.5
1,5,2,7,2,45,2
1,5,2,5,1,29,1
1,2,2,21,4,NA,NA
1,5,2,5,2,35,2
1,2,2,30,1.5,NA,NA
1,5,2,11,2,32,2
1,5,2,15,8,46,8
1,2,2,20,2.5,NA,NA
1,1,2,77,1,NA,NA
1,1,2,27,1,NA,NA
1,5,2,5,2.5,23,2.5
1,5,2,12,1,43,1
1,1,2,51,3,71,1
1,2,2,17,2,NA,NA
1,6,1,15,4.5,45,4.5
3,5,2,14,4,34,4
1,6,1,2,3,23,3
1,2,2,37,5.5,NA,NA
4,23,2,14,NA,NA,NA
1,5,2,6,1.5,33,1.5
1,5,2,5,1,24,1
1,5,2,10,1,24,1
1,6,1,1,2,22,2
1,5,2,3,2,29,2
1,5,2,1,4,27,4
3,5,2,4,NA,25,NA
1,5,2,15,1,43,1
1,6,1,9,1.5,25,1.5
1,2,2,20,1,NA,NA
1,6,1,24,1,47,1
1,2,2,25,2,NA,NA
1,1,2,19,1.5,NA,NA
1,1,1,27,2.5,NA,NA
1,5,2,10,2,33,2
1,1,1,37,5,NA,NA
7,2,2,43,NA,NA,NA
1,6,1,16,1.5,33,1.5
1,5,2,5,2,25,2
5,6,1,13,1,37,1
1,5,2,8,2,28,2
1,6,1,15,2,49,2
1,5,2,9,5,31,5
1,1,1,26,2.5,NA,NA
1,5,2,6,2,28,2
1,6,1,16,6,53,6
1,6,1,7,4,43,4
1,1,2,-2,1,NA,NA
1,1,2,31,2,NA,NA
1,1,1,50,5.5,NA,NA
1,6,1,6,3.5,22,3.5
1,6,1,1,1.5,33,1.5
1,5,2,1,2,25,2
1,1,1,25,2.5,NA,NA
1,2,2,39,2.5,68,5
1,1,1,38,4.5,NA,NA
1,1,1,34,2,NA,NA
1,5,2,5,2.5,28,2.5
1,6,1,6,2,26,2
1,6,1,4,2,24,2
1,6,1,11,2,28,2
1,5,2,20,4,32,4
1,1,2,46,2,NA,NA
1,1,1,49,5,NA,NA
1,1,1,35,1.5,NA,NA
1,1,1,40,1,NA,NA
1,1,1,52,2,NA,NA
1,18,1,10,0.5,NA,NA
1,5,2,16,5,52,5
1,5,2,3,2.5,27,2.5
1,6,1,18,5,58,5
1,2,2,23,2,NA,NA
1,1,1,29,2,NA,NA
1,2,2,47,3.5,NA,NA
1,5,2,10,2.5,31,2.5
1,6,1,10,3.5,40,3.5
1,5,2,3,1,23,1
1,6,1,19,6,33,6
1,54,1,5,2,NA,NA
6,19,2,-2,11.5,NA,NA
1,5,2,3,2,24,2
1,5,2,1,4,23,4
1,5,2,8,5,36,5
1,17,2,10,2.5,NA,NA
1,5,2,8,3,25,3
1,6,1,3,1.5,27,1.5
1,6,1,16,3,46,3
1,2,2,52,2,NA,NA
1,6,1,18,3,32,3
1,6,1,15,2,36,2
1,5,2,15,2,31,2
1,6,1,3,2,25,2
4,6,1,6,NA,27,NA
6,6,1,23,NA,47,NA
1,5,2,0,8,27,8
1,5,2,3,2,35,2
1,6,1,7,3.5,28,3.5
4,2,2,23,NA,NA,NA
1,6,1,4,3,29,3
1,6,1,4,2.5,32,2.5
1,5,2,24,2,42,2
1,6,1,20,2,44,2
1,2,2,31,2,NA,NA
1,6,1,10,1.5,27,1.5
1,1,2,26,1,53,3
1,1,2,68,4,NA,NA
1,5,2,3,2,24,2
1,5,2,10,5,39,5
1,5,2,10,2,33,2
3,5,2,1,NA,25,NA
7,2,2,20,NA,NA,NA
1,6,1,6,2,31,2
1,6,1,5,2,24,2
1,1,1,33,2,NA,NA
6,47,1,-2,18,NA,NA
4,18,1,4,NA,NA,NA
1,2,2,34,5,NA,NA
1,1,1,57,5,NA,NA
1,2,2,37,7,NA,NA
1,6,1,14,2,37,2
1,6,1,1,2,25,2
1,5,2,5,1,22,1
1,6,1,0,2,25,2
1,5,2,16,2,34,2
1,6,1,18,2,42,2
1,6,1,18,2,48,2
6,1,1,28,NA,NA,NA
1,6,1,14,2.5,46,2.5
1,6,1,18,1.5,36,1.5
1,1,2,37,1.5,56,2
1,1,2,57,2.5,NA,NA
1,6,1,4,2,47,2
1,5,2,0,2,45,2
1,5,2,1,1,22,1
1,5,2,9,3,27,3
1,2,2,21,2.5,NA,NA
1,5,2,21,2,37,2
1,6,1,20,2,53,2
1,6,1,1,2.5,23,2.5
1,2,2,34,2,NA,NA
1,2,2,26,4.5,NA,NA
1,5,2,3,2,25,2
2,6,1,6,4.5,31,4.5
1,1,1,43,3.5,NA,NA
1,2,2,21,2,44,4
1,5,2,6,0.5,32,0.5
6,6,1,2,NA,24,NA
1,2,2,41,2,NA,NA
1,2,2,50,4,NA,NA
1,2,2,28,1.5,NA,NA
1,5,2,3,3,24,3
1,1,2,30,1,NA,NA
1,17,2,3,1,NA,NA
1,1,1,37,2,NA,NA
1,1,1,37,1,NA,NA
1,1,2,35,2,NA,NA
1,1,1,41,2,NA,NA
1,2,2,47,2,68,2
1,6,1,16,1,63,1
1,5,2,3,2,25,2
1,6,1,13,2,37,2
1,6,1,12,1.5,39,1.5
1,2,2,51,2,NA,NA
1,5,2,16,2.5,55,2.5
5,2,2,32,NA,NA,NA
1,6,1,0,1.5,34,1.5
1,2,2,55,2.5,NA,NA
1,5,2,16,4,48,4
1,1,1,45,2,NA,NA
1,5,2,7,2,23,2
2,1,1,33,4.5,NA,NA
1,1,2,45,3,NA,NA
1,5,2,17,5.5,34,5.5
1,6,1,13,4,38,4
1,5,2,2,3.75,25,3.75
1,1,1,29,2,NA,NA
1,6,1,2,0.5,31,0.5
1,2,2,21,1,NA,NA
4,6,1,12,NA,26,NA
1,5,2,0,2,23,2
1,2,2,42,1,NA,NA
1,1,2,23,1,NA,NA
1,6,1,5,2.5,39,2.5
1,5,2,9,3,31,3
1,1,1,56,4,NA,NA
1,6,1,2,2,25,2
3,1,1,26,NA,NA,NA
1,2,2,22,2,NA,NA
1,5,2,1,2,34,2
2,6,1,5,NA,33,NA
1,1,1,39,7,NA,NA
1,5,2,15,3,30,3
1,5,2,13,3,30,3
1,1,1,27,2,NA,NA
1,2,2,55,5,NA,NA
1,1,1,47,2.5,NA,NA
1,5,2,16,1,31,1
1,1,2,27,2,NA,NA
1,5,2,8,2,36,2
1,5,2,16,2.5,42,2.5
1,2,2,26,3,48,1.5
1,5,2,10,2,30,2
1,5,2,1,3,45,3
1,5,2,12,2,37,2
1,2,2,57,5,NA,NA
1,6,1,21,1,36,1
1,6,1,12,3,55,3
1,6,1,1,1,30,1
1,5,2,12,2,35,2
1,5,2,14,4,46,4
1,1,1,50,2.5,NA,NA
1,1,1,64,1.5,NA,NA
2,8,1,21,NA,NA,NA
1,18,1,15,2.5,NA,NA
1,6,1,0,3,19,3
1,6,1,16,2,33,2
1,5,2,8,4,NA,NA
1,2,2,27,2.5,NA,NA
1,6,1,7,1,24,1
1,1,2,62,1,NA,NA
1,1,2,33,1.5,NA,NA
1,5,2,17,1.5,51,1.5
1,35,1,18,6.5,45,6.5
1,35,1,5,1,31,1
1,1,1,27,2,NA,NA
1,1,1,41,2.5,NA,NA
1,6,1,17,2,47,2
1,1,2,39,1.5,NA,NA
1,2,2,19,4.5,41,2
1,17,2,8,3,NA,NA
4,6,1,7,2,35,2
1,2,2,45,3,NA,NA
1,6,1,7,1,32,1
1,2,2,51,2.5,NA,NA
3,2,2,34,NA,NA,NA
1,34,2,11,2,32,2
2,6,1,4,4,37,4
1,5,2,15,4.5,41,4.5
1,5,2,11,1.5,37,1.5
1,1,1,37,1.5,NA,NA
1,6,1,5,4,29,4
1,6,1,16,2,29,2
1,6,1,17,2,50,2
1,5,2,12,6,37,6
1,1,1,38,2,67,NA
1,6,1,1,2,24,2
1,5,2,18,3,51,3
1,17,2,1,1.5,19,1.5
1,1,2,67,3,NA,NA
1,6,1,18,2.5,48,2.5
1,6,1,14,2,32,2
7,6,1,5,NA,26,NA
1,6,1,22,1,37,1
1,1,1,35,3,NA,NA
6,6,1,16,NA,49,NA
1,6,1,4,1.5,23,1.5
1,6,1,5,6,21,6
1,6,1,11,2,31,2
1,5,2,3,1.5,22,1.5
1,5,2,20,2,61,2
1,6,1,3,3,40,3
4,5,2,12,NA,39,NA
1,5,2,1,2,21,2
4,5,2,10,NA,29,NA
1,5,2,11,2,37,2
1,5,2,19,5,48,5
1,5,2,11,2.5,33,2.5
1,5,2,11,2.5,32,2.5
1,2,2,26,1.5,NA,NA
1,1,1,72,2.5,NA,NA
1,1,1,33,1,NA,NA
1,6,1,4,2,39,2
1,1,1,25,2,NA,NA
1,5,2,1,2.5,28,2.5
1,6,1,18,1.5,50,1.5
1,6,1,6,1,39,1
1,6,1,18,8,45,8
1,6,1,12,2.5,42,2.5
1,5,2,27,1.5,59,1.5
4,6,1,2,NA,35,NA
1,1,2,21,1,NA,NA
1,1,1,62,2,NA,NA
3,2,2,23,NA,NA,NA
1,1,2,55,6,83,1
1,5,2,11,9,45,9
3,2,2,19,NA,NA,NA
8,17,2,15,NA,NA,NA
1,5,2,5,9,45,9
1,2,2,26,1,NA,NA
1,5,2,1,2.5,39,2.5
1,1,1,79,5,NA,NA
1,5,2,2,2,27,2
1,2,2,23,1.5,NA,NA
1,5,2,1,1.5,24,1.5
1,5,2,10,4,33,4
1,2,2,23,1.5,NA,NA
1,1,2,70,1,NA,NA
1,2,2,21,2,NA,NA
1,1,2,47,3,NA,NA
1,1,1,32,2.5,62,4
1,5,2,14,2.5,36,2.5
7,1,2,32,NA,NA,NA
1,6,1,10,3,31,3
1,2,2,27,3,53,3
1,1,1,22,2,NA,NA
1,1,1,49,3.5,NA,NA
1,5,2,12,1,30,1
1,2,2,19,2,NA,NA
1,1,1,37,1.5,NA,NA
1,6,1,10,3.5,28,3.5
1,2,2,25,3.5,67,NA
1,1,1,43,2,NA,NA
1,2,2,43,1,NA,NA
3,5,2,4,NA,21,NA
1,6,1,10,5,36,5
1,1,1,52,2,NA,NA
6,5,2,11,NA,47,NA
1,5,2,14,5.5,34,5.5
1,5,2,3,3.5,37,3.5
1,5,2,18,1.5,NA,NA
1,6,1,5,4.5,38,4.5
1,6,1,17,2,63,2
1,6,1,5,4.5,44,4.5
1,6,1,16,2,39,2
1,1,2,27,1,NA,NA
1,1,1,51,4,NA,NA
1,1,1,48,3,NA,NA
1,1,1,28,1,NA,NA
1,5,2,0,2,45,2
1,1,2,39,2,NA,NA
7,5,2,5,NA,24,NA
1,5,2,5,2,36,2
1,1,1,27,3,NA,NA
1,5,2,39,5,77,5
1,56,1,10,2,NA,NA
1,1,1,61,1.5,NA,NA
1,6,1,4,2,36,2
1,6,1,4,0.5,32,0.5
1,6,1,21,3.5,42,3.5
1,6,1,0,2,34,2
1,5,2,20,2,54,2
1,1,1,39,4,NA,NA
1,1,1,53,1.5,NA,NA
3,1,1,40,NA,NA,NA
1,6,1,4,2,30,2
1,6,1,16,3.5,41,3.5
1,6,1,2,1,24,1
1,2,2,19,1,NA,NA
1,5,2,0,1,22,1
1,2,2,16,3.5,NA,NA
1,6,1,19,1,45,1
1,1,1,31,1.5,NA,NA
1,5,2,10,2,45,2
1,5,2,10,1,43,1
1,6,1,14,3,35,3
3,2,2,18,NA,NA,NA
5,6,1,22,0.5,56,0.5
1,2,2,32,1,NA,NA
1,5,2,15,1.5,49,1.5
1,2,2,27,3,NA,NA
1,1,1,43,1,NA,NA
1,1,2,47,2,NA,NA
1,5,2,11,1,35,1
1,5,2,7,2,29,2
1,6,1,14,3,41,3
1,6,1,9,2,40,2
1,1,2,39,2.5,NA,NA
1,1,2,60,2,NA,NA
1,2,2,20,4,NA,NA
1,5,2,7,2,27,2
1,6,1,6,2.5,25,2.5
1,6,1,11,6,40,6
1,5,2,12,1,32,1
1,5,2,17,5,35,5
1,6,1,21,2,59,2
1,2,2,41,5,67,NA
1,6,1,21,4,54,4
1,18,1,13,2.5,NA,NA
1,6,1,11,2,35,2
1,6,1,14,2,34,2
1,5,2,25,2,48,2
1,5,2,11,1.5,44,1.5
1,1,2,74,1.5,NA,NA
8,17,2,3,NA,NA,NA
1,20,1,13,2,NA,NA
1,6,1,2,2,17,2
1,5,2,16,1.5,50,1.5
1,1,2,67,0.5,NA,NA
1,5,2,15,2.5,38,2.5
1,5,2,15,5,48,5
1,6,1,16,6,33,6
1,5,2,1,4.5,21,4.5
1,6,1,2,1.75,23,1.75
1,6,1,1,1,32,1
1,1,2,38,1,NA,NA
1,6,1,14,2,41,2
1,5,2,8,2,31,2
1,5,2,8,4,33,4
1,5,2,7,1.5,39,1.5
1,17,2,12,2,NA,NA
1,1,1,60,2,NA,NA
1,2,2,55,1,NA,NA
1,2,2,57,5,NA,NA
1,6,1,1,2,32,2
1,5,2,2,2,30,2
1,5,2,25,3,63,3
1,1,1,31,2,NA,NA
1,5,2,3,2,23,2
1,2,2,51,2,NA,NA
1,5,2,7,1.5,23,1.5
1,2,2,47,3.5,NA,NA
1,34,2,19,3,53,3
1,2,2,25,2,59,4
1,1,1,33,2.5,NA,NA
1,6,1,12,5.5,34,5.5
1,17,2,17,2.5,NA,NA
1,2,2,20,2,40,3.5
1,5,2,9,6,37,6
1,6,1,6,5,21,5
1,5,2,6,2,47,2
1,1,1,55,3,NA,NA
1,1,2,21,2,63,3
1,2,2,33,3,NA,NA
1,5,2,3,2,23,2
1,6,1,7,2.5,27,2.5
NA,6,1,2,NA,29,NA
3,34,2,1,NA,-2,NA
1,6,1,12,2.5,33,2.5
3,5,2,1,NA,21,NA
1,6,1,0,4.5,19,4.5
1,1,2,58,3,NA,NA
1,5,2,13,5.5,33,5.5
5,6,1,4,1.5,25,1.5
6,47,2,18,18,NA,NA
1,1,2,49,1.5,NA,NA
6,1,1,67,NA,NA,NA
1,1,1,21,1,45,2.5
1,2,2,-2,5,NA,NA
1,2,2,25,3,NA,NA
1,1,2,45,2,NA,NA
1,1,2,37,2.5,58,1.5
1,5,2,15,2,43,2
1,6,1,10,4,31,4
7,7,2,9,NA,NA,NA
1,1,2,57,6,NA,NA
1,2,2,51,5.5,NA,NA
1,2,2,26,3,NA,NA
1,2,2,33,4,NA,NA
1,1,2,61,4,NA,NA
1,1,1,30,1.5,NA,NA
1,5,2,7,1,31,1
1,1,1,39,4,NA,NA
1,1,2,16,6,NA,NA
1,1,1,22,2,NA,NA
1,6,1,15,4,51,4
1,6,1,9,2,37,2
1,1,1,33,3.5,NA,NA
1,1,2,58,3.5,NA,NA
1,17,2,10,7,NA,NA
1,6,1,7,4,40,4
1,5,2,23,2,37,2
1,1,2,23,4,NA,NA
1,6,1,7,3,21,3
1,2,2,53,6,NA,NA
1,1,1,33,2.5,NA,NA
1,6,1,19,5.5,43,5.5
1,6,1,9,4.5,44,4.5
1,1,1,79,2,NA,NA
1,1,1,55,3.5,NA,NA
1,6,1,14,2.5,42,2.5
1,2,2,49,2,NA,NA
1,1,1,57,2.5,NA,NA
1,6,1,4,2,30,2
1,6,1,3,2.5,39,2.5
1,6,1,10,3.5,32,3.5
1,6,1,1,4,23,4
1,5,2,11,4,49,4
1,6,1,4,2.5,26,2.5
1,1,1,49,1,NA,NA
1,5,2,0,2,21,2
1,5,2,4,2.5,21,2.5
1,6,1,23,2,41,2
1,5,2,16,2,41,2
1,1,1,25,4,NA,NA
4,5,2,5,NA,27,NA
1,1,2,41,3,NA,NA
1,5,2,21,3,41,3
1,5,2,13,3,30,3
4,6,1,0,NA,35,NA
1,1,2,43,1,NA,NA
1,6,1,5,2,26,2
1,5,2,16,3,57,3
1,2,2,55,2.5,NA,NA
1,5,2,0,2,22,2
1,6,1,4,2,28,2
1,5,2,3,2,29,2
1,5,2,16,3,37,3
1,1,1,37,4,NA,NA
6,5,2,0,NA,37,NA
7,5,2,13,NA,34,NA
1,1,1,27,2,NA,NA
1,5,2,5,4,21,4
1,2,2,28,1,NA,NA
1,6,1,7,4,45,4
1,35,1,21,1.5,50,1.5
1,6,1,4,1.5,23,1.5
1,1,1,37,1.5,NA,NA
1,6,1,2,1,20,1
1,6,1,1,2,40,2
1,5,2,3,1,27,1
1,2,2,39,2,NA,NA
1,6,1,2,2.5,29,2.5
1,6,1,13,1,32,1
1,1,1,47,1,NA,NA
1,6,1,18,7,45,7
1,6,1,5,1.5,22,1.5
1,1,2,54,3,NA,NA
1,2,2,29,4,NA,NA
1,5,2,3,2.5,28,2.5
1,1,1,37,1,NA,NA
1,2,2,54,2,NA,NA
1,6,1,6,1.5,33,1.5
1,2,2,44,2.5,NA,NA
1,6,1,19,3,48,3
1,6,1,3,2,21,2
1,5,2,22,2,40,2
1,5,2,6,1,35,1
1,5,2,0,1,23,1
1,6,1,4,3,25,3
1,5,2,8,3,32,3
1,1,1,69,3,NA,NA
1,1,2,32,5.5,NA,NA
1,2,2,33,1,NA,NA
1,1,2,27,1,NA,NA
1,5,2,14,4,40,4
1,6,1,6,1,25,1
1,2,2,38,2.5,NA,NA
1,2,2,29,3,NA,NA
3,5,2,12,NA,NA,NA
1,1,1,30,1,NA,NA
1,1,2,38,1.5,NA,NA
1,5,2,4,3.5,42,3.5
1,6,1,7,2,30,2
1,1,1,59,2.5,NA,NA
1,23,2,10,1.5,NA,NA
1,2,2,25,2,NA,NA
1,6,1,7,4.5,44,4.5
6,5,2,16,NA,37,NA
1,5,2,4,1.5,27,1.5
1,2,2,25,1.5,NA,NA
1,5,2,8,2.5,32,2.5
6,1,1,25,NA,NA,NA
1,5,2,3,2,25,2
1,5,2,3,2,37,2
1,6,1,13,4.5,35,4.5
1,35,1,10,3.5,37,3.5
1,5,2,0,2,26,2
1,1,1,41,4,NA,NA
5,7,2,16,NA,NA,NA
4,6,1,22,NA,41,NA
3,6,1,11,NA,40,NA
1,1,1,28,3,47,3
1,6,1,8,2.5,44,2.5
1,2,2,36,1,NA,NA
1,1,1,32,4,NA,NA
1,1,2,64,2,NA,NA
1,6,1,11,1,38,1
1,1,1,25,3.5,NA,NA
1,2,2,24,1,56,2
1,5,2,2,1.5,23,1.5
1,6,1,20,4,48,4
1,5,2,7,2.5,28,2.5
1,1,2,51,3,NA,NA
1,5,2,4,3,55,3
1,17,2,8,1.5,35,2
1,6,1,12,2,36,2
1,2,2,30,3,NA,NA
1,1,1,39,1.5,NA,NA
1,6,1,3,2,31,2
1,2,2,18,1.5,NA,NA
6,2,2,47,NA,NA,NA
1,5,2,9,3.5,29,3.5
1,1,1,57,2,NA,NA
1,6,1,5,2,27,2
1,2,2,18,3,NA,NA
7,1,1,37,NA,NA,NA
1,1,1,29,4,NA,NA
1,6,1,11,3.5,33,3.5
1,1,2,57,2.5,NA,NA
1,1,1,88,4.5,NA,NA
1,2,2,18,6.25,NA,NA
1,6,1,23,3,48,3
1,18,1,19,3,NA,NA
1,1,1,53,1,NA,NA
1,1,2,61,1,NA,NA
1,5,2,11,5,27,5
6,6,1,13,NA,47,NA
1,5,2,11,3,55,3
1,1,1,26,2,NA,NA
1,1,2,32,2.5,NA,NA
1,1,2,53,4,NA,NA
1,6,1,3,4,22,4
4,2,2,30,NA,NA,NA
1,1,1,45,6,NA,NA
1,5,2,12,1.5,33,1.5
1,2,2,26,2,NA,NA
1,1,1,61,6,NA,NA
1,5,2,0,4,14,4
1,2,2,64,1,NA,NA
1,1,2,39,5,NA,NA
1,1,1,49,4,NA,NA
1,6,1,6,2,31,2
1,5,2,17,3,37,3
1,1,2,25,2,NA,NA
1,5,2,1,5,34,5
1,6,1,21,1,37,1
1,6,1,6,3,29,3
1,6,1,18,2,44,2
1,5,2,11,1,48,1
1,1,1,33,1.5,NA,NA
1,2,2,29,2,NA,NA
2,6,1,8,4.5,31,4.5
1,5,2,5,2,37,2
1,6,1,0,2,47,2
1,1,1,31,2,NA,NA
1,1,1,25,2,NA,NA
1,1,2,41,2,NA,NA
1,6,1,6,2,39,2
1,6,1,0,2,21,2
1,5,2,7,1.5,33,1.5
1,5,2,1,4,22,4
1,1,1,59,0.5,NA,NA
1,1,1,57,2,NA,NA
1,5,2,17,2.5,32,2.5
1,6,1,10,3,34,3
4,5,2,10,NA,39,NA
1,1,1,55,5,NA,NA
1,35,1,5,2,32,2
1,6,1,18,2,40,2
3,2,2,17,NA,NA,NA
1,2,2,19,2,NA,NA
1,6,1,16,2,42,2
1,22,1,9,1,NA,NA
1,1,2,31,3,NA,NA
1,5,2,14,2,48,2
1,5,2,9,2,31,2
1,6,1,23,5,57,5
1,6,1,16,3.5,33,3.5
1,1,1,55,1,NA,NA
1,1,1,86,1,NA,NA
1,1,1,55,2,NA,NA
1,5,2,1,4,23,4
1,1,2,21,2,NA,NA
1,17,2,15,1.5,NA,NA
1,2,2,21,2.5,NA,NA
1,1,2,61,2,NA,NA
1,6,1,10,3,39,3
1,6,1,15,2,40,2
1,5,2,7,2.5,44,2.5
1,6,1,6,1.5,24,1.5
1,1,1,36,2,NA,NA
1,34,2,6,3,41,3
2,5,2,18,NA,34,NA
1,1,1,48,4,NA,NA
1,1,1,27,2,NA,NA
1,5,2,3,2,24,2
1,6,1,12,2,57,2
1,5,2,10,2,47,2
1,1,1,49,3,NA,NA
1,18,1,20,3,NA,NA
1,5,2,16,2,38,2
1,6,1,11,3,30,3
1,6,1,8,1.5,35,1.5
1,1,1,27,4,NA,NA
1,6,1,20,3,58,3
1,6,1,1,3,34,3
1,6,1,6,3,35,3
1,6,1,3,1,23,1
1,1,1,35,1,NA,NA
1,2,2,24,4,NA,NA
1,6,1,10,4.5,30,4.5
3,5,2,8,NA,40,NA
1,5,2,13,2,29,2
1,1,1,50,4,NA,NA
1,5,2,17,2,37,2
1,5,2,8,2,33,2
1,2,2,35,6,NA,NA
1,6,1,14,2,33,2
3,2,2,40,NA,NA,NA
1,5,2,1,1.5,35,1.5
6,2,2,34,NA,NA,NA
1,1,1,31,1,NA,NA
4,5,2,13,NA,41,NA
1,6,1,19,1,55,1
1,6,1,11,2,38,2
1,6,1,4,2,35,2
1,1,1,31,2,NA,NA
1,2,2,32,5.5,NA,NA
1,6,1,1,1,26,1
1,5,2,12,2,48,2
1,6,1,4,3,29,3
1,2,2,22,4,NA,NA
1,1,1,62,3.5,NA,NA
1,6,1,22,2,42,2
1,1,2,17,1,75,2
6,1,1,27,2,NA,NA
1,2,2,60,4.5,NA,NA
1,2,2,24,3,55,6
1,2,2,16,2,NA,NA
7,5,2,5,NA,27,NA
1,5,2,1,2,21,2
1,18,1,12,3,NA,NA
1,1,1,30,3,NA,NA
3,6,1,3,NA,23,NA
1,6,1,0,2,24,2
1,5,2,1,2,20,2
1,2,2,31,2,NA,NA
1,5,2,6,2,25,2
1,5,2,1,2,23,2
1,5,2,5,3,32,3
1,2,2,24,1,NA,NA
1,2,2,53,2,NA,NA
1,6,1,4,1,27,1
1,6,1,20,3,53,3
2,5,2,1,NA,24,NA
4,5,2,1,NA,25,NA
1,2,2,22,2,43,4
1,6,1,16,1.5,38,1.5
1,5,2,4,1,24,1
1,2,2,27,2,79,2
1,5,2,3,4,23,4
1,2,2,28,2,68,5
1,2,2,20,1,NA,NA
1,1,1,74,3,NA,NA
1,21,2,20,3,NA,NA
1,6,1,5,2,30,2
1,6,1,7,2,28,2
1,6,1,19,2,42,2
1,17,2,12,0.5,NA,NA
1,1,1,24,3.5,42,2
1,2,2,30,1,NA,NA
6,6,1,8,NA,49,NA
1,5,2,21,4,36,4
1,5,2,5,2.5,38,2.5
1,1,1,39,6,NA,NA
1,5,2,7,2,24,2
1,1,1,39,2,NA,NA
1,6,1,11,4.5,35,4.5
3,6,1,2,NA,21,NA
1,2,2,40,6,NA,NA
1,6,1,16,2.5,37,2.5
1,2,2,27,2,NA,NA
4,6,1,6,NA,29,NA
1,1,1,34,2,NA,NA
1,2,2,63,1,NA,NA
1,5,2,7,2,42,2
1,5,2,14,4.5,30,4.5
1,6,1,14,2,34,2
1,5,2,1,1.5,30,1.5
1,6,1,16,2,37,2
1,6,1,4,4,44,4
1,1,1,72,1.5,NA,NA
1,5,2,5,2,26,2
1,1,2,31,2.5,NA,NA
7,5,2,0,NA,34,NA
1,5,2,3,2,32,2
1,2,2,19,1,NA,NA
1,2,2,46,2,NA,NA
1,5,2,12,3,43,3
1,1,1,45,2,NA,NA
1,5,2,1,2.5,26,2.5
1,6,1,0,2,23,2
1,5,2,3,6,44,6
1,2,2,18,2,NA,NA
1,2,2,23,1,NA,NA
3,5,2,16,4,34,4
1,2,2,49,6,NA,NA
1,5,2,7,2,25,2
1,1,2,58,3.5,NA,NA
1,2,2,47,2,NA,NA
1,5,2,3,2.5,22,2.5
1,6,1,16,1.5,33,1.5
4,1,1,56,NA,NA,NA
1,2,2,25,2,NA,NA
1,6,1,19,6,57,6
1,6,1,13,3,54,3
1,2,2,27,1,NA,NA
1,1,1,73,2.5,NA,NA
1,2,2,19,2.5,NA,NA
1,1,1,33,2,NA,NA
1,6,1,27,4,59,4
1,5,2,8,2,35,2
1,1,1,55,3.5,NA,NA
1,6,1,5,2,29,2
1,1,2,82,2,NA,NA
1,5,2,6,2,24,2
1,5,2,9,5,34,5
1,5,2,11,2,47,2
1,1,1,38,3,NA,NA
1,34,2,19,3.5,47,3.5
1,6,1,7,1,30,1
1,18,1,4,3,22,1.5
1,1,1,27,2,60,6
1,2,2,35,1,NA,NA
1,6,1,1,1,26,1
1,5,2,12,5,39,5
1,1,1,30,1,NA,NA
1,5,2,13,2,39,2
6,6,1,13,10,35,10
1,9,2,2,1,NA,NA
1,2,2,49,2,NA,NA
1,5,2,2,2.5,29,2.5
1,5,2,12,3.5,25,3.5
1,5,2,7,1.5,26,1.5
1,1,1,30,2.5,NA,NA
1,1,1,37,0.5,NA,NA
1,5,2,10,2.5,37,2.5
1,1,1,27,2.5,NA,NA
1,6,1,18,1,-2,1
1,1,1,22,3,45,8
3,6,1,4,NA,40,NA
1,6,1,17,3,58,3
1,1,1,37,2.5,NA,NA
1,23,2,5,2,NA,NA
1,1,1,50,1.5,NA,NA
1,2,2,25,2,50,1.5
1,6,1,0,2,37,2
1,5,2,13,1,24,1
1,1,2,48,2,NA,NA
3,5,2,16,NA,34,NA
1,1,1,32,2.5,NA,NA
1,1,2,27,4,NA,NA
1,6,1,2,1,26,1
1,1,2,71,3,NA,NA
7,5,2,8,NA,27,NA
1,1,1,37,3,NA,NA
1,6,1,7,2,34,2
1,1,1,26,4,NA,NA
1,5,2,35,5,77,5
2,2,2,24,NA,NA,NA
1,5,2,8,4,31,4
1,35,1,23,4,50,4
1,2,2,33,2,NA,NA
1,1,1,30,2,NA,NA
1,2,2,24,2,41,2
3,6,1,4,1.5,21,1.5
1,2,2,47,2,76,4
7,6,1,1,NA,20,NA
1,6,1,6,2.5,29,2.5
1,6,1,0,1.75,17,1.75
1,5,2,3,1.5,22,1.5
1,1,2,48,2,NA,NA
1,6,1,23,2,40,2
1,5,2,14,4,45,4
1,5,2,1,1,36,1
1,34,2,11,1,31,1
1,6,1,3,2,28,2
2,2,2,23,NA,NA,NA
1,2,2,68,3,NA,NA
1,1,1,30,1,NA,NA
1,2,2,23,2,NA,NA
1,2,2,25,2,53,2
1,6,1,0,2,18,2
1,5,2,5,2,28,2
1,1,1,47,3.5,NA,NA
1,6,1,4,2,34,2
1,6,1,19,4,54,4
1,6,1,6,2,39,2
1,6,1,17,2,39,2
1,5,2,9,1.5,NA,NA
1,6,1,15,3,59,3
1,2,2,23,2,NA,NA
6,1,1,47,3,NA,NA
1,5,2,0,2,25,2
1,5,2,0,4,20,4
1,1,2,36,2,NA,NA
5,2,2,24,NA,NA,NA
1,6,1,12,4,40,4
3,6,1,18,NA,40,NA
5,5,2,2,1.5,25,1.5
1,2,2,26,2,NA,NA
1,6,1,6,2,29,2
1,6,1,13,2,36,2
1,2,2,65,2,NA,NA
1,2,2,18,3,NA,NA
1,6,1,10,5,35,5
1,6,1,23,1.5,55,1.5
1,6,1,4,4,27,4
1,1,1,25,5,NA,NA
1,2,2,32,3.5,NA,NA
1,1,2,49,7,NA,NA
1,5,2,3,1.5,21,1.5
1,1,1,52,4,NA,NA
4,5,2,2,NA,21,NA
1,5,2,19,4,46,4
1,6,1,8,3,28,3
1,6,1,8,2,35,2
1,1,2,25,1.5,NA,NA
1,2,2,33,2.5,NA,NA
1,17,2,9,3,NA,NA
1,6,1,12,1,29,1
1,5,2,6,4,50,4
1,5,2,11,5,34,5
1,5,2,10,1,31,1
1,5,2,1,1,19,1
1,6,1,16,1.5,NA,NA
1,6,1,17,2,32,2
1,5,2,10,3,47,3
1,5,2,3,1,31,1
1,6,1,10,4,NA,NA
1,6,1,13,2,37,2
1,35,1,13,3,53,3
1,6,1,18,1.5,NA,NA
1,1,2,25,1,NA,NA
1,1,1,27,2,NA,NA
7,1,1,28,NA,NA,NA
6,5,2,13,3,29,3
1,2,2,27,7,NA,NA
1,1,1,33,2,55,2.5
4,6,1,16,2,35,2
1,1,2,59,2,NA,NA
1,6,1,0,5.5,25,5.5
1,2,2,19,1,NA,NA
1,5,2,9,2,53,2
2,5,2,8,NA,34,NA
2,6,1,2,NA,28,NA
1,6,1,17,2,53,2
1,6,1,3,3,32,3
1,6,1,13,3,55,3
1,6,1,23,2,50,2
1,1,2,32,2.5,NA,NA
1,5,2,5,5,39,5
1,5,2,19,15,48,15
1,1,1,27,1.5,NA,NA
4,2,2,20,NA,NA,NA
1,1,1,27,2.5,NA,NA
1,17,2,7,2,NA,NA
1,6,1,16,3,41,3
1,2,2,24,2.5,NA,NA
1,6,1,10,1.5,50,1.5
1,1,2,44,1.5,NA,NA
1,5,2,12,5.5,32,5.5
1,6,1,0,5.5,23,5.5
1,2,2,21,2.5,NA,NA
1,1,1,30,1.5,NA,NA
1,5,2,1,2.5,24,2.5
1,5,2,11,2.5,37,2.5
1,6,1,8,4,54,4
1,5,2,6,5.5,51,5.5
1,1,1,29,1.5,NA,NA
1,6,1,0,1.5,25,1.5
1,5,2,16,1,-2,1
1,2,2,34,5,NA,NA
1,2,2,29,2.5,NA,NA
1,6,1,2,3,19,3
1,17,2,10,6.5,NA,NA
1,5,2,5,2,23,2
1,1,1,37,0.5,NA,NA
1,6,1,7,2,32,2
1,6,1,3,4,32,4
1,2,2,16,2,44,4
1,5,2,13,1,37,1
1,6,1,4,5,21,5
1,6,1,16,6,35,6
1,1,1,62,2,NA,NA
1,6,1,0,2,18,2
1,6,1,3,4,24,4
1,5,2,1,2,31,2
1,6,1,9,2.5,28,2.5
1,6,1,26,1,47,1
1,6,1,1,1.5,26,1.5
3,2,2,21,1.5,NA,NA
1,5,2,1,2,26,2
1,1,1,27,3,NA,NA
1,5,2,2,2.5,21,2.5
1,6,1,3,2,27,2
1,1,2,48,4.5,NA,NA
1,5,2,14,2,37,2
1,6,1,18,2,37,2
1,5,2,13,2.5,37,2.5
1,5,2,13,1,35,1
1,35,1,8,2,32,2
1,6,1,27,6,57,6
1,6,1,8,2,24,2
1,6,1,8,2,27,2
1,2,2,19,4.5,NA,NA
1,8,1,1,2,NA,NA
1,24,1,15,2,NA,NA
1,5,2,0,1,32,1
1,6,1,2,1,26,1
1,6,1,9,4,36,4
1,5,2,14,4.5,30,4.5
1,1,1,35,1,NA,NA
1,1,1,22,4,NA,NA
1,5,2,2,1,24,1
1,5,2,1,2,20,2
1,6,1,4,4,50,4
1,6,1,15,2,39,2
1,5,2,4,2,34,2
1,6,1,11,3,42,3
1,1,2,32,2.5,NA,NA
1,5,2,14,2.5,44,2.5
1,5,2,1,2.5,32,2.5
1,6,1,6,2,29,2
1,1,1,35,5.5,NA,NA
1,6,1,21,3,63,3
1,1,2,81,2,NA,NA
1,5,2,7,1.5,23,1.5
1,5,2,16,2,38,2
1,1,1,64,4.5,NA,NA
1,2,2,33,2,NA,NA
1,5,2,3,2,32,2
1,2,2,27,4,NA,NA
1,34,2,17,3,47,3
1,1,2,53,2,NA,NA
1,6,1,27,2,51,2
1,6,1,20,3,46,3
1,6,1,4,2,25,2
1,1,1,43,1,NA,NA
1,6,1,6,3,26,3
1,5,2,16,3,33,3
1,2,2,28,4,NA,NA
1,5,2,7,3.25,47,3.25
1,17,2,7,3,NA,NA
1,2,2,39,3,61,1
3,35,1,11,NA,-2,NA
1,5,2,2,1.5,22,1.5
1,6,1,2,3,23,3
1,5,2,12,2.5,33,2.5
1,5,2,25,5,48,5
1,1,1,39,1,NA,NA
1,5,2,13,2,45,2
1,1,1,70,1,NA,NA
1,6,1,8,2,37,2
1,6,1,1,2.5,NA,NA
4,5,2,9,NA,25,NA
1,5,2,3,1,26,1
1,18,1,17,2,NA,NA
1,6,1,23,3,41,3
1,1,2,65,2.5,NA,NA
1,5,2,1,2,23,2
1,6,1,1,2.5,19,2.5
8,18,1,13,NA,NA,NA
1,1,1,27,1.5,NA,NA
8,1,2,78,NA,NA,NA
1,5,2,13,3,40,3
1,1,1,49,3,NA,NA
1,1,2,39,2,NA,NA
1,10,1,12,4.5,NA,NA
1,1,1,23,2.5,NA,NA
1,5,2,5,1.5,37,1.5
1,5,2,13,2.5,48,2.5
1,6,1,1,2,18,2
3,6,1,13,NA,40,NA
1,6,1,3,2,25,2
1,2,2,24,1,NA,NA
1,6,1,9,1.5,38,1.5
1,1,1,34,2,NA,NA
6,6,1,16,NA,34,NA
1,5,2,9,3,46,3
1,5,2,1,4,20,4
1,5,2,4,2,21,2
1,1,1,28,2,NA,NA
1,6,1,13,2,47,2
1,5,2,8,2,30,2
1,5,2,25,7,37,7
1,6,1,7,2,30,2
1,1,2,47,5,NA,NA
1,2,2,29,2.5,NA,NA
1,6,1,16,3.5,55,3.5
1,1,1,31,2.5,NA,NA
1,2,2,44,2,NA,NA
1,6,1,7,2,27,2
1,5,2,10,5.5,32,5.5
1,2,2,22,1,NA,NA
1,5,2,16,1.5,52,1.5
1,5,2,1,2,32,2
1,6,1,10,2,29,2
1,6,1,15,1.5,37,1.5
1,5,2,2,1.5,25,1.5
1,1,1,21,1,NA,NA
0,1,2,27,NA,NA,NA
1,6,1,18,2.5,39,2.5
1,2,2,53,2,NA,NA
1,5,2,4,2,24,2
1,1,1,26,2,NA,NA
1,2,2,29,1.5,59,2
1,6,1,3,2,29,2
4,23,2,12,NA,NA,NA
1,6,1,20,1,47,1
1,6,1,14,3,37,3
1,1,1,23,2,NA,NA
1,1,1,62,2,NA,NA
3,2,2,20,NA,NA,NA
1,6,1,15,3,38,3
1,6,1,0,1.5,49,1.5
1,5,2,14,3.5,40,3.5
1,1,1,41,3,NA,NA
1,1,1,52,2,NA,NA
1,5,2,14,3,47,3
1,5,2,9,3,38,3
1,1,1,23,2,53,3
1,6,1,1,3,29,3
1,1,1,69,1.5,NA,NA
1,6,1,13,2.5,35,2.5
1,2,2,41,3.5,NA,NA
1,5,2,3,1.5,25,1.5
1,1,2,79,2,NA,NA
1,6,1,11,2,33,2
1,6,1,17,1,55,1
1,6,1,6,2,25,2
1,1,2,31,1,55,3.5
1,6,1,13,2,37,2
1,5,2,14,3.5,40,3.5
1,6,1,13,2,34,2
1,5,2,7,2,41,2
2,1,1,39,NA,NA,NA
1,6,1,5,3,32,3
1,5,2,0,2,29,2
1,2,2,54,2,NA,NA
1,2,2,29,2,NA,NA
4,1,1,57,NA,NA,NA
1,1,1,19,2,NA,NA
1,5,2,17,6,40,6
1,6,1,12,2,30,2
1,2,2,20,2,NA,NA
1,2,2,23,4,NA,NA
1,1,1,38,4,NA,NA
1,1,1,29,1.5,58,3.5
1,5,2,0,1,24,1
1,2,2,37,1.5,NA,NA
1,5,2,1,1.5,24,1.5
1,1,1,37,2,NA,NA
1,1,1,37,1,NA,NA
1,6,1,3,6.5,45,6.5
1,5,2,19,6,53,6
1,6,1,12,3,37,3
5,2,2,56,0.5,NA,NA
1,2,2,23,2,NA,NA
1,6,1,10,4,41,4
1,0,1,14,3,NA,NA
1,6,1,12,2,51,2
1,6,1,25,2,48,2
1,1,2,55,3,NA,NA
1,6,1,20,2,45,2
1,5,2,11,2,34,2
1,2,2,77,5,NA,NA
1,5,2,3,2,29,2
1,5,2,27,4,69,4
1,1,1,28,1.5,NA,NA
1,6,1,2,2,18,2
1,1,1,41,2,NA,NA
1,1,1,23,1,NA,NA
1,6,1,23,4.5,48,4.5
4,1,1,32,NA,NA,NA
1,5,2,14,2,38,2
1,1,2,55,2,NA,NA
1,2,2,27,2,NA,NA
1,1,1,31,4,NA,NA
1,6,1,25,4,61,4
1,5,2,22,1,47,1
1,1,1,29,2.5,NA,NA
1,5,2,2,3,31,3
1,1,1,53,3,NA,NA
1,5,2,15,5,31,5
1,6,1,19,1,51,1
1,6,1,14,3,41,3
1,6,1,19,2,49,2
1,6,1,2,3.5,22,3.5
1,1,1,71,3,NA,NA
1,1,2,37,1.5,NA,NA
1,6,1,7,2,29,2
1,2,2,33,2.5,NA,NA
3,1,1,41,NA,NA,NA
1,5,2,5,1,NA,NA
1,1,1,53,1,NA,NA
1,10,1,19,3,NA,NA
1,5,2,9,8,27,8
1,6,1,18,6,39,6
1,6,1,13,4,NA,NA
1,6,1,11,2.5,33,2.5
1,6,1,4,5.5,51,5.5
1,6,1,7,1,27,1
1,2,2,19,2,NA,NA
1,17,2,8,4,NA,NA
1,5,2,5,2,29,2
1,2,2,23,1,NA,NA
1,5,2,6,2,24,2
1,6,1,7,2,35,2
1,6,1,2,2,31,2
1,6,1,19,2.5,37,2.5
1,6,1,10,2.5,38,2.5
1,1,1,60,1.5,NA,NA
3,2,2,56,2,NA,NA
1,5,2,17,3.5,40,3.5
1,1,2,68,2,NA,NA
1,2,2,67,2,NA,NA
1,6,1,12,4.5,30,4.5
1,1,1,46,1,NA,NA
1,6,1,10,3.5,33,3.5
1,2,2,25,2,NA,NA
1,1,1,29,2,NA,NA
1,2,2,18,3,NA,NA
1,5,2,3,3,37,3
1,6,1,25,2,45,2
1,6,1,18,4.5,41,4.5
1,5,2,9,4,45,4
1,6,1,11,1.5,33,1.5
1,6,1,10,3,25,3
1,1,1,29,3,NA,NA
1,5,2,14,8,52,8
1,6,1,5,3,27,3
1,5,2,13,2,30,2
1,6,1,3,2,21,2
1,5,2,5,2,20,2
1,1,2,56,2,NA,NA
6,2,2,30,NA,NA,NA
1,1,1,27,2,NA,NA
1,5,2,19,5,39,5
1,6,1,5,2.5,32,2.5
1,1,1,29,2.5,NA,NA
1,6,1,22,3,46,3
1,1,2,28,2,NA,NA
1,6,1,12,4,36,4
1,8,1,22,1,NA,NA
1,5,2,11,1,31,1
1,5,2,9,1,26,1
6,6,1,2,1.5,25,1.5
1,6,1,11,3,58,3
1,2,2,22,3.5,NA,NA
1,8,1,16,3,NA,NA
1,6,1,14,1,29,1
1,6,1,18,2,36,2
1,5,2,5,2,NA,NA
1,5,2,8,2,36,2
1,6,1,3,1,NA,NA
1,1,1,41,2,NA,NA
1,1,1,70,0.5,NA,NA
1,1,1,57,2,NA,NA
8,17,2,1,NA,NA,NA
1,1,2,60,1,NA,NA
1,1,1,23,2,NA,NA
1,6,1,7,6.5,45,6.5
5,1,1,28,NA,NA,NA
2,2,2,33,NA,NA,NA
1,5,2,5,2.5,38,2.5
1,6,1,0,2.5,27,2.5
1,5,2,19,6.5,55,6.5
1,1,1,73,4,NA,NA
1,6,1,2,1.5,20,1.5
1,6,1,1,1,31,1
1,5,2,19,2,40,2
1,1,1,57,4,NA,NA
1,5,2,10,3,37,3
1,6,1,12,4,32,4
1,5,2,7,2.75,33,2.75
1,2,2,21,1.5,NA,NA
1,6,1,1,2,25,2
1,6,1,13,5,55,5
1,5,2,9,3,35,3
1,1,2,33,1,NA,NA
1,2,2,37,6,NA,NA
1,5,2,19,4,36,4
1,6,1,27,5,52,5
1,35,1,14,3.5,37,3.5
1,5,2,5,2,31,2
1,5,2,20,4,45,4
1,6,1,16,3,34,3
1,6,1,7,1.5,38,1.5
4,6,1,8,NA,35,NA
1,6,1,23,4,53,4
1,1,2,-2,2,NA,NA
1,5,2,9,1.5,32,1.5
1,6,1,14,1.5,50,1.5
1,5,2,12,1,41,1
1,6,1,13,2.5,33,2.5
1,6,1,28,4,61,4
1,6,1,0,2,27,2
1,6,1,4,4,29,4
1,6,1,10,1,NA,NA
1,6,1,14,3,37,3
1,6,1,12,4.5,59,4.5
1,6,1,25,3,55,3
1,6,1,8,3,32,3
1,6,1,0,3.5,22,3.5
1,6,1,8,1,32,1
1,10,1,3,3,36,5
1,5,2,23,1.5,58,1.5
1,2,2,30,3,NA,NA
1,5,2,0,3.5,21,3.5
1,2,2,27,2,NA,NA
1,5,2,1,1.5,22,1.5
4,6,1,8,NA,24,NA
1,2,2,26,1,NA,NA
1,6,1,17,6,37,6
1,10,1,16,3,NA,NA
1,5,2,20,3.5,NA,NA
1,1,1,22,1,NA,NA
1,5,2,9,1,32,1
1,6,1,4,2,26,2
1,6,1,4,2,25,2
1,1,1,50,3.25,NA,NA
1,5,2,1,1.5,27,1.5
1,2,2,36,4,63,2
1,1,1,40,6,NA,NA
1,5,2,9,2,31,2
1,6,1,3,1,22,1
4,2,2,36,1,NA,NA
1,1,2,36,0.5,NA,NA
1,5,2,2,3,25,3
1,1,1,23,1,NA,NA
1,1,2,-2,4,NA,NA
1,1,1,37,5,NA,NA
1,5,2,5,5,31,5
1,5,2,7,5,34,5
1,5,2,27,2,54,2
6,5,2,0,3.5,29,3.5
1,2,2,21,3,47,3.5
1,5,2,5,2,25,2
1,6,1,1,4,33,4
4,5,2,0,NA,21,NA
1,2,2,16,1.5,NA,NA
1,5,2,8,2,27,2
1,6,1,8,1,24,1
1,6,1,11,2.5,46,2.5
1,1,1,48,5,NA,NA
4,5,2,18,NA,41,NA
1,6,1,3,3,32,3
1,1,1,52,4,NA,NA
1,18,1,8,6.5,NA,NA
1,5,2,18,3,41,3
1,5,2,11,2,40,2
2,2,2,34,NA,NA,NA
1,1,1,30,1.5,NA,NA
1,5,2,7,1.5,24,1.5
1,6,1,31,2.5,51,2.5
1,1,2,36,2,NA,NA
1,2,2,17,2,NA,NA
1,6,1,20,2,59,2
1,6,1,5,3.5,33,3.5
1,6,1,23,2,49,2
1,6,1,11,1,30,1
1,2,2,31,2,NA,NA
1,6,1,5,2,24,2
1,6,1,15,4.5,35,4.5
1,2,2,76,4,NA,NA
1,6,1,8,3,29,3
2,1,1,37,NA,NA,NA
1,5,2,13,2,45,2
1,2,2,39,3,NA,NA
1,6,1,6,1,26,1
1,6,1,1,2.5,32,2.5
1,6,1,10,2,29,2
1,5,2,10,2,27,2
1,5,2,16,4,36,4
1,2,2,23,2,NA,NA
1,5,2,13,2.5,46,2.5
1,6,1,32,5,57,5
1,34,2,13,3.5,47,3.5
1,2,2,37,2.5,NA,NA
1,5,2,2,2,24,2
4,6,1,8,NA,39,NA
1,5,2,52,5,77,5
4,1,1,31,NA,NA,NA
1,5,2,3,2,27,2
1,1,1,30,1,NA,NA
1,6,1,11,2,36,2
1,5,2,14,3,43,3
1,5,2,13,2,32,2
1,6,1,14,3,32,3
1,6,1,8,2,45,2
1,1,1,28,2,NA,NA
1,2,2,24,1,NA,NA
2,2,2,33,4,NA,NA
1,1,2,67,2,NA,NA
1,5,2,1,2,23,2
1,6,1,13,2,NA,NA
1,1,1,32,2,NA,NA
1,6,1,27,5,57,5
1,2,2,19,3.5,NA,NA
1,6,1,4,1.5,26,1.5
1,5,2,4,2,24,2
7,6,1,16,NA,34,NA
1,2,2,51,4,NA,NA
1,5,2,11,2,32,2
1,1,1,48,9,NA,NA
5,9,2,14,NA,NA,NA
1,5,2,4,4.5,30,4.5
1,5,2,15,5.5,32,5.5
1,5,2,8,1.5,33,1.5
1,1,1,30,1,NA,NA
1,6,1,2,1,21,1
1,6,1,3,5.5,25,5.5
1,1,1,75,2,NA,NA
1,2,2,19,2.5,NA,NA
1,1,1,28,1,NA,NA
1,2,2,45,4,NA,NA
1,6,1,9,1.5,30,1.5
2,6,1,9,NA,28,NA
1,6,1,0,1,41,1
1,5,2,1,2,24,2
1,6,1,0,2,18,2
1,6,1,11,1.5,37,1.5
1,6,1,5,2.5,24,2.5
1,6,1,33,1.5,59,1.5
7,6,1,5,NA,32,NA
1,1,1,26,1.5,NA,NA
1,1,1,32,2,NA,NA
4,1,2,35,2,NA,NA
1,5,2,15,5,55,5
1,2,2,37,2,NA,NA
1,1,2,57,1,NA,NA
1,6,1,13,1,37,1
1,6,1,9,3,30,3
1,5,2,14,4,31,4
5,2,2,22,NA,NA,NA
1,10,1,9,3,NA,NA
1,6,1,7,2,30,2
1,6,1,12,2,33,2
1,5,2,4,1.75,23,1.75
1,1,1,30,2.5,NA,NA
1,2,2,45,4,NA,NA
1,5,2,7,1,55,1
1,6,1,19,3,55,3
1,34,2,17,3,53,3
1,5,2,10,3.5,25,3.5
1,2,2,27,2,NA,NA
6,6,1,16,10,35,10
1,2,2,45,3,NA,NA
1,6,1,11,1.5,55,1.5
1,2,2,25,2,NA,NA
1,5,2,5,2.5,29,2.5
1,5,2,12,1.5,30,1.5
1,6,1,18,3.5,41,3.5
1,1,2,21,2,NA,NA
1,1,2,51,1,NA,NA
5,2,2,18,NA,NA,NA
1,5,2,9,2,33,2
1,6,1,17,1,50,1
1,5,2,1,2,23,2
1,2,2,27,2,NA,NA
1,1,1,29,1.5,NA,NA
1,1,2,32,0.25,NA,NA
1,5,2,5,2,35,2
1,5,2,11,1.5,26,1.5
1,2,2,37,4,NA,NA
1,2,2,37,2,NA,NA
1,6,1,12,1,31,1
1,1,2,57,2,NA,NA
1,6,1,5,2,19,2
1,1,1,50,3.5,NA,NA
1,5,2,5,3.5,23,3.5
1,5,2,3,1.5,37,1.5
1,5,2,9,1,28,1
1,6,1,15,2,50,2
1,1,1,30,2,NA,NA
3,6,1,13,NA,34,NA
1,6,1,49,5,77,5
1,6,1,8,5,39,5
1,5,2,3,3,25,3
1,6,1,12,3,47,3
1,5,2,7,2,32,2
1,5,2,13,2,34,2
1,2,2,24,2,NA,NA
1,5,2,14,1,35,1
1,1,1,27,2.5,NA,NA
1,6,1,18,4,38,4
1,6,1,5,7,45,7
1,2,2,44,3,NA,NA
1,6,1,18,1,34,1
1,5,2,7,4,29,4
5,1,1,25,NA,NA,NA
1,2,2,57,2,NA,NA
1,6,1,14,3,32,3
1,6,1,18,2,38,2
1,6,1,3,1.5,29,1.5
1,6,1,14,6,37,6
1,2,2,25,3,NA,NA
1,6,1,0,1,21,1
1,6,1,15,7,45,7
6,2,2,39,NA,NA,NA
1,1,1,33,2,NA,NA
3,5,2,0,NA,23,NA
1,6,1,1,4,23,4
1,1,2,76,1.5,NA,NA
1,6,1,21,2,41,2
1,6,1,13,2,36,2
1,6,1,9,1.5,27,1.5
1,6,1,5,2,30,2
1,2,2,22,5,NA,NA
1,2,2,19,3,32,5.5
3,2,2,29,NA,NA,NA
7,2,2,20,NA,NA,NA
1,6,1,3,4,45,4
1,1,1,67,6,NA,NA
1,6,1,13,2,36,2
1,5,2,16,1,39,1
1,6,1,11,4,48,4
1,6,1,10,2.5,30,2.5
4,5,2,16,NA,40,NA
6,1,1,29,NA,NA,NA
1,1,2,50,1,NA,NA
1,6,1,9,2,28,2
1,6,1,3,2,33,2
1,5,2,11,2,31,2
1,5,2,1,1,24,1
1,2,2,42,2.5,NA,NA
1,6,1,1,1.5,23,1.5
1,6,1,28,3.5,55,3.5
1,1,1,31,1,NA,NA
1,1,2,51,2.5,NA,NA
1,1,1,52,2,NA,NA
1,5,2,3,1.5,25,1.5
1,35,1,10,3,41,3
1,1,1,38,6.5,NA,NA
1,6,1,20,4,59,4
1,6,1,2,5.5,23,5.5
1,1,2,36,2,59,4.5
1,2,2,22,1.5,NA,NA
1,1,2,29,2,47,3
1,1,1,28,1,NA,NA
1,5,2,7,3.5,37,3.5
1,6,1,6,1,27,1
1,1,2,38,4,NA,NA
1,6,1,19,2.5,42,2.5
1,6,1,5,2,32,2
1,6,1,1,1.5,19,1.5
1,6,1,5,2,30,2
1,6,1,4,2,24,2
1,2,2,48,15,NA,NA
1,6,1,15,5.5,37,5.5
1,6,1,14,2.5,37,2.5
1,5,2,12,4,31,4
1,2,2,39,5,NA,NA
1,5,2,7,3.5,29,3.5
1,6,1,9,2,30,2
1,5,2,9,0.5,32,0.5
1,5,2,1,3,33,3
3,2,2,22,NA,NA,NA
1,2,2,23,2,44,4
1,6,1,9,2.5,29,2.5
1,35,1,25,6,49,6
1,6,1,17,2,54,2
1,6,1,11,3.5,42,3.5
1,1,2,38,3,NA,NA
2,6,1,8,4,37,4
1,5,2,12,2,NA,NA
1,34,2,17,2,47,2
1,6,1,9,1.5,38,1.5
1,5,2,7,1,22,1
1,1,1,61,2,NA,NA
1,1,1,27,1,NA,NA
1,2,2,33,2.5,NA,NA
1,2,2,49,3,NA,NA
1,6,1,3,3.5,21,3.5
1,1,1,24,3.5,NA,NA
1,1,2,31,1,59,2
1,6,1,7,1,24,1
1,1,1,39,4,NA,NA
1,23,2,15,2.5,NA,NA
1,1,1,39,2,NA,NA
1,1,1,49,3,NA,NA
1,1,2,39,1,NA,NA
1,2,2,21,3.5,NA,NA
1,5,2,5,3,27,3
1,6,1,11,2,41,2
1,6,1,2,2,30,2
1,1,2,23,1,NA,NA
1,2,2,19,1,NA,NA
1,2,2,18,2,30,1
1,6,1,6,3,32,3
1,34,2,9,2,37,2
1,1,1,33,1,NA,NA
6,2,2,17,1,NA,NA
1,2,2,33,4,NA,NA
1,1,2,57,1.5,NA,NA
1,6,1,11,2,36,2
1,1,1,32,3,NA,NA
1,1,2,57,4,NA,NA
1,6,1,18,2,59,2
6,1,1,49,18,NA,NA
1,2,2,27,4,NA,NA
1,6,1,1,1.5,20,1.5
1,5,2,15,2,45,2
1,5,2,5,3,41,3
1,6,1,10,2,35,2
1,5,2,19,4,38,4
1,6,1,12,4,37,4
1,6,1,29,2,51,2
1,5,2,5,2,25,2
1,1,1,28,2,NA,NA
1,2,2,41,1,NA,NA
5,1,1,51,1,76,4
1,5,2,18,4,45,4
1,5,2,5,1,24,1
7,6,1,5,NA,34,NA
1,6,1,10,2,34,2
1,2,2,44,4,NA,NA
1,10,1,3,3,36,5
3,1,1,29,NA,NA,NA
1,1,2,48,2,NA,NA
2,6,1,5,NA,33,NA
1,2,2,31,2.5,53,2
1,5,2,3,2.5,NA,NA
1,6,1,14,3,45,3
1,5,2,5,3,21,3
1,6,1,1,2,37,2
1,2,2,34,5.5,NA,NA
1,6,1,10,2.5,36,2.5
1,2,2,44,2.5,NA,NA
6,47,2,13,18,NA,NA
1,6,1,18,3,46,3
1,9,2,8,4.5,NA,NA
1,5,2,11,1.5,30,1.5
1,5,2,4,6.25,18,6.25
2,8,1,16,NA,NA,NA
1,2,2,33,4,NA,NA
1,6,1,0,2,21,2
1,5,2,8,1,43,1
1,6,1,3,1,24,1
1,1,2,41,2,NA,NA
1,6,1,21,7,45,7
1,6,1,5,2.5,27,2.5
5,1,1,37,1.5,NA,NA
1,5,2,22,6,39,6
1,6,1,2,1.5,28,1.5
1,2,2,30,2,NA,NA
1,1,1,42,2,NA,NA
1,18,1,6,2,NA,NA
1,2,2,30,1.5,NA,NA
1,1,1,32,3.5,NA,NA
1,5,2,1,0.25,32,0.25
6,5,2,14,2,38,2
1,6,1,19,2.5,69,2.5
1,2,2,21,2,NA,NA
2,6,1,7,NA,28,NA
1,6,1,24,2.5,55,2.5
1,6,1,22,4,57,4
1,1,1,23,1,NA,NA
1,5,2,12,6.5,35,6.5
1,1,1,30,3,NA,NA
1,5,2,0,1,25,1
1,5,2,20,1.5,38,1.5
1,1,1,36,1,NA,NA
1,6,1,17,2,36,2
3,2,2,37,NA,NA,NA
1,6,1,9,2,30,2
1,6,1,9,2.5,46,2.5
1,1,2,48,1.5,NA,NA
1,5,2,5,2,42,2
1,6,1,21,2,65,2
1,5,2,21,2.5,37,2.5
1,2,2,45,2.5,NA,NA
1,1,1,55,1,NA,NA
1,2,2,52,5,NA,NA
1,2,2,25,1,NA,NA
1,6,1,25,6,60,6
7,34,2,13,NA,43,NA
1,6,1,20,2,51,2
1,6,1,0,2.5,19,2.5
2,5,2,13,NA,34,NA
1,5,2,13,2,75,2
1,1,2,49,4,NA,NA
1,17,2,-2,1,NA,NA
1,1,2,48,3,NA,NA
1,6,1,2,2.5,46,2.5
1,1,2,18,1,NA,NA
1,5,2,4,2.5,33,2.5
1,1,1,37,1,NA,NA
1,2,2,46,3,NA,NA
6,1,1,73,11.5,NA,NA
4,2,2,28,NA,NA,NA
1,1,1,53,4,NA,NA
1,2,2,27,3,NA,NA
1,6,1,3,2,21,2
1,1,1,27,4,NA,NA
1,6,1,21,2,47,2
1,6,1,1,2,19,2
1,5,2,13,2,49,2
1,5,2,12,1,-2,1
1,6,1,5,2,21,2
1,1,2,57,1,NA,NA
1,5,2,10,2,36,2
1,5,2,11,4,28,4
1,6,1,8,2,41,2
1,10,1,13,1,NA,NA
1,1,1,36,5,NA,NA
1,1,2,45,2,NA,NA
1,6,1,6,1,32,1
1,6,1,25,3,51,3
1,2,2,21,3,NA,NA
1,2,2,24,1,NA,NA
1,1,1,34,2,53,3
5,6,1,2,NA,20,NA
1,5,2,18,1,31,1
1,6,1,5,1.5,NA,NA
1,6,1,21,2,51,2
1,6,1,1,5.5,43,5.5
1,6,1,0,2,25,2
1,6,1,9,7,27,7
1,5,2,4,4.5,26,4.5
1,5,2,12,2,27,2
1,1,1,33,8,NA,NA
1,6,1,17,4.5,59,4.5
1,5,2,15,3,30,3
1,1,1,33,2,NA,NA
1,1,2,58,1.5,NA,NA
1,6,1,4,3,25,3
1,2,2,28,2.5,NA,NA
1,6,1,0,1.5,29,1.5
1,1,1,21,2,NA,NA
1,5,2,4,3,23,3
1,6,1,8,2.5,48,2.5
1,1,2,79,1.5,NA,NA
1,6,1,12,1.5,33,1.5
1,5,2,1,2,29,2
1,2,2,21,2,NA,NA
1,6,1,12,1.5,37,1.5
3,6,1,11,4,34,4
1,5,2,4,1.5,28,1.5
1,6,1,9,2.5,32,2.5
1,6,1,5,2,23,2
1,5,2,9,2,27,2
2,2,2,34,2,NA,NA
1,6,1,10,2,31,2
1,2,2,48,2,NA,NA
1,35,1,20,3.5,40,3.5
1,2,2,66,2.5,NA,NA
1,1,1,43,3,NA,NA
1,1,1,25,4.5,NA,NA
1,5,2,6,4,23,4
1,5,2,13,1,30,1
1,6,1,6,1,25,1
1,2,2,40,3.5,NA,NA
1,2,2,59,6,NA,NA
1,1,1,42,2,NA,NA
1,5,2,20,5,-2,5
1,1,2,62,4,NA,NA
1,2,2,23,2,NA,NA
1,5,2,9,1,30,1
1,2,2,24,1,NA,NA
1,5,2,6,2,25,2
1,2,2,18,2,37,2
1,2,2,33,1.5,NA,NA
1,6,1,12,5.5,43,5.5
4,1,1,33,NA,NA,NA
1,35,1,22,6.5,47,6.5
1,2,2,25,1.5,NA,NA
1,2,2,29,1.5,59,2
1,6,1,7,1.5,33,1.5
1,1,1,35,2,NA,NA
1,5,2,10,8,52,8
1,6,1,13,2,32,2
6,7,2,15,NA,NA,NA
1,5,2,2,4,44,4
1,6,1,14,1,-2,1
1,5,2,2,1,23,1
1,6,1,14,5,39,5
1,6,1,10,2.5,44,2.5
4,6,1,14,2,35,2
1,2,2,47,3.25,NA,NA
1,2,2,30,2,NA,NA
1,6,1,21,3,40,3
4,1,1,27,NA,NA,NA
1,6,1,18,2,45,2
1,5,2,13,2.5,38,2.5
1,6,1,13,3.5,NA,NA
1,6,1,24,3,53,3
1,6,1,9,2,24,2
1,1,2,34,2.5,NA,NA
1,2,2,23,2.5,NA,NA
2,6,1,0,2,34,2
1,6,1,0,2,23,2
1,5,2,4,2,NA,NA
1,6,1,2,2.5,20,2.5
1,2,2,35,3,NA,NA
1,5,2,13,3.5,55,3.5
1,1,2,73,1,NA,NA
1,5,2,3,6,21,6
1,1,2,33,1.5,67,3
1,6,1,15,2.5,57,2.5
1,2,2,66,2,NA,NA
1,2,2,32,1,49,2
1,5,2,11,4.5,38,4.5
1,6,1,7,2,27,2
1,2,2,25,1.5,NA,NA
1,5,2,14,3,58,3
1,2,2,20,2,NA,NA
1,1,1,64,6,NA,NA
1,6,1,16,1.5,39,1.5
1,5,2,10,2.5,48,2.5
1,6,1,23,4,61,4
1,2,2,19,1,NA,NA
1,6,1,6,1,28,1
7,1,2,27,NA,NA,NA
1,6,1,10,2,38,2
5,6,1,1,NA,24,NA
1,1,2,18,2,NA,NA
1,6,1,22,1,55,1
1,6,1,7,2,31,2
1,6,1,1,4,29,4
1,1,2,45,1,61,1
1,1,1,30,3,NA,NA
1,2,2,21,5,NA,NA
1,2,2,26,1.5,NA,NA
1,6,1,2,2,24,2
1,6,1,21,2,40,2
1,5,2,2,2,26,2
1,6,1,13,2,41,2
1,2,2,27,2.5,NA,NA
1,5,2,14,2,31,2
1,6,1,3,3.5,23,3.5
1,6,1,10,1.5,49,1.5
1,1,1,29,4,NA,NA
4,6,1,14,NA,39,NA
1,5,2,5,2.5,23,2.5
1,5,2,10,3,39,3
1,5,2,17,2,35,2
1,6,1,4,2,45,2
1,5,2,13,4.5,41,4.5
1,6,1,5,1.5,21,1.5
1,1,1,30,4,NA,NA
1,6,1,8,1,39,1
1,6,1,4,1.5,23,1.5
1,5,2,9,2,25,2
1,6,1,0,1.5,23,1.5
1,2,2,45,7,NA,NA
1,5,2,9,1.5,37,1.5
1,6,1,2,2,34,2
1,2,2,17,2,NA,NA
1,6,1,18,2,50,2
1,5,2,11,1,43,1
1,1,2,-2,1,NA,NA
1,1,2,47,2,NA,NA
1,6,1,10,1.5,50,1.5
1,5,2,9,1.5,38,1.5
1,1,1,40,5,NA,NA
1,5,2,8,3,32,3
1,1,1,35,1.5,NA,NA
4,5,2,16,NA,55,NA
1,6,1,2,2.5,25,2.5
1,5,2,9,5,41,5
1,2,2,32,3,NA,NA
1,10,1,10,3,NA,NA
1,6,1,8,2,32,2
1,1,2,26,2,NA,NA
1,5,2,6,4,35,4
1,6,1,16,2,52,2
1,6,1,10,2,27,2
1,5,2,11,6,33,6
1,6,1,14,5.5,43,5.5
4,1,2,27,NA,NA,NA
1,6,1,17,2,55,2
1,1,2,22,4,59,2
4,6,1,1,NA,25,NA
1,1,1,32,4,NA,NA
3,9,2,13,NA,NA,NA
1,6,1,4,2,22,2
1,2,2,25,2,NA,NA
1,18,1,9,2.5,NA,NA
1,8,1,4,2,NA,NA
1,6,1,6,3,29,3
1,6,1,1,2,18,2
1,6,1,3,1.5,29,1.5
1,1,2,39,1.5,NA,NA
1,1,1,45,3,NA,NA
1,6,1,5,2,31,2
1,5,2,14,2.5,37,2.5
1,1,1,29,1,NA,NA
1,5,2,13,2,34,2
1,2,2,31,0.5,NA,NA
1,1,1,64,2,NA,NA
1,5,2,8,2,35,2
1,1,1,76,2,NA,NA
1,6,1,7,2,NA,NA
1,5,2,11,2.5,42,2.5
1,6,1,0,2.75,33,2.75
6,2,2,35,10,NA,NA
1,1,2,35,2,NA,NA
1,6,1,19,4,51,4
1,5,2,1,3,35,3
1,1,1,62,4.5,NA,NA
1,5,2,5,2,27,2
1,1,1,34,2,NA,NA
1,5,2,5,2,36,2
1,1,1,33,1,NA,NA
1,6,1,3,2.5,26,2.5
1,1,2,26,1,NA,NA
1,1,1,34,1.5,NA,NA
1,6,1,13,2,49,2
1,2,2,41,3,NA,NA
1,1,1,30,4,NA,NA
1,2,2,25,2,NA,NA
1,6,1,3,4,27,4
1,2,2,33,2,NA,NA
1,6,1,18,2,61,2
1,5,2,1,1.5,21,1.5
1,6,1,1,1,18,1
1,2,2,29,3,NA,NA
1,6,1,0,5,31,5
1,2,2,24,2,NA,NA
1,6,1,6,1,35,1
1,2,2,27,2,NA,NA
1,1,1,41,3,NA,NA
1,1,1,37,3,NA,NA
1,6,1,7,4,46,4
1,1,1,22,2,NA,NA
1,5,2,3,1,25,1
1,2,2,24,2,NA,NA
1,6,1,17,2,59,2
1,1,1,48,1.5,NA,NA
1,5,2,10,1,35,1
6,1,1,41,10,NA,NA
1,5,2,14,8,45,8
1,1,2,47,3,NA,NA
1,2,2,24,1,NA,NA
1,5,2,4,2.5,42,2.5
1,5,2,12,3,33,3
1,9,2,25,1,NA,NA
1,1,1,22,1,NA,NA
1,5,2,4,1,32,1
1,2,2,50,1.5,NA,NA
1,5,2,1,1,23,1
1,5,2,2,2,23,2
1,5,2,15,4.5,44,4.5
1,6,1,4,2,36,2
1,1,2,25,1,NA,NA
1,5,2,5,2,29,2
1,1,1,26,1,58,2
1,2,2,55,3.5,NA,NA
1,1,1,40,2,NA,NA
1,5,2,6,3,37,3
1,1,2,41,4,NA,NA
1,5,2,9,5,27,5
1,5,2,7,1.5,25,1.5
1,2,2,34,3,NA,NA
1,1,1,24,1.25,NA,NA
1,1,1,20,1,NA,NA
1,6,1,18,3,43,3
1,9,2,13,1.5,NA,NA
4,1,2,37,NA,NA,NA
1,5,2,4,2,24,2
7,2,2,17,2,NA,NA
1,5,2,16,4,41,4
1,5,2,10,3,37,3
1,5,2,5,3.5,40,3.5
1,1,1,37,1.5,NA,NA
1,1,2,37,1,NA,NA
1,5,2,12,4,33,4
1,2,2,52,5,NA,NA
1,2,2,21,4,NA,NA
2,1,1,37,4,NA,NA
1,5,2,11,1,32,1
1,6,1,14,2,35,2
1,5,2,3,6,35,6
3,1,1,26,NA,NA,NA
1,5,2,9,4.5,45,4.5
1,6,1,3,1,41,1
1,2,2,30,2,NA,NA
1,1,2,20,1,38,1.5
1,1,1,26,2,NA,NA
1,1,2,45,2,NA,NA
1,6,1,0,4,21,4
1,1,1,75,4,NA,NA
1,5,2,4,2,53,2
1,5,2,9,3,22,3
1,5,2,1,2,16,2
1,1,1,25,2,NA,NA
1,2,2,26,1.5,NA,NA
1,6,1,20,2,47,2
2,5,2,7,NA,33,NA
1,5,2,5,1.5,35,1.5
1,2,2,60,1,NA,NA
1,6,1,19,1.5,37,1.5
1,5,2,7,0.5,36,0.5
1,2,2,27,2.5,NA,NA
1,6,1,23,2.5,57,2.5
1,6,1,23,3,46,3
1,5,2,10,1.5,37,1.5
1,2,2,23,2,NA,NA
1,6,1,9,1,33,1
1,6,1,14,3.5,37,3.5
2,1,1,27,NA,NA,NA
1,1,1,24,3,NA,NA
1,35,1,2,3,41,3
1,5,2,12,1,27,1
1,1,1,41,1,NA,NA
1,2,2,41,2,NA,NA
1,1,1,34,2,NA,NA
1,2,2,33,1.5,NA,NA
1,1,1,50,4,NA,NA
1,1,1,39,4,NA,NA
3,2,2,23,NA,NA,NA
1,5,2,13,2,34,2
5,6,1,5,NA,32,NA
1,6,1,22,1.5,52,1.5
1,35,1,16,3.5,33,3.5
1,35,1,6,3.5,40,3.5
1,3,2,74,4.5,NA,NA
1,6,1,21,1.5,50,1.5
1,1,1,66,2,NA,NA
1,1,1,55,2,NA,NA
1,2,2,47,6.5,NA,NA
1,1,1,29,2,NA,NA
1,6,1,16,2,32,2
1,2,2,32,3,NA,NA
1,6,1,19,7,37,7
1,6,1,13,6.5,55,6.5
1,1,2,36,2,33,1.5
1,5,2,7,6,33,6
1,6,1,2,4,23,4
1,1,1,64,1,NA,NA
1,6,1,18,3.5,47,3.5
1,6,1,18,1,-2,1
1,6,1,1,3,21,3
1,5,2,17,3.5,NA,NA
1,1,1,50,1,NA,NA
1,1,2,29,1,45,2
1,1,1,34,2,NA,NA
1,34,2,13,1,36,1
1,1,1,22,2,NA,NA
1,5,2,3,2,22,2
4,1,1,27,NA,NA,NA
1,1,1,27,2,61,1
1,1,1,23,2,NA,NA
1,6,1,0,2,25,2
1,1,1,36,2,NA,NA
1,6,1,24,3,43,3
1,5,2,9,4,49,4
1,2,2,17,2,NA,NA
4,6,1,7,NA,25,NA
1,5,2,3,3,41,3
1,5,2,10,3,36,3
1,2,2,29,4,NA,NA
1,18,1,15,2,NA,NA
1,6,1,9,2,30,2
1,2,2,25,2.5,NA,NA
1,1,1,65,3,NA,NA
1,5,2,7,1.5,25,1.5
1,2,2,18,1,NA,NA
3,1,1,30,NA,NA,NA
1,2,2,29,1.5,53,2
1,2,2,24,3,NA,NA
1,6,1,14,2,53,2
1,5,2,7,2,NA,NA
1,6,1,19,2,37,2
1,6,1,7,3.5,40,3.5
1,21,2,22,2,NA,NA
1,5,2,1,2.5,24,2.5
1,5,2,18,6,44,6
1,1,1,19,2,NA,NA
6,5,2,1,10,35,10
1,2,2,22,1.5,NA,NA
1,2,2,32,3,NA,NA
1,1,2,45,4.5,NA,NA
6,47,2,17,18,NA,NA
1,1,1,59,5,NA,NA
1,1,2,60,6.5,NA,NA
1,2,2,27,2,NA,NA
3,5,2,7,NA,24,NA
1,1,1,52,3,NA,NA
1,6,1,5,2,27,2
1,20,1,17,2,NA,NA
1,1,1,61,2,NA,NA
1,1,2,20,2,NA,NA
8,17,2,5,NA,NA,NA
1,6,1,7,1,29,1
1,1,2,20,3,NA,NA
5,1,1,27,NA,NA,NA
1,2,2,33,3,NA,NA
1,6,1,13,5,31,5
1,2,2,20,2,NA,NA
6,5,2,9,3,27,3
1,5,2,7,4,24,4
1,6,1,3,2,29,2
1,6,1,23,2,61,2
1,6,1,2,2.5,19,2.5
1,5,2,2,3,21,3
1,6,1,23,2,40,2
1,6,1,24,6.5,55,6.5
3,2,2,22,NA,NA,NA
1,1,2,42,2,NA,NA
1,1,1,27,2,NA,NA
1,6,1,25,6,56,6
1,6,1,23,2,47,2
1,6,1,1,4,21,4
1,6,1,9,4.5,30,4.5
1,5,2,5,4,43,4
1,6,1,2,2.5,21,2.5
1,1,2,50,3,NA,NA
1,18,1,3,2.5,NA,NA
6,6,1,3,2,25,2
1,8,1,20,1,NA,NA
4,5,2,2,NA,39,NA
1,6,1,10,5.5,34,5.5
1,1,1,42,3,NA,NA
1,2,2,27,2,NA,NA
1,6,1,4,2.5,28,2.5
1,1,1,58,5.5,NA,NA
1,5,2,8,4,29,4
1,1,1,31,7,NA,NA
1,5,2,7,1.5,37,1.5
1,5,2,0,2,17,2
1,5,2,7,1,23,1
1,6,1,13,4,44,4
1,1,2,32,2,NA,NA
3,2,2,31,NA,NA,NA
3,2,2,19,NA,NA,NA
1,5,2,3,2,24,2
1,5,2,0,3,18,3
1,6,1,13,4.5,38,4.5
1,6,1,19,3,63,3
1,2,2,16,4,NA,NA
1,5,2,16,7,45,7
1,1,1,37,1,NA,NA
1,6,1,2,1,39,1
1,5,2,12,2,32,2
1,2,2,23,2,NA,NA
1,18,1,10,1.5,NA,NA
3,1,1,33,NA,NA,NA
1,1,2,33,6,NA,NA
1,5,2,7,3.5,42,3.5
1,6,1,4,2.5,31,2.5
1,5,2,33,4,57,4
1,5,2,5,1,45,1
1,5,2,0,1.5,22,1.5
1,2,2,30,2,NA,NA
1,6,1,7,2,37,2
1,1,1,27,2,46,3
1,23,2,9,2,NA,NA
1,18,1,13,2,NA,NA
1,6,1,2,1.5,23,1.5
7,5,2,3,NA,20,NA
1,6,1,19,2,65,2
1,5,2,21,7,37,7
1,1,1,75,1.5,NA,NA
1,1,2,54,2,NA,NA
1,6,1,1,2.5,23,2.5
1,6,1,17,1.5,34,1.5
1,1,1,31,2.5,NA,NA
1,1,1,23,2,NA,NA
1,5,2,0,3,23,3
1,5,2,1,2,24,2
1,2,2,20,2,NA,NA
1,2,2,38,3,67,3
3,2,2,-2,NA,NA,NA
1,6,1,0,2,23,2
1,1,1,28,1,NA,NA
1,1,2,55,1,NA,NA
1,1,1,57,1.5,NA,NA
1,6,1,1,2.5,31,2.5
1,6,1,14,1.5,37,1.5
1,6,1,27,2.5,51,2.5
1,6,1,11,3,53,3
1,1,1,47,2,NA,NA
1,2,2,36,4,57,6
1,6,1,12,1,45,1
1,1,1,31,3,NA,NA
1,5,2,13,2,36,2
1,5,2,0,2,20,2
1,1,1,29,2,NA,NA
1,6,1,15,1,51,1
1,1,1,29,2,61,2.5
1,1,1,57,3.5,NA,NA
1,5,2,13,2,27,2
1,5,2,5,1,25,1
1,5,2,15,4.5,48,4.5
1,5,2,6,3,32,3
1,1,1,38,1.5,NA,NA
1,6,1,0,2.5,21,2.5
1,6,1,8,3,39,3
1,5,2,0,1,24,1
1,2,2,27,3,NA,NA
1,6,1,4,1.5,34,1.5
1,6,1,0,2,25,2
1,5,2,13,2.5,31,2.5
1,5,2,6,2.5,21,2.5
1,6,1,15,6,49,6
4,2,2,39,NA,NA,NA
1,2,2,37,1,NA,NA
1,5,2,7,2,29,2
1,5,2,11,2,45,2
1,2,2,18,1,38,1.5
1,2,2,64,2,NA,NA
6,5,2,1,NA,31,NA
1,6,1,11,4,33,4
1,5,2,16,4,40,4
1,1,1,30,1,59,4
6,2,2,37,NA,NA,NA
1,7,2,14,2,NA,NA
1,5,2,3,1,26,1
1,5,2,4,4,49,4
1,5,2,5,2.5,30,2.5
1,6,1,4,4,32,4
1,6,1,14,4,43,4
1,1,1,33,3,NA,NA
1,1,1,43,2,NA,NA
1,1,2,54,2,NA,NA
2,2,2,31,4.5,NA,NA
1,7,2,13,1,NA,NA
1,6,1,9,2,33,2
1,1,1,48,2,NA,NA
1,5,2,23,2,65,2
6,5,2,1,2,25,2
1,5,2,5,3,25,3
1,2,2,22,2,NA,NA
1,1,2,34,1,NA,NA
1,1,1,29,2,NA,NA
1,2,2,21,1.5,NA,NA
1,5,2,12,2,36,2
1,1,2,40,3,NA,NA
1,5,2,31,4,57,4
1,7,2,16,2,NA,NA
1,5,2,2,2,27,2
1,2,2,27,3,NA,NA
1,6,1,1,1,21,1
1,6,1,5,2.5,25,2.5
1,5,2,9,2.5,28,2.5
1,1,2,38,2,NA,NA
1,1,2,48,2,NA,NA
1,2,2,46,4,NA,NA
1,17,2,11,2,NA,NA
1,5,2,6,2,23,2
1,5,2,13,3,45,3
1,5,2,6,4,31,4
1,6,1,7,2.5,27,2.5
1,5,2,6,1.5,30,1.5
1,5,2,0,2,17,2
1,5,2,9,4.5,38,4.5
1,1,2,31,1,68,0.5
1,2,2,21,3,NA,NA
1,5,2,6,2,35,2
1,6,1,6,4,27,4
1,5,2,9,3,41,3
1,6,1,1,2,22,2
1,2,2,36,2.5,NA,NA
1,5,2,1,0.5,24,0.5
1,2,2,40,3,NA,NA
1,6,1,17,2.5,44,2.5
1,1,2,37,1,NA,NA
1,6,1,24,4,45,4
1,6,1,0,1,21,1
1,1,2,61,2.5,NA,NA
1,5,2,5,2,25,2
1,5,2,11,3,30,3
4,2,2,26,NA,NA,NA
1,1,1,34,1,NA,NA
1,6,1,2,3,38,3
1,6,1,0,2,25,2
1,2,2,37,2,NA,NA
1,2,2,23,2,NA,NA
1,1,1,30,3,NA,NA
6,6,1,23,1.5,44,1.5
1,1,2,30,2,NA,NA
1,6,1,6,3,39,3
6,6,1,0,NA,23,NA
1,1,2,25,1.5,NA,NA
1,5,2,2,2,27,2
1,1,1,34,2,NA,NA
3,2,2,39,NA,NA,NA
6,5,2,20,NA,49,NA
1,6,1,6,3,33,3
1,5,2,15,2,35,2
1,5,2,12,2.5,44,2.5
4,1,2,41,NA,NA,NA
6,6,1,16,2,38,2
1,2,2,35,4,NA,NA
1,2,2,27,2,NA,NA
1,6,1,3,4,21,4
1,5,2,0,1,27,1
1,5,2,3,3,21,3
1,6,1,14,2,46,2
1,5,2,16,3.5,47,3.5
1,2,2,22,3.5,NA,NA
1,2,2,20,3.25,NA,NA
1,5,2,7,4,29,4
1,2,2,27,2,NA,NA
1,6,1,17,4,49,4
1,1,1,49,2,NA,NA
1,5,2,14,2,48,2
1,6,1,15,3,44,3
1,5,2,3,2,23,2
1,6,1,18,3.5,42,3.5
7,1,2,35,NA,NA,NA
1,2,2,30,4.5,NA,NA
1,5,2,8,1,32,1
1,2,2,25,1.5,NA,NA
1,6,1,1,1,37,1
1,2,2,24,2,NA,NA
1,5,2,5,1,23,1
1,6,1,3,2,29,2
1,2,2,35,2,NA,NA
1,6,1,5,7,27,7
1,2,2,21,1,NA,NA
1,5,2,12,1.5,NA,NA
1,5,2,21,4.5,45,4.5
1,1,1,48,2,NA,NA
1,1,1,33,4,NA,NA
1,6,1,3,2,25,2
1,6,1,6,6,33,6
1,5,2,14,2,44,2
1,1,2,32,1,NA,NA
1,6,1,16,2.5,33,2.5
1,6,1,13,2.5,31,2.5
1,5,2,1,1.5,28,1.5
4,1,1,65,NA,NA,NA
1,2,2,35,6.5,NA,NA
1,6,1,9,2.5,32,2.5
1,1,1,61,3.5,NA,NA
1,5,2,0,2,25,2
1,5,2,5,1,37,1
1,6,1,0,3,25,3
4,1,1,38,NA,NA,NA
1,1,1,61,4.5,NA,NA
1,2,2,28,2,NA,NA
1,1,2,29,1.5,NA,NA
1,6,1,3,1.5,26,1.5
1,6,1,1,4.5,19,4.5
1,6,1,5,1.5,20,1.5
1,6,1,25,2,41,2
1,6,1,18,1,43,1
1,1,2,49,2,NA,NA
1,1,2,63,3,NA,NA
1,1,2,33,4,NA,NA
1,5,2,17,1,34,1
1,6,1,14,3.5,41,3.5
1,34,2,17,3.5,37,3.5
1,17,2,2,3,NA,NA
1,6,1,1,2,21,2
1,5,2,10,2,37,2
1,1,1,28,1.5,NA,NA
1,6,1,1,2,39,2
1,1,2,21,2,NA,NA
1,1,1,29,2,NA,NA
5,1,1,25,NA,NA,NA
1,1,1,68,6,NA,NA
1,6,1,47,5,77,5
1,18,1,6,3,NA,NA
1,1,1,27,5.5,NA,NA
1,6,1,18,4,43,4
1,2,2,18,2,NA,NA
1,1,1,21,2,NA,NA
1,5,2,15,2.5,31,2.5
1,2,2,30,1,NA,NA
1,1,2,35,2,NA,NA
1,6,1,13,3,31,3
1,2,2,45,8,NA,NA
1,2,2,31,3,NA,NA
4,2,2,55,NA,NA,NA
1,1,1,31,2,NA,NA
1,2,2,33,1.5,NA,NA
1,2,2,29,2,NA,NA
1,1,1,25,2,59,2
1,5,2,10,5,36,5
1,1,2,31,2.5,62,4
1,5,2,0,2,37,2
1,5,2,0,2,30,2
1,5,2,21,2,37,2
5,6,1,7,NA,32,NA
1,6,1,4,2.5,44,2.5
1,1,2,47,1.5,NA,NA
1,1,2,55,1,76,4
1,5,2,17,2,31,2
1,6,1,8,3.5,49,3.5
1,1,1,47,2,NA,NA
1,1,1,29,4,NA,NA
1,2,2,20,5,NA,NA
1,1,1,50,2.5,NA,NA
4,6,1,15,NA,NA,NA
1,6,1,25,4,57,4
1,2,2,25,2,NA,NA
1,5,2,16,2,34,2
1,5,2,8,2,28,2
1,5,2,10,1.5,35,1.5
1,5,2,9,3,33,3
1,6,1,10,2.5,46,2.5
1,5,2,20,2,40,2
1,5,2,7,1,28,1
1,5,2,14,2.5,29,2.5
1,1,1,39,1.5,NA,NA
1,2,2,32,2,NA,NA
1,1,1,27,2.5,NA,NA
1,5,2,12,3.5,32,3.5
1,1,2,32,2,NA,NA
1,5,2,4,3,21,3
1,1,1,33,2.5,NA,NA
1,1,1,48,6.5,NA,NA
1,5,2,1,1,23,1
1,5,2,10,4,31,4
1,5,2,0,1,26,1
1,2,2,19,2,NA,NA
1,5,2,15,3,55,3
1,1,1,36,1,NA,NA
1,5,2,6,2,34,2
1,6,1,4,1,20,1
1,5,2,1,2,21,2
1,1,1,40,2,NA,NA
1,2,2,22,1.5,44,2.5
1,5,2,1,3,32,3
1,1,1,36,1.5,NA,NA
1,1,1,29,1.5,NA,NA
1,7,2,11,2,NA,NA
1,1,2,50,1.5,NA,NA
1,5,2,1,1,37,1
1,5,2,4,3,33,3
1,1,1,32,3,NA,NA
1,6,1,7,7,27,7
3,35,1,11,NA,31,NA
1,6,1,4,5,39,5
1,1,1,39,2,NA,NA
1,2,2,73,3,NA,NA
7,34,2,10,NA,43,NA
1,6,1,23,2,49,2
1,2,2,43,2,NA,NA
3,5,2,14,NA,29,NA
1,5,2,23,3,51,3
1,2,2,55,2.5,NA,NA
7,1,1,27,NA,NA,NA
1,2,2,25,2,NA,NA
1,1,2,52,2,NA,NA
1,6,1,14,5,39,5
