"id","sex","age","rs","fid","agef","daddiff","rsf","mid","agem","mumdiff","rsm"
"kfd3c","m",39.7561645507812,NA,NA,NA,NA,NA,NA,NA,NA,NA
"tclq5","m",24.6712322235107,0.819999992847443,NA,NA,NA,NA,"h6ruz",43.6849327087402,19.0136985778809,6
"bivv4","f",19.2027397155762,0.819999992847443,"bynnz",32.0219192504883,12.8191776275635,4,"d1sha",42.8849296569824,23.6821918487549,7
"dx7dg","f",30.6767120361328,2.64000010490417,"bmle3",72.7041091918945,42.0273971557617,3,"yqf1p",37.024658203125,6.34794521331787,3
"ntc3a","f",39.9945220947266,3,"lm10r",69.4904098510742,29.4958896636963,9,"spq5s",61.8400001525879,21.84547996521,3
"fi7iz","m",22.4410953521729,1.63999998569489,"g65o5",70.7041091918945,48.263011932373,8,"eggcw",47.687671661377,25.2465744018555,9
"sg5qo","f",50.3013687133789,8,"h7q8f",82.7123260498047,32.4109573364258,7,"ja82w",75.7068481445312,25.4054794311523,7
"sh5oo","m",34.4986305236816,1.82000005245209,NA,NA,NA,NA,"ldo6h",50.6164398193359,16.1178073883057,5
"w1dnz","m",21.668493270874,0,"qqwmq",69.7013702392578,48.0328750610352,5,"zjnn6",64.6986312866211,43.0301361083984,5
"o0zj4","m",16.7561645507812,0,"ua5zs",50.9917793273926,34.2356147766113,6,NA,NA,NA,NA
"r3er9","f",34.6794509887695,NA,NA,NA,NA,NA,NA,NA,NA,NA
"udxi5","m",46.687671661377,3.64000010490417,NA,NA,NA,NA,NA,NA,NA,NA
"sa64d","f",27.6739730834961,1,NA,NA,NA,NA,"oajta",59.6958885192871,32.0219192504883,8
"pgsi1","m",22.2273979187012,NA,NA,NA,NA,NA,NA,NA,NA,NA
"mdj1r","m",20.758903503418,NA,NA,NA,NA,NA,NA,NA,NA,NA
"q3ch5","m",44.7616424560547,5,NA,NA,NA,NA,NA,NA,NA,NA
"gedxa","m",29.6739730834961,2.64000010490417,"r71dn",59.6958885192871,30.0219173431396,6,"t9ov3",56.6931495666504,27.0191783905029,6
"bbo74","f",71.3890380859375,4,NA,NA,NA,NA,"ircz1",86.7890396118164,15.3999996185303,3
"wcomm","m",24.668493270874,0.819999992847443,"difg7",34.0219192504883,9.35342502593994,6,"wif8n",51.6904106140137,27.0219173431396,7
"vsvec","m",26.5369853973389,0,"dx3a1",58.0410957336426,31.5041103363037,9,"j3a53",59.9232864379883,33.386302947998,9
"cxihe","m",37.6794509887695,5.46000003814697,NA,NA,NA,NA,"gts60",58.689998626709,21.0105476379395,6
"klgps","m",28.6739730834961,0.819999992847443,NA,NA,NA,NA,NA,NA,NA,NA
"i3d0a","m",17.8657531738281,0,"bsnmn",60.6958885192871,42.830135345459,7,"ddyp5",55.6931495666504,37.8273963928223,7
"sibam","m",22.7780818939209,0,"pelx6",44.6849327087402,21.9068489074707,7,"h2u4u",42.6849327087402,19.9068489074707,7
"v5viw","m",47.263011932373,7,NA,NA,NA,NA,NA,NA,NA,NA
"znmtn","m",28.6739730834961,0.819999992847443,"r0ujd",61.5534248352051,32.879451751709,8,"goy7c",57.6931495666504,29.0191783905029,5
"qew3c","m",20.668493270874,0,"peio9",62.6986312866211,42.0301361083984,8,NA,NA,NA,NA
"wif8n","f",51.6904106140137,7,NA,NA,NA,NA,NA,NA,NA,NA
"mi1mb","f",28.6739730834961,3.64000010490417,"d1mdm",65.6986312866211,37.024658203125,5,"nyc7c",59.6958885192871,31.0219173431396,5
"st5hd","m",71.7041091918945,3,NA,NA,NA,NA,NA,NA,NA,NA
"jfklq","m",62.6986312866211,NA,"af96q",88.7013702392578,26.0027389526367,5,"e9jof",70.04931640625,7.35068511962891,4
"a9ejv","m",30.6767120361328,1.82000005245209,"yk1g9",58.6958885192871,28.0191783905029,7,"h4a9m",44.0301361083984,13.3534250259399,2
"z4kvj","f",29.6739730834961,1.82000005245209,"bl9vt",71.1342468261719,41.4602737426758,6,"eocnw",59.6958885192871,30.0219173431396,9
"n5lex","m",40.6821899414062,1,NA,NA,NA,NA,NA,NA,NA,NA
"zltms","f",35.6794509887695,1,"bsnmn",60.6958885192871,25.0164375305176,7,"ddyp5",55.6931495666504,20.0136985778809,7
"nfj1a","m",22.9917812347412,1.63999998569489,NA,NA,NA,NA,"yori3",45.216438293457,22.2246570587158,6
"d06wo","m",22.1041088104248,0,"p01rw",54.6931495666504,32.5890426635742,5,"h6ruz",43.6849327087402,21.5808219909668,6
"y7o31","f",25.6712322235107,2.8199999332428,NA,NA,NA,NA,NA,NA,NA,NA
"pwfuf","m",22.7452049255371,1.63999998569489,NA,NA,NA,NA,"eggcw",47.687671661377,24.9424648284912,9
"likb1","f",31.3780822753906,2,NA,NA,NA,NA,NA,NA,NA,NA
"vi3sc","f",45.3397254943848,8,NA,NA,NA,NA,NA,NA,NA,NA
"pp3q8","m",20.7452049255371,0,"ka6ve",49.7643852233887,29.0191783905029,5,"bs7le",45.7616424560547,25.0164375305176,5
"mjqyw","m",15.7506847381592,0,NA,NA,NA,NA,"qw8v1",32.6767120361328,16.9260272979736,3
"qaqfp","f",30.6767120361328,4.82000017166138,"d07y8",38.024658203125,7.34794521331787,9,"azw88",48.312328338623,17.6356163024902,7
"m5e5y","m",46.687671661377,7,NA,NA,NA,NA,NA,NA,NA,NA
"nuyml","f",40.6821899414062,9.46000003814697,NA,NA,NA,NA,NA,NA,NA,NA
"y7j89","f",37.7643852233887,6.28000020980835,"lwbau",NA,NA,NA,"tkj0o",74.7808227539062,37.0164375305176,4
"ua5zs","m",50.9917793273926,6,"jregz",92.7178115844727,41.7260284423828,3,"hr8op",83.5534210205078,32.5616455078125,3
"rkr1a","m",20.758903503418,0,NA,NA,NA,NA,"at95q",49.0328750610352,28.2739734649658,3
"zrqgk","f",22.6712322235107,0.819999992847443,"o8clz",42.6849327087402,20.0136985778809,8,NA,NA,NA,NA
"htw98","m",22.4191780090332,0,"wovdr",53.0054779052734,30.5863018035889,11,"jg4s2",52.689998626709,30.2708225250244,9
"hbzir","m",29.5780830383301,2.64000010490417,NA,NA,NA,NA,"xyn1z",46,16.4219169616699,8
"ybfgj","f",35.6794509887695,4,"dx3a1",58.0410957336426,22.361644744873,9,"j3a53",59.9232864379883,24.2438354492188,9
"po8mw","m",31.6821918487549,0,"nsc6f",54.0383567810059,22.356164932251,6,"ntacu",55.6986312866211,24.0164375305176,6
"d1mdm","m",65.6986312866211,5,NA,NA,NA,NA,NA,NA,NA,NA
"up4a0","m",17.8273963928223,0,"ka6ve",49.7643852233887,31.9369869232178,5,"bs7le",45.7616424560547,27.9342460632324,5
"gkwxi","m",38.3397254943848,6,"hzozr",55.0383567810059,16.6986293792725,3,"aprm6",65.5424652099609,27.2027397155762,3
"in5a9","f",28.7506847381592,0.819999992847443,NA,NA,NA,NA,NA,NA,NA,NA
"mak28","m",41.6821899414062,7.6399998664856,NA,NA,NA,NA,NA,NA,NA,NA
"voviu","f",33.9808235168457,5.6399998664856,NA,NA,NA,NA,NA,NA,NA,NA
"vdk4n","f",25.6712322235107,3.64000010490417,"rv8ce",42.0301361083984,16.3589038848877,7,"o9ut4",45.6849327087402,20.0136985778809,7
"alfki","m",33.6767120361328,0.819999992847443,"yk1g9",58.6958885192871,25.0191783905029,7,"h4a9m",44.0301361083984,10.3534250259399,2
"i64v6","m",45.6684913635254,2.8199999332428,"gsczg",60.0410957336426,14.3726024627686,4,"ubhoo",68.7013702392578,23.0328769683838,4
"w4xqf","m",33.1260261535645,1.63999998569489,"y39j1",58.6958885192871,25.5698623657227,5,"ahb5u",57.6931495666504,24.5671234130859,5
"lwkps","m",45.7753410339355,7.6399998664856,NA,NA,NA,NA,NA,NA,NA,NA
"lkrrj","m",23.6712322235107,0,"r71dn",59.6958885192871,36.024658203125,6,"t9ov3",56.6931495666504,33.0219192504883,6
"hbqud","m",38.6821899414062,12.460000038147,"dx3a1",58.0410957336426,19.3589038848877,9,"j3a53",59.9232864379883,21.241096496582,9
"h1y9x","f",38.6849327087402,NA,NA,NA,NA,NA,NA,NA,NA,NA
"bl7pu","m",31.0219173431396,1,"m2coc",71.7041091918945,40.6821899414062,4,"rotbq",68.7013702392578,37.6794509887695,4
"ubhoo","f",68.7013702392578,4,NA,NA,NA,NA,NA,NA,NA,NA
"j0kvf","m",23.6712322235107,0,"bsnmn",60.6958885192871,37.024658203125,7,"ddyp5",55.6931495666504,32.0219192504883,7
"z7f7p","m",40.6821899414062,4.82000017166138,NA,NA,NA,NA,NA,NA,NA,NA
"w8nh0","f",22.7452049255371,1.82000005245209,NA,NA,NA,NA,NA,NA,NA,NA
"d30kd","f",27.7999992370605,2.8199999332428,NA,NA,NA,NA,NA,NA,NA,NA
"kjlfn","m",23.7616443634033,0.819999992847443,NA,NA,NA,NA,NA,NA,NA,NA
"bo52l","m",20.6712322235107,0.819999992847443,"gkwxi",38.3397254943848,17.668493270874,6,"dihfa",38.4219169616699,17.7506847381592,6
"iwhom","f",30.6767120361328,NA,"fs8ry",49.783561706543,19.1068496704102,2,"nwq0q",44.0301361083984,13.3534250259399,2
"av4v0","f",18.668493270874,NA,"k07ai",50.6904106140137,32.0219192504883,9,"gidcz",45.6849327087402,27.0164375305176,9
"djtm0","m",65.6986312866211,8,"f3ixh",72.04931640625,6.35068511962891,7,"j8rcu",22.0136985778809,-43.6849327087402,1
"bj6y3","f",15.7561645507812,0,"rv8ce",42.0301361083984,26.2739734649658,7,"o9ut4",45.6849327087402,29.9287662506104,7
"c862i","m",20.668493270874,0,"jjux9",61.6958885192871,41.0273971557617,8,"x7fgu",58.6958885192871,38.0273971557617,8
"o5yx4","m",23.1315059661865,0.819999992847443,"m9b4g",63.3506851196289,40.2191772460938,6,"hi4t0",55.9452056884766,32.8136978149414,6
"v871o","f",20.6273975372314,1.63999998569489,NA,NA,NA,NA,NA,NA,NA,NA
"b02l0","m",68.1095886230469,11,NA,NA,NA,NA,NA,NA,NA,NA
"q12ak","m",18.668493270874,0,"dx3a1",58.0410957336426,39.3726043701172,9,"j3a53",59.9232864379883,41.2547950744629,9
"fke19","m",29.6739730834961,1.63999998569489,"xx5lt",62.6986312866211,33.024658203125,3,"nt05g",56.6931495666504,27.0191783905029,3
"a0zfk","f",26.76438331604,2.64000010490417,NA,NA,NA,NA,NA,NA,NA,NA
"hpzze","m",52.6767120361328,12.6400003433228,NA,NA,NA,NA,NA,NA,NA,NA
"tk810","f",42.4000015258789,7.82000017166138,"h7q8f",82.7123260498047,40.312328338623,7,"ja82w",75.7068481445312,33.3068504333496,7
"b6zhc","m",15.7780818939209,0,"rxrlk",52.2082176208496,36.4301376342773,3,"wve6b",NA,NA,NA
"vjtmu","f",81.5726013183594,5,NA,NA,NA,NA,NA,NA,NA,NA
"veo3p","f",58.5862998962402,4,NA,NA,NA,NA,NA,NA,NA,NA
"bn0dr","m",17.6657543182373,0,NA,NA,NA,NA,"hdl55",36.6794509887695,19.0136985778809,3
"znjt4","f",22.0876712799072,1.63999998569489,"bl9vt",71.1342468261719,49.046573638916,6,"eocnw",59.6958885192871,37.6082191467285,9
"xn760","m",29.6739730834961,3.64000010490417,NA,NA,NA,NA,NA,NA,NA,NA
"e8kwg","f",64.6986312866211,3,NA,NA,NA,NA,NA,NA,NA,NA
"ihb1p","m",32.7534255981445,NA,NA,NA,NA,NA,NA,NA,NA,NA
"h33ri","f",34.6794509887695,NA,NA,NA,NA,NA,"wwce8",64.6986312866211,30.0191783905029,3
"i4roy","m",19.758903503418,0,"lwkps",45.7753410339355,26.0164375305176,6,"o2zig",36.7698631286621,17.0109596252441,5
"bjwa2","f",40.758903503418,NA,"y4q44",NA,NA,NA,"dtjkw",NA,NA,NA
"qbq2p","f",35.8438339233398,0,"hbl75",67.9534225463867,32.1095886230469,5,"yen44",66.5232849121094,30.6794528961182,5
"q0c8h","f",33.830135345459,0.819999992847443,NA,NA,NA,NA,NA,NA,NA,NA
"h3jbi","f",29.7369861602783,3,"j5l7w",74.7068481445312,44.9698638916016,5,"fishc",50.2821922302246,20.5452060699463,5
"iz9pc","f",31.6767120361328,3.8199999332428,"ua5zs",50.9917793273926,19.3150691986084,6,NA,NA,NA,NA
"usedn","f",18.758903503418,0,"kxqvf",39.1506843566895,20.3917808532715,2,NA,NA,NA,NA
"w98hh","f",59.6958885192871,8,"hzozr",55.0383567810059,-4.65753412246704,3,"aprm6",65.5424652099609,5.84657526016235,3
"ns5h6","m",25.6712322235107,NA,NA,NA,NA,NA,NA,NA,NA,NA
"nn62d","m",21.668493270874,0,"ydiqo",45.6849327087402,24.0164375305176,3,"mpyu1",42.6849327087402,21.0164375305176,3
"zjnn6","f",64.6986312866211,5,NA,NA,NA,NA,NA,NA,NA,NA
"jg02w","f",24.6712322235107,3.64000010490417,"x3o5o",61.6958885192871,37.024658203125,8,"tlhov",50.8054809570312,26.1342468261719,9
"nike5","m",35.312328338623,1,NA,NA,NA,NA,"oajta",59.6958885192871,24.3835620880127,8
"phitb","f",24.7479457855225,1.63999998569489,"bsnmn",60.6958885192871,35.9479446411133,7,"ddyp5",55.6931495666504,30.9452056884766,7
"a2u4i","f",37.3397254943848,5.46000003814697,NA,NA,NA,NA,NA,NA,NA,NA
"tde4d","m",55.2082176208496,2,NA,NA,NA,NA,NA,NA,NA,NA
"o5q7e","m",16.2000007629395,0,"rh09r",47.4383544921875,31.2383556365967,3,"jc59s",39.1780815124512,22.9780826568604,3
"q3oat","f",27.76438331604,NA,NA,NA,NA,NA,NA,NA,NA,NA
"zplg7","m",35.6794509887695,0.819999992847443,NA,NA,NA,NA,NA,NA,NA,NA
"x9ptk","f",18.668493270874,0.819999992847443,NA,NA,NA,NA,"sg5qo",53.2999992370605,34.6315078735352,8
"ahpdg","m",30.7506847381592,1.63999998569489,"qqwmq",69.7013702392578,38.95068359375,5,"zjnn6",64.6986312866211,33.9479446411133,5
"y8t6f","m",21.758903503418,1,NA,NA,NA,NA,NA,NA,NA,NA
"cd3i7","m",33.8712310791016,2,"qk8ur",68.0356140136719,34.1643829345703,6,"nbzo2",62.6986312866211,28.8273963928223,3
"lcr80","f",42.6657524108887,8,"a9li1",81.5369873046875,38.8712310791016,8,"siwhu",71.1600036621094,28.4942474365234,8
"jjkpi","f",20.668493270874,0.819999992847443,"i02te",48.687671661377,28.0191783905029,8,"pj6gi",46.687671661377,26.0191783905029,8
"egiy0","m",18.9205474853516,0,"qojbm",45.6849327087402,26.76438331604,7,"tk810",42.4000015258789,23.4794521331787,7
"y5c93","f",23.3589038848877,1.63999998569489,"tc53o",56.0383567810059,32.6794509887695,5,"fmq5b",61.9561653137207,38.5972595214844,5
"gidcz","f",45.6849327087402,NA,NA,NA,NA,NA,NA,NA,NA,NA
"ah95e","m",24.6712322235107,1,"hz6a4",83.7123260498047,59.0410957336426,4,"w2idb",NA,NA,NA
"re6v7","f",21.9232883453369,0,"wovdr",53.0054779052734,31.0821914672852,11,"jg4s2",52.689998626709,30.7667121887207,9
"wez55","f",18.758903503418,0,"vnsnz",67.7013702392578,48.9424667358398,8,"zmak2",67.7013702392578,48.9424667358398,8
"lsphv","f",27.1945209503174,5,NA,NA,NA,NA,NA,NA,NA,NA
"pq18z","m",23.2136993408203,0,"b02l0",68.1095886230469,44.8958892822266,11,"a54cw",62,38.7863006591797,4
"x4g1y","f",28.191780090332,3.46000003814697,"dx3a1",58.0410957336426,29.8493156433105,9,"j3a53",59.9232864379883,31.7315063476562,9
"mg3oj","m",44.0299987792969,0,"rah09",77.0899963378906,33.060001373291,5,"ktlim",78.7300033569336,34.7000007629395,5
"q1i1y","m",26.6739730834961,1.63999998569489,"we03l",61.6958885192871,35.0219192504883,5,"ccjbb",49.687671661377,23.0136985778809,5
"u98gp","m",32.6767120361328,2.64000010490417,"c4u0r",67.7013702392578,35.024658203125,7,"ixics",57.0410957336426,24.3643836975098,7
"bqx1p","m",26.6739730834961,0,"jq61d",47.0986289978027,20.4246578216553,8,NA,NA,NA,NA
"qy2qk","f",19.7424659729004,0.819999992847443,NA,NA,NA,NA,NA,NA,NA,NA
"ja82w","f",75.7068481445312,7,NA,NA,NA,NA,NA,NA,NA,NA
"jk2ol","m",48.5972595214844,9.64000034332275,NA,NA,NA,NA,NA,NA,NA,NA
"tt3t6","m",64.6986312866211,4,"xwrdb",82.5534210205078,17.8547954559326,3,NA,NA,NA,NA
"e9y1q","m",29.0630130767822,1.82000005245209,NA,NA,NA,NA,NA,NA,NA,NA
"ogopp","m",17.3643836975098,0,"y39j1",58.6958885192871,41.3315086364746,5,"ahb5u",57.6931495666504,40.3287658691406,5
"bh2nv","m",26.6739730834961,NA,NA,NA,NA,NA,NA,NA,NA,NA
"iflao","f",33.6767120361328,0,NA,NA,NA,NA,"flddj",NA,NA,NA
"yp475","m",30.7671241760254,3.64000010490417,NA,NA,NA,NA,NA,NA,NA,NA
"dqqec","f",58.0410957336426,0,NA,NA,NA,NA,"ircz1",86.7890396118164,28.7479457855225,3
"kkcmy","m",21.4438362121582,0,"p93uf",57.6931495666504,36.2493133544922,10,"n90qr",38.9068489074707,17.4630146026611,8
"jytlz","f",20.668493270874,0.819999992847443,"sqy4f",NA,NA,NA,NA,NA,NA,NA
"lk1vr","f",15.5972604751587,0,"kt975",52.2246589660645,36.6273956298828,7,NA,NA,NA,NA
"av09l","m",23.4328765869141,0,"zpva5",45.6849327087402,22.2520542144775,6,"pxz8r",42.4876708984375,19.0547943115234,6
"xoon1","f",29.6739730834961,2.64000010490417,"ennjt",70.2958908081055,40.6219177246094,7,"v3eiu",67.2931518554688,37.6191787719727,5
"h9k7e","m",48.687671661377,10.460000038147,NA,NA,NA,NA,NA,NA,NA,NA
"oqe4h","f",31.9260272979736,1,"gkr12",58.4931488037109,26.5671234130859,8,"yh33s",49.2904090881348,17.3643836975098,8
"vw1ir","f",56.6931495666504,5,NA,NA,NA,NA,NA,NA,NA,NA
"l4att","f",22.6000003814697,0,"djtm0",65.6986312866211,43.0986289978027,8,"gapa8",62.6986312866211,40.0986289978027,8
"n8cur","f",41.9424667358398,3.64000010490417,"hz6a4",83.7123260498047,41.7698631286621,4,"ublf6",78.709587097168,36.7671241760254,1
"b73wv","m",35.7698631286621,2,NA,NA,NA,NA,NA,NA,NA,NA
"l0ehp","m",26.76438331604,0,"hpzze",52.6767120361328,25.9123287200928,11,NA,NA,NA,NA
"zpva5","m",45.6849327087402,6,"g55ic",78.5589065551758,32.8739738464355,7,"h539p",70.0383529663086,24.3534240722656,7
"h7z0r","m",37.3068504333496,0,"rah09",77.0904083251953,39.783561706543,5,"ktlim",78.7315063476562,41.4246559143066,5
"oajta","f",59.6958885192871,8,NA,NA,NA,NA,NA,NA,NA,NA
"qy7pn","m",21.758903503418,0,"lwkps",45.7753410339355,24.0164375305176,6,"o2zig",36.7698631286621,15.0109586715698,5
"wkq8p","m",29.76438331604,2.8199999332428,NA,NA,NA,NA,NA,NA,NA,NA
"unaom","m",36.7698631286621,5.6399998664856,NA,NA,NA,NA,NA,NA,NA,NA
"xopwc","f",15.665753364563,NA,"k07ai",50.6904106140137,35.024658203125,9,"gidcz",45.6849327087402,30.0191783905029,9
"fbjfs","m",19.1643829345703,0,"p93uf",57.6931495666504,38.5287666320801,10,"n90qr",38.9068489074707,19.7424659729004,8
"ivi5u","f",32.4109573364258,5.82000017166138,"np17s",53.6904106140137,21.2794513702393,8,"bshlz",47.687671661377,15.2767124176025,3
"dj6nm","m",22.6712322235107,0.819999992847443,"i02te",48.687671661377,26.0164375305176,8,"pj6gi",46.687671661377,24.0164375305176,8
"ynmpc","f",32.9945220947266,5,"m2coc",71.7041091918945,38.7095909118652,4,"rotbq",68.7013702392578,35.7068481445312,4
"at95q","f",49.0328750610352,3,"frfis",69.6109619140625,20.5780830383301,8,"toaz9",37.024658203125,-12.0082187652588,4
"jdako","f",27.6739730834961,2,"np17s",53.6904106140137,26.0164375305176,8,"bshlz",47.687671661377,20.0136985778809,3
"lmr5b","m",21.8109588623047,0,"ns62j",61.5534248352051,39.7424659729004,8,"kbev9",49.5013694763184,27.6904106140137,5
"vwr01","m",31.7616443634033,NA,NA,NA,NA,NA,NA,NA,NA,NA
"rotbq","f",68.7013702392578,4,NA,NA,NA,NA,NA,NA,NA,NA
"qfmp3","f",30.6767120361328,0.819999992847443,NA,NA,NA,NA,NA,NA,NA,NA
"ddyp5","f",55.6931495666504,7.82000017166138,NA,NA,NA,NA,NA,NA,NA,NA
"vr4qp","m",49.2356147766113,6.82000017166138,NA,NA,NA,NA,NA,NA,NA,NA
"vimeg","m",34.3808212280273,0,"rb1sk",62.1863021850586,27.8054790496826,6,"ov36g",56.6931495666504,22.312328338623,6
"ulbi3","m",35.1232872009277,3,"frfis",69.6109619140625,34.4876708984375,8,"toaz9",37.024658203125,1.90136981010437,4
"siyea","f",41.2273979187012,5,"wkvbx",76.7068481445312,35.4794502258301,7,"mzg96",66.7013702392578,25.4739723205566,7
"tlhov","f",50.8054809570312,9,NA,NA,NA,NA,NA,NA,NA,NA
"o7gdi","f",20.9534244537354,2.64000010490417,NA,NA,NA,NA,"p6ihp",35.024658203125,14.0712327957153,3
"okj8c","f",38.7726020812988,4,NA,NA,NA,NA,"m8jcf",81.3835601806641,42.6109580993652,6
"s3vd1","m",38.4876708984375,3.8199999332428,NA,NA,NA,NA,NA,NA,NA,NA
"xm4ey","m",16.7561645507812,0,"lwkps",45.7753410339355,29.0191783905029,6,"o2zig",36.7698631286621,20.0136985778809,5
"haunt","m",46.7780838012695,NA,NA,NA,NA,NA,NA,NA,NA,NA
"azw88","f",48.312328338623,7,NA,NA,NA,NA,NA,NA,NA,NA
"se3bk","f",29.76438331604,3.64000010490417,NA,NA,NA,NA,NA,NA,NA,NA
"liaix","f",26.76438331604,2.8199999332428,NA,NA,NA,NA,NA,NA,NA,NA
"mfuee","m",26.9835624694824,1,"xb4af",51,24.0164375305176,9,"w98hh",59.6958885192871,32.712329864502,8
"bro6u","m",22.6712322235107,0,"we03l",61.6958885192871,39.024658203125,5,"ccjbb",49.687671661377,27.0164375305176,5
"un9py","m",30.4054794311523,1.63999998569489,"lm10r",69.4904098510742,39.0849304199219,9,"spq5s",61.8400001525879,31.4345207214355,3
"pfk04","m",25.6712322235107,0,"dqclv",55.6931495666504,30.0219173431396,9,"huj5c",53.6904106140137,28.0191783905029,9
"cfdrn","m",43.758903503418,6.6399998664856,NA,NA,NA,NA,NA,NA,NA,NA
"vzic6","m",35.6794509887695,0,"p3zo7",54.0356178283691,18.356164932251,4,"pkk0e",55.2000007629395,19.5205478668213,4
"xef2e","m",23.6328773498535,0,NA,NA,NA,NA,"siyea",41.2273979187012,17.5945205688477,5
"yen44","f",66.5232849121094,5,"p7gf1",NA,NA,NA,"yv6mi",NA,NA,NA
"lvjqw","f",22.7616443634033,0.819999992847443,NA,NA,NA,NA,NA,NA,NA,NA
"f36tl","f",31.7671241760254,2.8199999332428,"yv3ox",79.0547943115234,47.287670135498,5,"vjtmu",83.5726013183594,51.8054809570312,5
"zkg9x","f",33.6767120361328,3.8199999332428,NA,NA,NA,NA,"x2ekp",59.2438354492188,25.5671234130859,4
"w04cm","m",25.7616443634033,NA,NA,NA,NA,NA,NA,NA,NA,NA
"ba42e","f",18.758903503418,0,"kbpme",51.6904106140137,32.9315071105957,9,"zgmtc",48.687671661377,29.9287662506104,9
"zpjl4","f",34.7698631286621,NA,NA,NA,NA,NA,NA,NA,NA,NA
"nol1q","f",23.6712322235107,2.64000010490417,NA,NA,NA,NA,NA,NA,NA,NA
"doy24","f",31.0767116546631,2,NA,NA,NA,NA,"wwce8",64.6986312866211,33.6219177246094,3
"qw8v1","f",32.6767120361328,3.8199999332428,NA,NA,NA,NA,"l2dw7",68.7013702392578,36.024658203125,8
"jx0x3","f",21.668493270874,1.63999998569489,"kbpme",51.6904106140137,30.0219173431396,9,"ehddk",39.0273971557617,17.3589038848877,4
"xc5fc","f",22.0821914672852,0,"gkr12",58.4931488037109,36.4109573364258,8,"yh33s",49.2904090881348,27.2082195281982,8
"sqopf","f",18.0027389526367,0,"lm10r",69.4904098510742,51.4876708984375,9,"l5hl2",NA,NA,NA
"sbhv1","f",30.4219169616699,2.8199999332428,"b02l0",68.1095886230469,37.687671661377,11,"xp23u",51.0356178283691,20.6136989593506,8
"rs5c8","f",25.7479457855225,3.8199999332428,"peio9",62.6986312866211,36.95068359375,8,NA,NA,NA,NA
"n71x8","m",22.7616443634033,NA,NA,NA,NA,NA,NA,NA,NA,NA
"fnvuf","f",25.8164386749268,2.8199999332428,NA,NA,NA,NA,"okj8c",38.7726020812988,12.9561643600464,4
"z9cx5","m",26.6767120361328,1.63999998569489,NA,NA,NA,NA,NA,NA,NA,NA
"g55ic","m",78.5589065551758,7,NA,NA,NA,NA,NA,NA,NA,NA
"rr44d","m",31.0438346862793,NA,"j5l7w",74.7068481445312,43.663013458252,5,"fishc",50.2821922302246,19.2383556365967,5
"kib5e","m",29.6739730834961,2.64000010490417,"a9li1",81.5369873046875,51.8630142211914,8,"siwhu",71.1600036621094,41.486026763916,8
"m9b4g","m",63.3506851196289,6,NA,NA,NA,NA,NA,NA,NA,NA
"x95x7","m",48.687671661377,6.82000017166138,NA,NA,NA,NA,"x6d95",NA,NA,NA
"t9py9","m",20.668493270874,0,NA,NA,NA,NA,"n684m",41.7506866455078,21.0821914672852,4
"rm9ps","m",17.879451751709,0,"lydne",44.6849327087402,26.8054790496826,6,"ahe8m",39.6821899414062,21.8027400970459,6
"imgco","f",26.76438331604,3.64000010490417,NA,NA,NA,NA,NA,NA,NA,NA
"yvthz","f",25.2301368713379,2.8199999332428,"z8avf",36.1863021850586,10.9561643600464,1,"yiaj1",41.6821899414062,16.452054977417,1
"eocnw","f",59.6958885192871,9.81999969482422,NA,NA,NA,NA,NA,NA,NA,NA
"sdpgv","m",57.6931495666504,11,"jregz",92.7178115844727,35.024658203125,3,"hr8op",83.5534210205078,25.8602733612061,3
"u8as4","f",28.76438331604,NA,NA,NA,NA,NA,NA,NA,NA,NA
"yryl5","f",26.4712333679199,1.82000005245209,"gacrv",61.8904113769531,35.4191780090332,9,"xyn1z",46,19.5287666320801,8
"es5p1","f",24.6712322235107,1.63999998569489,"ydiqo",45.6849327087402,21.0136985778809,3,"mpyu1",42.6849327087402,18.0136985778809,3
"dfp3l","m",39.1068496704102,2,"f3ixh",72.04931640625,32.9424667358398,7,"dit9p",72.9643859863281,33.8575325012207,6
"b1bgw","f",29.7506847381592,NA,NA,NA,NA,NA,NA,NA,NA,NA
"oy73n","f",28.2465744018555,1.82000005245209,"difg7",34.0219192504883,5.77534246444702,6,"wif8n",51.6904106140137,23.4438362121582,7
"n7tg4","f",33.1095886230469,2,"d1mdm",65.6986312866211,32.5890426635742,5,"nyc7c",59.6958885192871,26.5863018035889,5
"dc706","f",19.6739730834961,1.63999998569489,"dx3a1",58.0410957336426,38.3671226501465,9,"j3a53",59.9232864379883,40.2493133544922,9
"io1q1","m",26.6739730834961,0.819999992847443,"bmle3",72.7041091918945,46.0301361083984,3,"yqf1p",37.024658203125,10.3506851196289,3
"svhei","m",37.5205497741699,5.82000017166138,"g55ic",78.5589065551758,41.0383567810059,7,"h539p",70.0383529663086,32.5178070068359,7
"jg4s2","f",54.6931495666504,9,NA,NA,NA,NA,NA,NA,NA,NA
"vss63","f",28.6739730834961,2.46000003814697,"lxdio",NA,NA,NA,"sugb4",58.0410957336426,29.3671226501465,7
"fdnwc","m",33.5643844604492,4.6399998664856,"m7ovk",66.4383544921875,32.8739738464355,8,"kwqym",62.5945205688477,29.0301361083984,8
"tab2x","m",21.668493270874,0.819999992847443,"hz6a4",83.7123260498047,62.0438346862793,4,"w2idb",NA,NA,NA
"n1akd","m",48.687671661377,10.2799997329712,NA,NA,NA,NA,"x3n04",76.7068481445312,28.0191783905029,5
"tngwn","f",19.7205486297607,0.819999992847443,"bl9vt",71.1342468261719,51.4137001037598,6,"eocnw",59.6958885192871,39.975341796875,9
"pegih","m",44.6849327087402,2,NA,NA,NA,NA,NA,NA,NA,NA
"kofqg","m",18.0739727020264,0,"z4oz2",44.2849311828613,26.210958480835,5,"iumiz",39.2547950744629,21.1808223724365,5
"q9xao","f",44.6849327087402,6.82000017166138,"ncdfy",78.709587097168,34.024658203125,5,"tarsl",76.7068481445312,32.0219192504883,5
"lljkg","m",24.7479457855225,0,NA,NA,NA,NA,"cvlem",45.6849327087402,20.9369869232178,5
"z34m0","m",20.2547950744629,0,"m9b4g",63.3506851196289,43.095890045166,6,"hi4t0",55.9452056884766,35.6904106140137,6
"kq3st","m",30.6767120361328,3.46000003814697,"jjux9",61.6958885192871,31.0191783905029,8,"x7fgu",58.6958885192871,28.0191783905029,8
"kl6bv","m",27.6739730834961,0.819999992847443,"uzsw5",38.0273971557617,10.3534250259399,3,"f9fzz",31.0219173431396,3.34794521331787,3
"u2oyk","m",19.9616432189941,0,"fyqv0",NA,NA,NA,"j4ubf",39.6821899414062,19.7205486297607,4
"ie4qd","f",33.6767120361328,5.6399998664856,NA,NA,NA,NA,"x2ekp",59.2438354492188,25.5671234130859,4
"k4sxu","m",17.7616443634033,0,"m5e5y",46.687671661377,28.9260272979736,7,"k1cjs",42.6849327087402,24.9232883453369,7
"ye4hl","f",15.8465757369995,0.819999992847443,"e7how",65.9589004516602,50.1123275756836,5,"gts60",58.689998626709,42.8434257507324,6
"wve6b","f",36.7698631286621,NA,NA,NA,NA,NA,NA,NA,NA,NA
"n2mrk","f",19.6739730834961,0,"gacrv",61.8904113769531,42.216438293457,9,NA,NA,NA,NA
"rxrlk","m",52.2082176208496,3,"h7q8f",82.7123260498047,30.5041103363037,7,"ja82w",75.7068481445312,23.4986305236816,7
"izrgd","f",18.668493270874,0,"dqclv",55.6931495666504,37.024658203125,9,"huj5c",53.6904106140137,35.0219192504883,9
"uysl7","f",16.3013706207275,0,NA,NA,NA,NA,"p6ihp",35.024658203125,18.7232875823975,3
"rbjig","m",26.6739730834961,0.819999992847443,NA,NA,NA,NA,NA,NA,NA,NA
"ahloo","m",29.6739730834961,2.64000010490417,"sn9fd",71.04931640625,41.3753433227539,6,"to6xd",47.0328750610352,17.3589038848877,4
"edgcr","f",20.5698623657227,0,"ttpdq",65.6438369750977,45.0739707946777,4,"h1frn",48.687671661377,28.1178073883057,4
"gd0wb","m",50.7808227539062,2,NA,NA,NA,NA,NA,NA,NA,NA
"f2m2s","f",71.7041091918945,3,NA,NA,NA,NA,NA,NA,NA,NA
"x7fgu","f",58.6958885192871,8,NA,NA,NA,NA,"qjeep",84.7260284423828,26.0301361083984,5
"we03l","m",61.6958885192871,5,NA,NA,NA,NA,NA,NA,NA,NA
"mgw12","f",30.8657531738281,0.819999992847443,"a9li1",81.5369873046875,50.6712341308594,8,"siwhu",71.1600036621094,40.294246673584,8
"xx5lt","m",62.6986312866211,3,NA,NA,NA,NA,NA,NA,NA,NA
"lwkjb","f",27.6739730834961,1.63999998569489,NA,NA,NA,NA,NA,NA,NA,NA
"psbka","f",53.4137001037598,6,"a9li1",81.5369873046875,28.1232872009277,8,"siwhu",71.1600036621094,17.746301651001,8
"ba0zq","m",22.6712322235107,0,"uzsw5",38.0273971557617,15.3561639785767,3,"f9fzz",31.0219173431396,8.35068511962891,3
"w59di","f",43.6849327087402,6.82000017166138,NA,NA,NA,NA,NA,NA,NA,NA
"h2u4u","f",42.6849327087402,7.82000017166138,NA,NA,NA,NA,NA,NA,NA,NA
"a52vt","f",20.7616443634033,NA,NA,NA,NA,NA,NA,NA,NA,NA
"pfl4l","m",35.6904106140137,0,"af96q",88.7013702392578,53.0109596252441,5,"e9jof",70.04931640625,34.3589057922363,4
"d8f5i","f",19.7424659729004,0,NA,NA,NA,NA,"k77kd",39.6821899414062,19.9397258758545,4
"vcp94","f",25.6712322235107,1.82000005245209,"lxdio",NA,NA,NA,"sugb4",58.0410957336426,32.3698616027832,7
"tlctv","f",33.7534255981445,1,"lxdio",NA,NA,NA,"sugb4",58.0410957336426,24.2876720428467,7
"ve2v9","f",27.6739730834961,1.82000005245209,NA,NA,NA,NA,"flddj",NA,NA,NA
"f48tv","f",56.6931495666504,NA,NA,NA,NA,NA,"m3m35",76.7068481445312,20.0136985778809,2
"v4xq2","f",74.7808227539062,8,NA,NA,NA,NA,NA,NA,NA,NA
"konmm","f",27.76438331604,4.6399998664856,NA,NA,NA,NA,NA,NA,NA,NA
"wn5yo","f",21.668493270874,0,NA,NA,NA,NA,NA,NA,NA,NA
"d3smf","m",46.687671661377,1,NA,NA,NA,NA,NA,NA,NA,NA
"lprqq","m",46.687671661377,2,NA,NA,NA,NA,NA,NA,NA,NA
"q0a9a","f",23.7561645507812,1.63999998569489,"qi1ip",48.687671661377,24.9315071105957,5,"msrcp",44.6849327087402,20.9287662506104,5
"eud8v","f",54.7671241760254,NA,NA,NA,NA,NA,NA,NA,NA,NA
"r5w1f","m",66.7013702392578,NA,NA,NA,NA,NA,NA,NA,NA,NA
"diqbf","m",44.6849327087402,NA,NA,NA,NA,NA,NA,NA,NA,NA
"nc6gb","m",35.7698631286621,0,NA,NA,NA,NA,NA,NA,NA,NA
"ur782","f",22.8986301422119,0.819999992847443,"ttpdq",65.6438369750977,42.7452049255371,4,"h1frn",48.687671661377,25.789041519165,4
"ngzba","f",25.6958904266357,0.819999992847443,"wo7v8",57.3835601806641,31.687671661377,5,"dohum",55.9643821716309,30.2684936523438,5
"x2ekp","f",59.2438354492188,4,NA,NA,NA,NA,"m8jcf",81.3835601806641,22.1397266387939,6
"p1hkc","f",17.0739727020264,0,NA,NA,NA,NA,"n70x7",42.7780838012695,25.7041091918945,4
"rf2u5","f",21.9917812347412,2,NA,NA,NA,NA,"fczv1",46.9123306274414,24.9205474853516,2
"j4ubf","f",39.6821899414062,4,NA,NA,NA,NA,NA,NA,NA,NA
"rtlpi","f",15.3972606658936,0,NA,NA,NA,NA,"siyea",41.2273979187012,25.8301372528076,5
"dhx4w","f",16.9397258758545,0.819999992847443,"pelx6",44.6849327087402,27.7452049255371,7,"h2u4u",42.6849327087402,25.7452049255371,7
"iay1e","f",72.0547943115234,6,NA,NA,NA,NA,NA,NA,NA,NA
"mlih6","f",24.76438331604,0,"r0ujd",61.5534248352051,36.7890396118164,8,"jcxlj",59.6958885192871,34.9315071105957,4
"p7gf1","m",94.7205505371094,NA,NA,NA,NA,NA,NA,NA,NA,NA
"h6d8f","m",33.1178092956543,4.6399998664856,"b02l0",68.1095886230469,34.9917793273926,11,"xp23u",51.0356178283691,17.9178085327148,8
"lcs2k","f",27.6739730834961,0.819999992847443,"jjux9",61.6958885192871,34.0219192504883,8,"x7fgu",58.6958885192871,31.0219173431396,8
"wwce8","f",64.6986312866211,3,NA,NA,NA,NA,"g2pfn",83.709587097168,19.0109596252441,3
"dw6ou","m",30.6767120361328,1.82000005245209,"lxdio",NA,NA,NA,"sugb4",58.0410957336426,27.3643836975098,7
"indzt","m",19.758903503418,0,"qqwmq",69.7013702392578,49.9424667358398,5,"zjnn6",64.6986312866211,44.9397277832031,5
"ipnr9","f",21.8109588623047,1.63999998569489,"rb1sk",62.1863021850586,40.3753433227539,6,"ov36g",56.6931495666504,34.8821907043457,6
"e5k1x","m",22.6712322235107,0,"peio9",62.6986312866211,40.0273971557617,8,NA,NA,NA,NA
"irhco","f",58.6958885192871,1,NA,NA,NA,NA,NA,NA,NA,NA
"ka6ve","m",49.7643852233887,5,"yv3ox",79.0547943115234,29.2904109954834,5,"vjtmu",83.5726013183594,33.808219909668,5
"eggcw","f",47.687671661377,9,"bmle3",72.7041091918945,25.0164375305176,3,"yqf1p",37.024658203125,-10.663013458252,3
"hw5jr","m",38.5397262573242,6.6399998664856,"a9li1",81.5369873046875,42.9972610473633,8,"siwhu",71.1600036621094,32.6202735900879,8
"wxi60","m",20.7616443634033,0,NA,NA,NA,NA,"zgmtc",48.687671661377,27.9260272979736,9
"am7vh","m",58.1835632324219,2.8199999332428,"svjgk",69.8000030517578,11.6164379119873,7,"shmnm",80.5780792236328,22.3945198059082,8
"gbyfp","f",17.6520557403564,1.63999998569489,"ujhge",41.0027389526367,23.3506851196289,5,"yfjjf",36.9890403747559,19.336986541748,3
"cif64","f",18.6712322235107,0.819999992847443,NA,NA,NA,NA,NA,NA,NA,NA
"lxdio","m",56.7013702392578,NA,NA,NA,NA,NA,NA,NA,NA,NA
"t9ov3","f",56.6931495666504,6,NA,NA,NA,NA,"x6d95",NA,NA,NA
"a9li1","m",81.5369873046875,8,NA,NA,NA,NA,NA,NA,NA,NA
"ddmko","m",42.7753410339355,NA,NA,NA,NA,NA,NA,NA,NA,NA
"ia1rj","f",25.6712322235107,1.82000005245209,"r71dn",59.6958885192871,34.024658203125,6,"t9ov3",56.6931495666504,31.0219173431396,6
"tarsl","f",76.7068481445312,5,NA,NA,NA,NA,NA,NA,NA,NA
"ozdtw","m",40.7726020812988,6.6399998664856,NA,NA,NA,NA,NA,NA,NA,NA
"wl7nr","f",16.7424659729004,NA,"yk1g9",58.6958885192871,41.953426361084,7,"v2avr",32.6027412414551,15.8602743148804,5
"gkjgl","f",20.7452049255371,0.819999992847443,NA,NA,NA,NA,NA,NA,NA,NA
"jtzpr","m",23.6712322235107,0,"s6ywf",52.6904106140137,29.0191783905029,6,"il6db",51.6904106140137,28.0191783905029,6
"fi5po","f",25.7479457855225,1,"hpzze",52.6767120361328,26.9287662506104,11,"zxq97",49.0684928894043,23.3205471038818,6
"q5idv","f",30.7671241760254,1.63999998569489,NA,NA,NA,NA,NA,NA,NA,NA
"kbev9","f",49.5013694763184,5,NA,NA,NA,NA,NA,NA,NA,NA
"tlt0r","m",35.3232879638672,0,"frfis",69.6109619140625,34.287670135498,8,"veo3p",58.5862998962402,23.2630138397217,4
"rsfij","m",25.6712322235107,0,"r0ujd",61.5534248352051,35.8821907043457,8,"goy7c",57.6931495666504,32.0219192504883,5
"l42dw","f",19.3397254943848,0,NA,NA,NA,NA,"w59di",43.6849327087402,24.3452053070068,6
"rxvgr","m",20.7534255981445,0,"qi1ip",48.687671661377,27.9342460632324,5,"msrcp",44.6849327087402,23.9315071105957,5
"uh71f","f",17.7561645507812,0,"vnsnz",67.7013702392578,49.9452056884766,8,"zmak2",67.7013702392578,49.9452056884766,8
"xjt2k","f",17.2630138397217,0.819999992847443,"mak28",41.6821899414062,24.4191780090332,6,"r5eqa",34.6794509887695,17.4164390563965,5
"iff4v","m",34.7698631286621,1.63999998569489,"af96q",88.7013702392578,53.9315071105957,5,"e9jof",70.04931640625,35.2794532775879,4
"a54cw","f",56.7863006591797,4,NA,NA,NA,NA,NA,NA,NA,NA
"m1z5m","m",16.7561645507812,NA,NA,NA,NA,NA,NA,NA,NA,NA
"t9iwv","m",27.6739730834961,1.63999998569489,"r0ujd",61.5534248352051,33.879451751709,8,"jcxlj",59.6958885192871,32.0219192504883,4
"qmtpe","m",25.2438354492188,1.63999998569489,"sdpgv",57.6931495666504,32.4493141174316,11,"ucik7",53.0438346862793,27.7999992370605,5
"vqyp3","m",52.783561706543,NA,NA,NA,NA,NA,NA,NA,NA,NA
"dweng","f",26.5369853973389,1.82000005245209,"d07y8",38.024658203125,11.4876708984375,9,"gts60",58.689998626709,32.1530151367188,6
"dylo5","f",35.265754699707,4.82000017166138,"wovdr",53.0054779052734,17.739725112915,11,"jg4s2",52.689998626709,17.4242458343506,9
"saam0","f",30.2191772460938,3.8199999332428,NA,NA,NA,NA,"tsvqd",52.6904106140137,22.4712333679199,3
"jpkhd","m",32.6767120361328,1.63999998569489,NA,NA,NA,NA,NA,NA,NA,NA
"qbpuw","f",16.6657543182373,0,NA,NA,NA,NA,"afq0a",41.7780838012695,25.1123294830322,3
"i3xa0","f",22.6712322235107,0,"np17s",53.6904106140137,31.0191783905029,8,"bshlz",47.687671661377,25.0164375305176,3
"qk8ur","m",68.0356140136719,6.82000017166138,NA,NA,NA,NA,"g2pfn",83.709587097168,15.6739721298218,3
"qlwpz","m",31.6767120361328,2.46000003814697,"sdpgv",57.6931495666504,26.0164375305176,11,"ucik7",53.0438346862793,21.3671226501465,5
"h1frn","f",48.687671661377,4.82000017166138,NA,NA,NA,NA,NA,NA,NA,NA
"cejuf","m",20.7616443634033,0,"hk7vg",32.0219192504883,11.2602739334106,5,NA,NA,NA,NA
"c37zu","f",45.6849327087402,6,NA,NA,NA,NA,NA,NA,NA,NA
"o73c8","f",21.7452049255371,2.46000003814697,NA,NA,NA,NA,NA,NA,NA,NA
"z79re","m",22.5424652099609,1.63999998569489,"sdpgv",57.6931495666504,35.1506843566895,11,"psbka",53.4137001037598,30.8712329864502,6
"n2wjy","f",17.0849323272705,0,"xb4af",51,33.9150695800781,9,"w98hh",59.6958885192871,42.6109580993652,8
"hlit8","f",24.2849311828613,0.819999992847443,"fwh4n",38.0273971557617,13.7424659729004,5,"pdw5h",48.687671661377,24.4027404785156,3
"w9k50","f",40.6821899414062,6.82000017166138,NA,NA,NA,NA,NA,NA,NA,NA
"tsvqd","f",52.6904106140137,3,NA,NA,NA,NA,NA,NA,NA,NA
"vdad3","f",20.6904106140137,1.63999998569489,"wovdr",53.0054779052734,32.3150672912598,11,"gxc7z",54.6931495666504,34.0027389526367,6
"hd8e6","f",35.6547927856445,5.82000017166138,"k8osu",34.0219192504883,-1.63287675380707,6,"c5n0z",54.6931495666504,19.0383567810059,7
"ra85r","f",33.6767120361328,4.82000017166138,NA,NA,NA,NA,"tsvqd",52.6904106140137,19.0136985778809,3
"j0d21","m",36.6794509887695,1.82000005245209,NA,NA,NA,NA,NA,NA,NA,NA
"by2j8","f",29.76438331604,5,"frfis",69.6109619140625,39.8465766906738,8,"veo3p",58.5862998962402,28.8219184875488,4
"mfwwv","f",21.1643829345703,0.819999992847443,"m7ovk",66.4383544921875,45.2739715576172,8,"kwqym",62.5945205688477,41.4301376342773,8
"qpkuk","f",26.6739730834961,1.63999998569489,NA,NA,NA,NA,"gxc7z",54.6931495666504,28.0191783905029,6
"pbypt","f",18.668493270874,0.819999992847443,NA,NA,NA,NA,NA,NA,NA,NA
"vtkwf","m",26.6739730834961,0,"nsvei",50.6904106140137,24.0164375305176,5,"wm98b",36.04931640625,9.37534236907959,3
"hx0qw","m",21.668493270874,0,"lxdio",NA,NA,NA,"sugb4",58.0410957336426,36.3726043701172,7
"yiaj1","f",41.6821899414062,1,"xp939",69.4602737426758,27.7780818939209,6,"f2m2s",71.7041091918945,30.0219173431396,3
"emmdz","f",21.668493270874,0.819999992847443,NA,NA,NA,NA,"wkilb",42.6849327087402,21.0164375305176,2
"r5ond","m",43.6849327087402,10.6400003433228,"qqwmq",69.7013702392578,26.0164375305176,5,"zjnn6",64.6986312866211,21.0136985778809,5
"w3g1l","f",40.6821899414062,6.6399998664856,"g55ic",78.5589065551758,37.8767127990723,7,"h539p",70.0383529663086,29.356164932251,7
"kq0su","m",27.7479457855225,0,"ua5zs",50.9917793273926,23.2438354492188,6,NA,NA,NA,NA
"eu9za","f",20.3397254943848,0.819999992847443,"djtm0",65.6986312866211,45.3589057922363,8,"gapa8",62.6986312866211,42.3589057922363,8
"dv2wo","f",19.9123287200928,1,"qk8ur",68.0356140136719,48.1232872009277,6,"nbzo2",62.6986312866211,42.7863006591797,3
"ybas4","f",33.2684936523438,1,"a9li1",81.5369873046875,48.2684936523438,8,"siwhu",71.1600036621094,37.8915061950684,8
"il6db","f",51.6904106140137,6,NA,NA,NA,NA,NA,NA,NA,NA
"kzzxj","f",46.687671661377,4.82000017166138,"j02o1",77.0400009155273,30.3523292541504,4,"dysgr",81.6958923339844,35.0082206726074,4
"zpbwe","m",37.4986305236816,4.6399998664856,"rb1sk",62.1863021850586,24.687671661377,6,"ov36g",56.6931495666504,19.1945209503174,6
"evl16","m",24.7863006591797,0.819999992847443,"ddmko",NA,NA,NA,"ntc3a",39.9945220947266,15.2082195281982,3
"jregz","m",92.7178115844727,3,NA,NA,NA,NA,NA,NA,NA,NA
"h2316","f",27.6739730834961,2,NA,NA,NA,NA,"sg5qo",53.2999992370605,25.6260280609131,8
"ogtd3","m",48.687671661377,NA,NA,NA,NA,NA,NA,NA,NA,NA
"seok7","f",23.6712322235107,1,"sdpgv",57.6931495666504,34.0219192504883,11,"ucik7",53.0438346862793,29.3726024627686,5
"duzvd","m",38.4328765869141,9.64000034332275,NA,NA,NA,NA,NA,NA,NA,NA
"ttpdq","m",65.6438369750977,4,"yv3ox",79.0547943115234,13.4109592437744,5,"vjtmu",83.5726013183594,17.9287662506104,5
"hz84w","m",18.2958908081055,0,"su674",57.6931495666504,39.3972587585449,8,"q9ltf",51.9945220947266,33.6986312866211,8
"amg6x","f",24.7178077697754,0.819999992847443,"d55g6",59.3698616027832,34.6520538330078,6,"uildo",61.7424659729004,37.024658203125,6
"fiyrg","m",31.1808223724365,1.82000005245209,"djtm0",65.6986312866211,34.5178070068359,8,"gapa8",62.6986312866211,31.5178089141846,8
"yori3","f",45.216438293457,6.82000017166138,"h7q8f",82.7123260498047,37.4958915710449,7,"ja82w",75.7068481445312,30.4904117584229,7
"zg4ah","m",25.5013694763184,1.63999998569489,"sdpgv",57.6931495666504,32.191780090332,11,"psbka",53.4137001037598,27.9123287200928,6
"cowk4","f",19.306848526001,0.819999992847443,NA,NA,NA,NA,"svb0c",41.6821899414062,22.3753433227539,2
"u0wdt","m",24.8219184875488,0.819999992847443,NA,NA,NA,NA,"xp23u",51.0356178283691,26.2136993408203,8
"jltwl","m",22.8383560180664,0,"jjux9",61.6958885192871,38.8575325012207,8,"x7fgu",58.6958885192871,35.8575325012207,8
"ircz1","f",86.7890396118164,3,NA,NA,NA,NA,NA,NA,NA,NA
"iilta","m",18.2821922302246,0,"jk2ol",48.5972595214844,30.3150691986084,8,"cwcl0",41.1150703430176,22.8328762054443,8
"zxq97","f",49.0684928894043,6.82000017166138,"ibcbz",69.5205459594727,20.452054977417,6,"iay1e",75.0500030517578,25.9815063476562,6
"diff3","f",25.6712322235107,1.63999998569489,NA,NA,NA,NA,NA,NA,NA,NA
"k77kd","f",39.6821899414062,4,NA,NA,NA,NA,"l2dw7",68.7013702392578,29.0191783905029,8
"fmq53","m",19.668493270874,0,"kbpme",51.6904106140137,32.0219192504883,9,"ehddk",39.0273971557617,19.3589038848877,4
"h3g22","f",29.1808223724365,0,"y39j1",58.6958885192871,29.5150680541992,5,"ahb5u",57.6931495666504,28.5123291015625,5
"jq61d","m",47.0986289978027,8.81999969482422,NA,NA,NA,NA,NA,NA,NA,NA
"k2hjd","m",32.6739730834961,NA,"w50it",78.6137008666992,45.9397277832031,1,"c3cdp",73.9424667358398,41.2684936523438,1
"oohac","m",32.7534255981445,0.819999992847443,NA,NA,NA,NA,NA,NA,NA,NA
"ahe8m","f",39.6821899414062,7.6399998664856,"r0ujd",61.5534248352051,21.8712329864502,8,"jcxlj",59.6958885192871,20.0136985778809,4
"es853","m",31.6767120361328,0.819999992847443,"hpzze",52.6767120361328,21,11,"zxq97",49.0684928894043,17.3917808532715,6
"tdnyl","m",17.5616436004639,0,"d07y8",38.024658203125,20.4630146026611,9,"azw88",48.312328338623,30.7506847381592,7
"ojb7a","f",35.6794509887695,5.82000017166138,"m9b4g",63.3506851196289,27.6712322235107,6,"hi4t0",55.9452056884766,20.2657527923584,6
"vnsnz","m",67.7013702392578,8,NA,NA,NA,NA,NA,NA,NA,NA
"wkvbx","m",76.7068481445312,7,NA,NA,NA,NA,NA,NA,NA,NA
"txpd3","m",29.6739730834961,0,NA,NA,NA,NA,"afq0a",41.7780838012695,12.1041097640991,3
"rkz8u","m",19.668493270874,0,"uzsw5",38.0273971557617,18.3589038848877,3,"f9fzz",31.0219173431396,11.3534250259399,3
"c4u0r","m",67.7013702392578,7,NA,NA,NA,NA,NA,NA,NA,NA
"gcyg2","m",31.687671661377,4.6399998664856,NA,NA,NA,NA,NA,NA,NA,NA
"hk7vg","m",32.0219192504883,5,"hzozr",55.0383567810059,23.0164375305176,3,"aprm6",65.5424652099609,33.5205497741699,3
"t6bd1","f",26.6739730834961,3.64000010490417,NA,NA,NA,NA,"wwce8",64.6986312866211,38.024658203125,3
"m6n61","f",48.687671661377,4,"f3ixh",72.04931640625,23.361644744873,7,"dit9p",72.9643859863281,24.2767124176025,6
"othqu","m",39.4767112731934,6.82000017166138,"j02o1",77.0400009155273,37.5632858276367,4,"dysgr",81.6958923339844,42.2191772460938,4
"j5i6t","m",29.76438331604,0,"hzozr",55.0383567810059,25.2739734649658,3,"aprm6",65.5424652099609,35.7780838012695,3
"q9wlg","f",21.668493270874,0,"v5viw",47.263011932373,25.5945205688477,7,"vi3sc",45.3397254943848,23.6712322235107,8
"tkj0o","f",74.7808227539062,4,NA,NA,NA,NA,NA,NA,NA,NA
"k07ai","m",50.6904106140137,10.6400003433228,NA,NA,NA,NA,NA,NA,NA,NA
"iswfc","f",19.668493270874,0.819999992847443,"h9k7e",48.687671661377,29.0191783905029,8,"w3g1l",40.6821899414062,21.0136985778809,5
"yk409","m",25.7095890045166,0.819999992847443,"xb4af",51,25.2904109954834,9,"w98hh",59.6958885192871,33.9863014221191,8
"sh49v","m",32.6767120361328,1.63999998569489,NA,NA,NA,NA,NA,NA,NA,NA
"u92dp","m",18.758903503418,0,"hsci1",45.2794532775879,26.5205478668213,3,NA,NA,NA,NA
"nde17","m",39.6821899414062,7.82000017166138,"jjux9",61.6958885192871,22.0136985778809,8,"x7fgu",58.6958885192871,19.0136985778809,8
"j5l7w","m",74.7068481445312,5,NA,NA,NA,NA,NA,NA,NA,NA
"otqgl","m",23.6712322235107,0.819999992847443,"o8clz",42.6849327087402,19.0136985778809,8,"apqu8",38.5205497741699,14.8493146896362,7
"g2pfn","f",78.709587097168,3,NA,NA,NA,NA,NA,NA,NA,NA
"nql9h","f",60.6958885192871,4,"l5t1z",64.0438385009766,3.34794521331787,4,"jdspk",81.5534210205078,20.8575344085693,4
"toeng","m",39.6821899414062,1,"hbl75",67.9534225463867,28.2712326049805,5,"yen44",66.5232849121094,26.8410949707031,5
"uaufj","f",19.758903503418,NA,NA,NA,NA,NA,NA,NA,NA,NA
"eqjs9","f",46.687671661377,4,NA,NA,NA,NA,NA,NA,NA,NA
"ch6uq","m",26.7479457855225,0.819999992847443,"dqclv",55.6931495666504,28.9452056884766,9,"huj5c",53.6904106140137,26.9424648284912,9
"u320z","f",24.7561645507812,0.819999992847443,"qojbm",45.6849327087402,20.9287662506104,7,"tk810",42.4000015258789,17.643835067749,7
"xdjej","m",21.5616436004639,0,"z560m",51.6904106140137,30.1287670135498,6,"c37zu",45.6849327087402,24.1232872009277,6
"wpj9z","f",17.6657543182373,0,NA,NA,NA,NA,"kzzxj",46.687671661377,29.0219173431396,4
"truzn","m",17.4136981964111,0,"hbqud",38.6821899414062,21.2684936523438,10,"qniz8",36.2219161987305,18.808219909668,1
"kkhu8","f",21.5068492889404,0.819999992847443,"pelx6",44.6849327087402,23.1780815124512,7,"h2u4u",42.6849327087402,21.1780815124512,7
"ppu5w","m",28.6739730834961,1.63999998569489,"y8zqe",46.0328750610352,17.3589038848877,8,"lcr80",44.6699981689453,15.9960269927979,8
"i62wh","f",36.2356147766113,2.8199999332428,NA,NA,NA,NA,NA,NA,NA,NA
"zkb00","m",44.6849327087402,1.82000005245209,NA,NA,NA,NA,NA,NA,NA,NA
"itj4x","m",32.6767120361328,2.8199999332428,"d1mdm",65.6986312866211,33.0219192504883,5,"nyc7c",59.6958885192871,27.0191783905029,5
"w63vm","f",29.1123294830322,2.64000010490417,"gkr12",58.4931488037109,29.3808212280273,8,"yh33s",49.2904090881348,20.1780815124512,8
"pnqfo","f",23.476713180542,2.64000010490417,NA,NA,NA,NA,"yori3",45.216438293457,21.739725112915,6
"d0ttf","m",43.9013710021973,4,"m2coc",71.7041091918945,27.8027400970459,4,"rotbq",68.7013702392578,24.7999992370605,4
"jwmj8","m",16.6246566772461,0,"b02l0",68.1095886230469,51.4849319458008,11,"lvkzl",58,41.3753433227539,4
"nn90f","f",27.7534255981445,5.28000020980835,NA,NA,NA,NA,NA,NA,NA,NA
"wjghp","m",19.668493270874,0,"we03l",61.6958885192871,42.0273971557617,5,"ccjbb",49.687671661377,30.0191783905029,5
"k88k8","m",34.6794509887695,2,NA,NA,NA,NA,NA,NA,NA,NA
"ulwrp","f",27.5506858825684,2.64000010490417,NA,NA,NA,NA,NA,NA,NA,NA
"svb0c","f",41.6821899414062,2,"d1mdm",65.6986312866211,24.0164375305176,5,"nyc7c",59.6958885192871,18.0136985778809,5
"gapa8","f",62.6986312866211,8,NA,NA,NA,NA,NA,NA,NA,NA
"pxuol","f",26.6739730834961,2.64000010490417,"bl9vt",71.1342468261719,44.4602737426758,6,"eocnw",59.6958885192871,33.0219192504883,9
"fzca2","f",24.76438331604,NA,NA,NA,NA,NA,NA,NA,NA,NA
"vxiup","m",31.3808212280273,1.63999998569489,"hbl75",67.9534225463867,36.5726013183594,5,"yen44",66.5232849121094,35.1424674987793,5
"fs8ry","m",49.783561706543,2,"rah09",77.0904083251953,27.306848526001,5,"ktlim",78.7315063476562,28.9479446411133,5
"shmnm","f",80.5780792236328,8,NA,NA,NA,NA,NA,NA,NA,NA
"rqri2","f",37.6794509887695,0,"a9li1",81.5369873046875,43.8575325012207,8,"siwhu",71.1600036621094,33.4805488586426,8
"u6kip","f",20.668493270874,0.819999992847443,NA,NA,NA,NA,NA,NA,NA,NA
"p2h9d","f",15.6712331771851,0,"x3o5o",61.6958885192871,46.024658203125,8,"tlhov",50.8054809570312,35.1342468261719,9
"np17s","m",53.6904106140137,8.81999969482422,"f3ixh",72.04931640625,18.3589038848877,7,"dit9p",72.9643859863281,19.2739734649658,6
"fvmfe","f",24.3260269165039,1.82000005245209,"su674",57.6931495666504,33.3671226501465,8,"q9ltf",51.9945220947266,27.668493270874,8
"yhpuu","f",39.6821899414062,2,NA,NA,NA,NA,NA,NA,NA,NA
"axtgr","f",18.1698627471924,0.819999992847443,"x3o5o",61.6958885192871,43.5260276794434,8,"tlhov",50.8054809570312,32.6356163024902,9
"hdl55","f",36.6794509887695,4.6399998664856,"jjux9",61.6958885192871,25.0164375305176,8,"x7fgu",58.6958885192871,22.0164375305176,8
"g2ikt","m",25.6767120361328,NA,NA,NA,NA,NA,"qno1t",60.6958885192871,35.0191764831543,3
"vvixb","f",32.6767120361328,4.6399998664856,NA,NA,NA,NA,"ldo6h",50.6164398193359,17.9397258758545,5
"z4oz2","m",44.2849311828613,5.82000017166138,"lm10r",69.4904098510742,25.2054786682129,9,"spq5s",61.8400001525879,17.5550689697266,3
"wz3wm","m",34,0,"vnsnz",67.7013702392578,33.7013702392578,8,"zmak2",67.7013702392578,33.7013702392578,8
"g2qu6","m",46.687671661377,1,NA,NA,NA,NA,NA,NA,NA,NA
"dgdi4","m",20.4410953521729,0,"jk2ol",48.5972595214844,28.1561641693115,8,"cwcl0",41.1150703430176,20.6739730834961,8
"olxyj","f",25.6712322235107,0,"s6ywf",52.6904106140137,27.0191783905029,6,"il6db",51.6904106140137,26.0191783905029,6
"msrcp","f",44.6849327087402,6.6399998664856,NA,NA,NA,NA,NA,NA,NA,NA
"lbz1w","f",31.6958904266357,2.8199999332428,"ibcbz",69.5205459594727,37.8246574401855,6,"iay1e",75.0500030517578,43.3541107177734,6
"jc59s","f",38.1753425598145,3.8199999332428,NA,NA,NA,NA,NA,NA,NA,NA
"vo3o3","f",43.5698623657227,9.64000034332275,"j5l7w",74.7068481445312,31.1369857788086,5,"fishc",50.2821922302246,6.71232891082764,5
"f9fzz","f",31.0219173431396,3,"p3zo7",54.0356178283691,23.0136985778809,4,"pkk0e",55.2000007629395,24.1780815124512,4
"h6ruz","f",43.6849327087402,6,NA,NA,NA,NA,NA,NA,NA,NA
"nohct","m",25.5424652099609,0,"wovdr",53.0054779052734,27.4630146026611,11,"jg4s2",52.689998626709,27.147533416748,9
"x93bj","f",20.6739730834961,1,NA,NA,NA,NA,"tlhov",50.8054809570312,30.1315059661865,9
"ei6is","f",23.0054798126221,2.46000003814697,NA,NA,NA,NA,NA,NA,NA,NA
"nq1uu","m",31.6767120361328,1,"dqclv",55.6931495666504,24.0164375305176,9,"huj5c",53.6904106140137,22.0136985778809,9
"wpe17","m",17.6712322235107,0,"nsc6f",54.0383567810059,36.3671226501465,6,"ntacu",55.6986312866211,38.0273971557617,6
"qeq63","f",37.6794509887695,4,"yv3ox",79.0547943115234,41.3753433227539,5,"vjtmu",83.5726013183594,45.8931503295898,5
"t59rk","m",31.6767120361328,2.64000010490417,"frfis",69.6109619140625,37.9342460632324,8,"veo3p",58.5862998962402,26.9095897674561,4
"s1i17","m",41.6821899414062,0,"st5hd",71.7041091918945,30.0219173431396,3,"e8kwg",64.6986312866211,23.0164375305176,3
"cuksw","f",29.6739730834961,1.63999998569489,NA,NA,NA,NA,NA,NA,NA,NA
"l9oap","m",32.6767120361328,1,"lxdio",NA,NA,NA,"sugb4",58.0410957336426,25.3643836975098,7
"hm2ft","m",18.7424659729004,0,"f4r9v",41.6109580993652,22.8684940338135,4,"mkpcm",35.024658203125,16.2821922302246,4
"hcjks","m",23.6712322235107,0,"y8zqe",46.0328750610352,22.361644744873,8,"lcr80",44.6699981689453,20.9987678527832,8
"dzkcu","f",23.4328765869141,1.82000005245209,"y39j1",58.6958885192871,35.263011932373,5,"ahb5u",57.6931495666504,34.2602729797363,5
"hi4t0","f",55.9452056884766,6,"j02o1",77.0400009155273,21.0947952270508,4,"dysgr",81.6958923339844,25.7506847381592,4
"wo7v8","m",57.3835601806641,5,NA,NA,NA,NA,NA,NA,NA,NA
"z7hv0","f",28.6739730834961,4.46000003814697,"x3o5o",61.6958885192871,33.0219192504883,8,"tlhov",50.8054809570312,22.1315059661865,9
"xwnwy","f",61.6958885192871,1,NA,NA,NA,NA,NA,NA,NA,NA
"g65o5","m",70.7041091918945,8,NA,NA,NA,NA,NA,NA,NA,NA
"orhrs","m",24.6410961151123,0,"v5viw",47.263011932373,22.6219177246094,7,"vi3sc",45.3397254943848,20.6986293792725,8
"z3bjh","m",19.0876712799072,0,"z7f7p",40.6821899414062,21.5945205688477,4,"m999c",39.6821899414062,20.5945205688477,4
"s2i9q","m",19.668493270874,0,"rv8ce",42.0301361083984,22.361644744873,7,"o9ut4",45.6849327087402,26.0164375305176,7
"vnozd","f",18.8356170654297,0,NA,NA,NA,NA,"ii6ew",37.1150703430176,18.2794513702393,2
"iohrq","m",31.6767120361328,2.64000010490417,NA,NA,NA,NA,NA,NA,NA,NA
"u5h6r","f",16.758903503418,NA,NA,NA,NA,NA,NA,NA,NA,NA
"fqx4s","f",20.668493270874,0.819999992847443,"s6ywf",52.6904106140137,32.0219192504883,6,"il6db",51.6904106140137,31.0219173431396,6
"zlsyv","m",26.5123291015625,0.819999992847443,"vqyp3",NA,NA,NA,"m6n61",48.687671661377,22.1753425598145,4
"om8pq","m",23.1013698577881,1.63999998569489,"d07y8",38.024658203125,14.9232873916626,9,"azw88",48.312328338623,25.210958480835,7
"p7sx0","f",38.024658203125,0,"l5t1z",64.0438385009766,26.0191783905029,4,"jdspk",81.5534210205078,43.5287666320801,4
"j1loj","m",54.783561706543,NA,"e7how",65.9589004516602,11.1753425598145,5,NA,NA,NA,NA
"p93uf","m",57.6931495666504,10.8199996948242,"ibcbz",69.5205459594727,11.8273973464966,6,"iay1e",75.0500030517578,17.3568496704102,6
"bmle3","m",72.7041091918945,3,NA,NA,NA,NA,NA,NA,NA,NA
"z560m","m",51.6904106140137,6,NA,NA,NA,NA,NA,NA,NA,NA
"c5n0z","f",48.7808227539062,7,NA,NA,NA,NA,NA,NA,NA,NA
"rj9jt","m",38.6821899414062,NA,"m2coc",71.7041091918945,33.0219192504883,4,"rotbq",68.7013702392578,30.0191783905029,4
"vm98a","f",33.5150680541992,3.8199999332428,"jfklq",62.6986312866211,29.1835613250732,1,"h1y9x",NA,NA,NA
"h5wwq","m",24.7616443634033,0,NA,NA,NA,NA,"at95q",49.0328750610352,24.2712326049805,3
"e6c0l","m",30.2904109954834,2.8199999332428,"difg7",34.0219192504883,3.73150682449341,6,"wif8n",51.6904106140137,21.3999996185303,7
"dysgr","f",61.6958885192871,4,NA,NA,NA,NA,NA,NA,NA,NA
"pj6gi","f",46.687671661377,9.64000034332275,NA,NA,NA,NA,NA,NA,NA,NA
"tz5oz","m",38.4000015258789,0,"ibcbz",69.5205459594727,31.120548248291,6,"iay1e",75.0500030517578,36.6500015258789,6
"lpkhl","m",22.3260269165039,1.63999998569489,"d55g6",59.3698616027832,37.0438346862793,6,"uildo",61.7424659729004,39.4164390563965,6
"nbzo2","f",62.6986312866211,3,"jregz",92.7178115844727,30.0191783905029,3,"hr8op",83.5534210205078,20.8547954559326,3
"px23g","m",39.7726020812988,4.6399998664856,NA,NA,NA,NA,NA,NA,NA,NA
"n684m","f",41.7506866455078,4.82000017166138,"hbl75",67.9534225463867,26.2027397155762,5,"yen44",66.5232849121094,24.7726020812988,5
"oa8jz","m",51.6904106140137,3,"rah09",77.0904083251953,25.3999996185303,5,"ktlim",78.7315063476562,27.0410957336426,5
"m3m35","f",76.7068481445312,2,NA,NA,NA,NA,NA,NA,NA,NA
"m7g5v","f",60.6958885192871,10,NA,NA,NA,NA,NA,NA,NA,NA
"glnwf","m",22.6712322235107,NA,"yk1g9",58.6958885192871,36.024658203125,7,"v2avr",32.6027412414551,9.9315071105957,5
"jxd6u","f",30.6767120361328,0.819999992847443,NA,NA,NA,NA,NA,NA,NA,NA
"ebeo5","m",20.9863014221191,0,"sdpgv",57.6931495666504,36.7068481445312,11,"psbka",53.4137001037598,32.4273986816406,6
"ri8bj","m",38.5232887268066,7.6399998664856,NA,NA,NA,NA,NA,NA,NA,NA
"ii6ew","f",37.1150703430176,2.8199999332428,"d55g6",59.3698616027832,22.2547950744629,6,"uildo",61.7424659729004,24.6273975372314,6
"s6ywf","m",52.6904106140137,6,NA,NA,NA,NA,NA,NA,NA,NA
"nyzl0","f",36.6794509887695,6.6399998664856,"sn9fd",71.04931640625,34.3698616027832,6,"to6xd",47.0328750610352,10.3534250259399,4
"kzqe6","m",22.6712322235107,0,NA,NA,NA,NA,"q9xao",44.6849327087402,22.0136985778809,6
"ex7xi","m",36.6794509887695,7.6399998664856,NA,NA,NA,NA,NA,NA,NA,NA
"fn8zs","m",30.3095893859863,0.819999992847443,"lm10r",69.4904098510742,39.1808204650879,9,"eud8v",NA,NA,NA
"evnce","m",18.5835609436035,0,"nde17",39.6821899414062,21.0986309051514,7,"ybfgj",35.6794509887695,17.095890045166,4
"sgjrp","m",20.758903503418,0,"hk7vg",32.0219192504883,11.2630138397217,5,NA,NA,NA,NA
"ns62j","m",61.5534248352051,8,NA,NA,NA,NA,NA,NA,NA,NA
"y0arg","f",17.7808227539062,0,"pelx6",44.6849327087402,26.904109954834,7,"h2u4u",42.6849327087402,24.904109954834,7
"x4e77","f",34.3835601806641,4.6399998664856,"j5l7w",74.7068481445312,40.3232879638672,5,"fishc",50.2821922302246,15.8986301422119,5
"swceb","f",16.758903503418,0,NA,NA,NA,NA,"zfk3n",34.9150695800781,18.1561641693115,4
"phpiy","m",72.7808227539062,NA,NA,NA,NA,NA,NA,NA,NA,NA
"ofza0","f",29.3753433227539,1,"d07y8",38.024658203125,8.64931488037109,9,"azw88",48.312328338623,18.9369869232178,7
"th51n","m",21.5506858825684,0.819999992847443,"d07y8",38.024658203125,16.4739723205566,9,"azw88",48.312328338623,26.7616443634033,7
"xvkvo","f",21.687671661377,1.63999998569489,"zpva5",45.6849327087402,23.9972610473633,6,"pxz8r",42.4876708984375,20.7999992370605,6
"nsvei","m",50.6904106140137,7.46000003814697,NA,NA,NA,NA,NA,NA,NA,NA
"aegfk","m",17.7424659729004,0,"oa8jz",51.6904106140137,33.9479446411133,3,"mr20g",42.7753410339355,25.0328769683838,3
"kbpme","m",51.6904106140137,9.81999969482422,"g55ic",78.5589065551758,26.8684940338135,7,"h539p",70.0383529663086,18.3479442596436,7
"oun3y","m",25.7616443634033,0,"n1akd",48.687671661377,22.9260272979736,7,NA,NA,NA,NA
"efyv0","f",27.7479457855225,2.8199999332428,"hpzze",52.6767120361328,24.9287662506104,11,"zxq97",49.0684928894043,21.3205471038818,6
"ubyue","f",25.7616443634033,2.64000010490417,NA,NA,NA,NA,NA,NA,NA,NA
"qqwmq","m",69.7013702392578,5,NA,NA,NA,NA,NA,NA,NA,NA
"d8edq","f",16.904109954834,0.819999992847443,"vr4qp",49.2356147766113,32.3315086364746,6,"ih9j7",37.4410972595215,20.5369853973389,5
"w93rc","f",30.2465744018555,4.6399998664856,NA,NA,NA,NA,NA,NA,NA,NA
"zp74i","m",26.9698638916016,0.819999992847443,"m7ovk",66.4383544921875,39.4684944152832,8,"kwqym",62.5945205688477,35.6246566772461,8
"xg0kp","f",24.5863018035889,0.819999992847443,"r5ond",43.6849327087402,19.0986309051514,9,"vo3o3",43.5698623657227,18.9835624694824,8
"vbcfn","f",39.6821899414062,5.82000017166138,"peio9",62.6986312866211,23.0164375305176,8,NA,NA,NA,NA
"sytls","f",26.76438331604,1,"r71dn",59.6958885192871,32.9315071105957,6,"t9ov3",56.6931495666504,29.9287662506104,6
"kuy5k","m",52.6904106140137,0,"xp939",69.4602737426758,16.7698631286621,6,"f2m2s",71.7041091918945,19.0136985778809,3
"gts60","f",56.6931495666504,6,NA,NA,NA,NA,NA,NA,NA,NA
"r0ujd","m",61.5534248352051,8,"f3ixh",72.04931640625,10.4958906173706,7,"j8rcu",22.0136985778809,-39.5397262573242,1
"uzsw5","m",38.0273971557617,3,"m2coc",71.7041091918945,33.6767120361328,4,"rotbq",68.7013702392578,30.6739730834961,4
"k1cjs","f",42.6849327087402,7.82000017166138,NA,NA,NA,NA,NA,NA,NA,NA
"qagwe","m",23.5643844604492,1.63999998569489,"eezra",NA,NA,NA,NA,NA,NA,NA
"hz6a4","m",83.7123260498047,4,NA,NA,NA,NA,NA,NA,NA,NA
"eq14q","f",29.0986309051514,2.8199999332428,NA,NA,NA,NA,NA,NA,NA,NA
"ucik7","f",53.0438346862793,5,NA,NA,NA,NA,NA,NA,NA,NA
"sbbwk","m",40.6821899414062,5.82000017166138,NA,NA,NA,NA,NA,NA,NA,NA
"gacrv","m",61.8904113769531,9,"j02o1",77.0400009155273,15.1495885848999,4,"dysgr",81.6958923339844,19.8054790496826,4
"bw8nj","f",29.6739730834961,1.82000005245209,NA,NA,NA,NA,NA,NA,NA,NA
"m999c","f",39.6821899414062,4.82000017166138,NA,NA,NA,NA,NA,NA,NA,NA
"lr8k9","m",30.5917816162109,0.819999992847443,"r0ujd",61.5534248352051,30.9616432189941,8,"goy7c",57.6931495666504,27.1013698577881,5
"f4dpv","f",19.7424659729004,2.64000010490417,NA,NA,NA,NA,NA,NA,NA,NA
"pqhp0","f",26.6739730834961,0,"st5hd",71.7041091918945,45.0301361083984,3,"e8kwg",64.6986312866211,38.024658203125,3
"ahb5u","f",57.6931495666504,5,NA,NA,NA,NA,NA,NA,NA,NA
"cz35a","f",21.668493270874,0,"dqclv",55.6931495666504,34.024658203125,9,"huj5c",53.6904106140137,32.0219192504883,9
"nf9i6","m",23.3479442596436,2,NA,NA,NA,NA,"tlhov",50.8054809570312,27.4575347900391,9
"mpd19","f",38.024658203125,5.6399998664856,"b02l0",68.1095886230469,30.0849323272705,11,"xp23u",51.0356178283691,13.0109586715698,8
"eh7gv","m",34.7534255981445,2.46000003814697,NA,NA,NA,NA,NA,NA,NA,NA
"o8clz","m",42.6849327087402,8,"dx3a1",58.0410957336426,15.3561639785767,9,"j3a53",59.9232864379883,17.2383556365967,9
"y00nl","f",39.6821899414062,1,NA,NA,NA,NA,NA,NA,NA,NA
"e7how","m",65.9589004516602,5,"af96q",88.7013702392578,22.7424659729004,5,"e9jof",70.04931640625,4.09041118621826,4
"pn8i2","m",46.687671661377,4.6399998664856,NA,NA,NA,NA,NA,NA,NA,NA
"nrp9n","f",64.0438385009766,5,"svjgk",69.8000030517578,5.75616455078125,7,"shmnm",80.5780792236328,16.5342464447021,8
"lm10r","m",69.4904098510742,9,NA,NA,NA,NA,NA,NA,NA,NA
"vsaha","m",36.6794509887695,NA,NA,NA,NA,NA,NA,NA,NA,NA
"c6bji","f",19.668493270874,0,"o8clz",42.6849327087402,23.0164375305176,8,"apqu8",38.5205497741699,18.8520545959473,7
"sqy4f","m",38.7561645507812,NA,NA,NA,NA,NA,"x2ekp",59.2438354492188,20.4876708984375,4
"ng9al","m",86.8054809570312,0,NA,NA,NA,NA,NA,NA,NA,NA
"n5mvj","m",31.6767120361328,3.64000010490417,"bsnmn",60.6958885192871,29.0191783905029,7,"ddyp5",55.6931495666504,24.0164375305176,7
"l2l3h","f",25.5342464447021,2,"tc53o",56.0383567810059,30.5041103363037,5,"fmq5b",61.9561653137207,36.4219169616699,5
"qnlct","m",36.975341796875,5.82000017166138,"qk8ur",68.0356140136719,31.0602741241455,6,"nbzo2",62.6986312866211,25.7232875823975,3
"wxlp4","m",32.928768157959,0,"wovdr",53.0054779052734,20.0767116546631,11,"jg4s2",52.689998626709,19.7612323760986,9
"zfk3n","f",34.9150695800781,4.82000017166138,"ibcbz",69.5205459594727,34.6054801940918,6,"iay1e",75.0500030517578,40.1349296569824,6
"c3cdp","f",73.9424667358398,1,NA,NA,NA,NA,NA,NA,NA,NA
"y1erg","m",26.6849308013916,2.64000010490417,"m9b4g",63.3506851196289,36.6657524108887,6,"hi4t0",55.9452056884766,29.260274887085,6
"mrtpc","m",22.6712322235107,0,"bynnz",32.0219192504883,9.35068511962891,4,"d1sha",42.8849296569824,20.2136993408203,7
"l2dw7","f",68.7013702392578,8,NA,NA,NA,NA,NA,NA,NA,NA
"iyiun","f",29.4246578216553,3.64000010490417,"g55ic",78.5589065551758,49.1342468261719,7,"h539p",70.0383529663086,40.613697052002,7
"siwhu","f",69.1643829345703,8,NA,NA,NA,NA,"qjeep",84.7260284423828,15.5616436004639,5
"cj436","m",19.6109580993652,0,"gkwxi",38.3397254943848,18.7287673950195,6,"dihfa",38.4219169616699,18.8109588623047,6
"w2idb","f",40.758903503418,NA,NA,NA,NA,NA,NA,NA,NA,NA
"ublf6","f",78.709587097168,1,NA,NA,NA,NA,NA,NA,NA,NA
"oc9gd","f",24.6712322235107,2.64000010490417,NA,NA,NA,NA,"w59di",43.6849327087402,19.0136985778809,6
"i9qjr","f",23.4493141174316,1.63999998569489,NA,NA,NA,NA,NA,NA,NA,NA
"o91hq","m",32.7671241760254,5,NA,NA,NA,NA,NA,NA,NA,NA
"dihfa","f",38.4219169616699,6.82000017166138,"svjgk",69.8000030517578,31.3780822753906,7,"shmnm",80.5780792236328,42.1561660766602,8
"jebxi","f",24.6712322235107,NA,"k07ai",50.6904106140137,26.0191783905029,9,"gidcz",45.6849327087402,21.0136985778809,9
"qvadz","m",35.6794509887695,1,NA,NA,NA,NA,"sg5qo",53.2999992370605,17.620548248291,8
"adhmz","m",39.7726020812988,3.64000010490417,NA,NA,NA,NA,NA,NA,NA,NA
"jcxlj","f",59.6958885192871,4,NA,NA,NA,NA,NA,NA,NA,NA
"dfx3q","m",21.1452045440674,0,"kt975",52.2246589660645,31.0794525146484,7,NA,NA,NA,NA
"mzg96","f",66.7013702392578,7,"xwrdb",82.5534210205078,15.8520545959473,3,NA,NA,NA,NA
"m3r1n","m",36.2904090881348,5.46000003814697,NA,NA,NA,NA,NA,NA,NA,NA
"wdcv0","m",24.6712322235107,NA,NA,NA,NA,NA,NA,NA,NA,NA
"en6cx","f",27.8876705169678,2.8199999332428,"vqyp3",NA,NA,NA,"m6n61",48.687671661377,20.7999992370605,4
"tl1i3","m",44.6849327087402,6.82000017166138,NA,NA,NA,NA,NA,NA,NA,NA
"f4r9v","m",41.6109580993652,4,"ckk5y",NA,NA,NA,"v4xq2",76.7068481445312,35.095890045166,8
"au7wf","m",33.8712310791016,1.63999998569489,"djtm0",65.6986312866211,31.8273963928223,8,"gapa8",62.6986312866211,28.8273963928223,8
"m42q1","f",27.8520545959473,NA,"np17s",53.6904106140137,25.8383560180664,8,"jm868",51,23.1479454040527,2
"qoahu","m",44.7753410339355,NA,NA,NA,NA,NA,NA,NA,NA,NA
"kpyf4","m",32.046573638916,1,"qqwmq",69.7013702392578,37.6547927856445,5,"zjnn6",64.6986312866211,32.6520538330078,5
"hgwud","m",37.6794509887695,6.82000017166138,"f3ixh",72.04931640625,34.3698616027832,7,"dit9p",72.9643859863281,35.2849311828613,6
"d2pai","f",45.6931495666504,NA,NA,NA,NA,NA,NA,NA,NA,NA
"oij03","m",37.5589027404785,NA,NA,NA,NA,NA,NA,NA,NA,NA
"bsnmn","m",60.6958885192871,7.82000017166138,NA,NA,NA,NA,NA,NA,NA,NA
"sj288","f",36.6849327087402,4,"r71dn",59.6958885192871,23.0109596252441,6,"t9ov3",56.6931495666504,20.0082187652588,6
"qno1t","f",60.6958885192871,3,NA,NA,NA,NA,NA,NA,NA,NA
"u3xmk","m",34.6794509887695,1.63999998569489,"f93kg",66.7013702392578,32.0219192504883,2,"kvhm2",61.6958885192871,27.0164375305176,2
"yf867","f",21.668493270874,0,"r0ujd",61.5534248352051,39.8849296569824,8,"jcxlj",59.6958885192871,38.0273971557617,4
"z0ou9","m",64.7753448486328,NA,NA,NA,NA,NA,NA,NA,NA,NA
"c2uz4","m",36.7561645507812,0,NA,NA,NA,NA,"gts60",58.689998626709,21.9338359832764,6
"y39j1","m",58.6958885192871,5,NA,NA,NA,NA,NA,NA,NA,NA
"eezra","f",49,NA,"a9li1",81.5369873046875,32.5369873046875,8,"siwhu",71.1600036621094,22.1599998474121,8
"tduyn","f",36.6767120361328,3.64000010490417,"m2coc",71.7041091918945,35.0273971557617,4,"rotbq",68.7013702392578,32.024658203125,4
"aj9me","m",17.312328338623,0,"ttpdq",65.6438369750977,48.3315086364746,4,"h1frn",48.687671661377,31.3753433227539,4
"oy4l1","m",18.668493270874,0,"pn8i2",46.687671661377,28.0191783905029,3,"aq00r",38.6821899414062,20.0136985778809,3
"dfn7c","m",34.6794509887695,2.8199999332428,NA,NA,NA,NA,NA,NA,NA,NA
"sn0w8","f",65.6986312866211,0,NA,NA,NA,NA,NA,NA,NA,NA
"wv3oi","f",29.6739730834961,4.6399998664856,"tt3t6",64.6986312866211,35.024658203125,4,"nql9h",60.6958885192871,31.0219173431396,4
"r6o2r","m",45.9397277832031,0,"ibcbz",69.5205459594727,23.5808219909668,6,"iay1e",75.0500030517578,29.1102733612061,6
"qojbm","m",45.6849327087402,7.82000017166138,"p3zo7",54.0356178283691,8.35068511962891,4,"pkk0e",55.2000007629395,9.51506805419922,4
"flddj","f",54.6931495666504,NA,"jregz",92.7178115844727,38.024658203125,3,"hr8op",83.5534210205078,28.8602733612061,3
"sfjxc","m",23.6712322235107,0.819999992847443,"nsvei",50.6904106140137,27.0191783905029,5,"wm98b",36.04931640625,12.3780822753906,3
"ho421","f",54.7671241760254,5,NA,NA,NA,NA,NA,NA,NA,NA
"s25c9","f",22.7616443634033,2.64000010490417,NA,NA,NA,NA,NA,NA,NA,NA
"am4di","f",21.668493270874,0.819999992847443,"o8clz",42.6849327087402,21.0164375305176,8,"apqu8",38.5205497741699,16.8520545959473,7
"sqhmg","m",16,0,"ua5zs",50.9917793273926,34.9917793273926,6,NA,NA,NA,NA
"lxwvn","f",45.613697052002,7.82000017166138,NA,NA,NA,NA,NA,NA,NA,NA
"tk7km","f",23.9671230316162,0.819999992847443,"jq61d",47.0986289978027,23.1315059661865,8,"lxwvn",45.613697052002,21.6465759277344,7
"i7bhx","f",18.668493270874,0,"v5viw",47.263011932373,28.5945205688477,7,"vi3sc",45.3397254943848,26.6712322235107,8
"r2j0p","m",19.23561668396,0,"ns62j",61.5534248352051,42.3178100585938,8,"kbev9",49.5013694763184,30.2657527923584,5
"peio9","m",62.6986312866211,8,"l5t1z",64.0438385009766,1.34520542621613,4,"jdspk",81.5534210205078,18.8547954559326,4
"vtfrx","m",21.3095893859863,0,"vr4qp",49.2356147766113,27.9260272979736,6,"ih9j7",37.4410972595215,16.1315059661865,5
"vy7f2","f",37.6794509887695,7.6399998664856,NA,NA,NA,NA,"eocnw",59.6958885192871,22.0164375305176,9
"h1v5w","f",22.6821918487549,0.819999992847443,NA,NA,NA,NA,NA,NA,NA,NA
"fwyzr","m",61.7863006591797,4,NA,NA,NA,NA,NA,NA,NA,NA
"r5eqa","f",34.6794509887695,6.6399998664856,"e7how",65.9589004516602,31.2794513702393,5,NA,NA,NA,NA
"ws59q","m",37.6794509887695,NA,NA,NA,NA,NA,NA,NA,NA,NA
"hbl75","m",67.9534225463867,5,NA,NA,NA,NA,NA,NA,NA,NA
"c5ppr","f",28.6739730834961,1.82000005245209,"ichyy",53.6904106140137,25.0164375305176,4,"eqjs9",46.687671661377,18.0136985778809,4
"gaq1y","m",27.5205478668213,0,"fwh4n",38.0273971557617,10.5068492889404,5,"pdw5h",48.687671661377,21.1671237945557,3
"yxoj0","f",22.0027389526367,0.819999992847443,"h9k7e",48.687671661377,26.6849308013916,8,"w3g1l",40.6821899414062,18.6794528961182,5
"ur9ao","f",28.5643844604492,3.64000010490417,NA,NA,NA,NA,"vi3sc",45.3397254943848,16.7753429412842,8
"e444o","f",26.6739730834961,1.63999998569489,"wkvbx",76.7068481445312,50.0328750610352,7,"mzg96",66.7013702392578,40.0273971557617,7
"n3x8f","m",25.6712322235107,2.46000003814697,"tt3t6",64.6986312866211,39.0273971557617,4,"nql9h",60.6958885192871,35.024658203125,4
"l53dm","f",19.7424659729004,0,"nsvei",50.6904106140137,30.9479446411133,5,"wm98b",36.04931640625,16.306848526001,3
"jm868","f",51.7643852233887,2,NA,NA,NA,NA,NA,NA,NA,NA
"s8zgp","m",42.6849327087402,6.82000017166138,"m7ovk",66.4383544921875,23.7534255981445,8,"kwqym",62.5945205688477,19.9095897674561,8
"kuneh","m",42.6849327087402,6.82000017166138,"x3o5o",61.6958885192871,19.0109596252441,8,"xwnwy",61.6958885192871,19.0109596252441,1
"ujhge","m",41.0027389526367,5,"f3ixh",72.04931640625,31.0465755462646,7,"dit9p",72.9643859863281,31.9616432189941,6
"ks836","m",36.6794509887695,5,NA,NA,NA,NA,NA,NA,NA,NA
"gk830","f",28.6739730834961,2,NA,NA,NA,NA,NA,NA,NA,NA
"zeem4","f",35.7698631286621,NA,NA,NA,NA,NA,NA,NA,NA,NA
"h7q8f","m",82.7123260498047,7,NA,NA,NA,NA,NA,NA,NA,NA
"qi1ip","m",48.687671661377,6.6399998664856,"yv3ox",79.0547943115234,30.3671226501465,5,"vjtmu",83.5726013183594,34.8849296569824,5
"ckv4w","f",18.758903503418,NA,NA,NA,NA,NA,NA,NA,NA,NA
"ptm3g","m",27.0191783905029,2,"w50it",78.6137008666992,51.5945205688477,1,"c3cdp",73.9424667358398,46.9232864379883,1
"huj5c","f",53.6904106140137,9,"rah09",77.0904083251953,23.3999996185303,5,"ktlim",78.7315063476562,25.0410957336426,5
"rb1sk","m",62.1863021850586,6,NA,NA,NA,NA,NA,NA,NA,NA
"fg025","f",46.2794532775879,0,"svjgk",69.8000030517578,23.5205478668213,7,"shmnm",80.5780792236328,34.2986297607422,8
"n67is","f",17.6657543182373,0.819999992847443,"ks836",36.6794509887695,19.0136985778809,5,"iy6jp",35.6794509887695,18.0136985778809,5
"ryxk4","m",22.7616443634033,0.819999992847443,NA,NA,NA,NA,NA,NA,NA,NA
"r71dn","m",59.6958885192871,6,NA,NA,NA,NA,NA,NA,NA,NA
"doprf","f",29.6739730834961,3.64000010490417,"wkvbx",76.7068481445312,47.0328750610352,7,"mzg96",66.7013702392578,37.0273971557617,7
"cda90","f",21.1753425598145,0,"qk8ur",68.0356140136719,46.8602752685547,6,"qkcvg",33,11.8246574401855,3
"zmak2","f",67.7013702392578,8,NA,NA,NA,NA,NA,NA,NA,NA
"pelx6","m",44.6849327087402,8.64000034332275,NA,NA,NA,NA,NA,NA,NA,NA
"yfjjf","f",36.9890403747559,4.6399998664856,"bsnmn",60.6958885192871,23.7068500518799,7,"ddyp5",55.6931495666504,18.7041091918945,7
"kevqv","m",36.2547950744629,NA,"j5l7w",74.7068481445312,38.4520530700684,5,"fishc",50.2821922302246,14.0273971557617,5
"rav0e","f",16.758903503418,0,NA,NA,NA,NA,"w59di",43.6849327087402,26.9260272979736,6
"i0ema","f",29.76438331604,1,NA,NA,NA,NA,NA,NA,NA,NA
"pt63m","f",31.6767120361328,3.8199999332428,"wovdr",53.0054779052734,21.3287677764893,11,"jg4s2",52.689998626709,21.0132884979248,9
"jrofk","f",21.3999996185303,1,"sdpgv",57.6931495666504,36.2931518554688,11,"psbka",53.4137001037598,32.0136985778809,6
"q0ihp","m",23.6712322235107,NA,NA,NA,NA,NA,NA,NA,NA,NA
"qny1h","f",33.6767120361328,4.6399998664856,"dqclv",55.6931495666504,22.0164375305176,9,"huj5c",53.6904106140137,20.0136985778809,9
"dohum","f",55.9643821716309,5,NA,NA,NA,NA,NA,NA,NA,NA
"jjux9","m",61.6958885192871,8,NA,NA,NA,NA,NA,NA,NA,NA
"yk1g9","m",58.6958885192871,7,NA,NA,NA,NA,NA,NA,NA,NA
"otpws","m",30.6767120361328,1.82000005245209,"d1mdm",65.6986312866211,35.0219192504883,5,"nyc7c",59.6958885192871,29.0191783905029,5
"ohvbn","m",25.1369857788086,NA,"k8osu",34.0219192504883,8.88493156433105,6,"c5n0z",54.6931495666504,29.5561637878418,7
"pebe1","m",35.6794509887695,3.64000010490417,NA,NA,NA,NA,"nrp9n",64.0438385009766,28.3643836975098,5
"sugb4","f",58.0410957336426,7,NA,NA,NA,NA,"m3m35",76.7068481445312,18.6657543182373,2
"iwy8v","m",25.5424652099609,0.819999992847443,"wovdr",53.0054779052734,27.4630146026611,11,"jg4s2",52.689998626709,27.147533416748,9
"skj1s","m",31.9205474853516,3.64000010490417,NA,NA,NA,NA,NA,NA,NA,NA
"mpyu1","f",42.6849327087402,3,"af96q",88.7013702392578,46.0164375305176,5,NA,NA,NA,NA
"ahe83","f",16.6657543182373,NA,NA,NA,NA,NA,"sg5qo",53.2999992370605,36.6342468261719,8
"v3er0","m",37.6794509887695,7.6399998664856,"hz6a4",83.7123260498047,46.0328750610352,4,"ublf6",78.709587097168,41.0301361083984,1
"xtqpe","f",19.8876705169678,0,"gacrv",61.8904113769531,42.0027389526367,9,"xyn1z",46,26.1123294830322,8
"qp8yr","f",38.7726020812988,4,"ennjt",70.2958908081055,31.523286819458,7,"v3eiu",67.2931518554688,28.5205478668213,5
"hf4np","m",35.024658203125,1,NA,NA,NA,NA,"l2dw7",68.7013702392578,33.6767120361328,8
"yoht0","m",23.6712322235107,0,"tt3t6",64.6986312866211,41.0273971557617,4,"nql9h",60.6958885192871,37.024658203125,4
"uy4g9","f",39.6821899414062,6.82000017166138,NA,NA,NA,NA,NA,NA,NA,NA
"kxqvf","m",39.1506843566895,2.8199999332428,NA,NA,NA,NA,NA,NA,NA,NA
"f4fpf","f",26.0904102325439,1.82000005245209,"jq61d",47.0986289978027,21.0082187652588,8,"lxwvn",45.613697052002,19.523286819458,7
"d1sha","f",42.8849296569824,7.82000017166138,"gsczg",60.0410957336426,17.1561641693115,4,"ubhoo",68.7013702392578,25.8164386749268,4
"bicel","f",26.6739730834961,2.8199999332428,"m2coc",71.7041091918945,45.0301361083984,4,"rotbq",68.7013702392578,42.0273971557617,4
"ngohy","m",27.6739730834961,NA,"k07ai",50.6904106140137,23.0164375305176,9,"gidcz",45.6849327087402,18.0109596252441,9
"vvoas","m",60.7561645507812,0,"svjgk",69.8000030517578,9.04383563995361,7,"shmnm",80.5780792236328,19.8219184875488,8
"yws1e","f",21.668493270874,NA,"k07ai",50.6904106140137,29.0219173431396,9,"gidcz",45.6849327087402,24.0164375305176,9
"ichyy","m",53.6904106140137,4,"hzozr",55.0383567810059,1.34794521331787,3,"aprm6",65.5424652099609,11.8520545959473,3
"gkr12","m",58.4931488037109,8,"l5t1z",64.0438385009766,5.55068492889404,4,"jdspk",81.5534210205078,23.0602741241455,4
"qslfh","f",19.668493270874,1.63999998569489,"y8zqe",46.0328750610352,26.3643836975098,8,"lcr80",44.6699981689453,25.0015068054199,8
"yjyxv","f",19.668493270874,0.819999992847443,"sdpgv",57.6931495666504,38.024658203125,11,"ucik7",53.0438346862793,33.3753433227539,5
"ntb4v","f",26.5068492889404,0.819999992847443,"rb1sk",62.1863021850586,35.6794509887695,6,"ov36g",56.6931495666504,30.1863021850586,6
"sargm","f",18.7561645507812,0,"r5ond",43.6849327087402,24.9287662506104,9,"vo3o3",43.5698623657227,24.8136978149414,8
"mr20g","f",42.7753410339355,3,"qqwmq",69.7013702392578,26.9260272979736,5,"zjnn6",64.6986312866211,21.9232883453369,5
"o9ut4","f",45.6849327087402,7,NA,NA,NA,NA,NA,NA,NA,NA
"sgw2x","f",21.2712326049805,0.819999992847443,"jk2ol",48.5972595214844,27.3260269165039,8,"cwcl0",41.1150703430176,19.8438358306885,8
"gqstr","f",35.6794509887695,2.8199999332428,NA,NA,NA,NA,"l2dw7",68.7013702392578,33.0219192504883,8
"lymiq","f",21.668493270874,2.46000003814697,NA,NA,NA,NA,"goy7c",57.6931495666504,36.024658203125,5
"gtx2a","f",18.668493270874,NA,"yk1g9",58.6958885192871,40.0273971557617,7,"v2avr",32.6027412414551,13.9342470169067,5
"zb8c4","f",20.758903503418,1.63999998569489,NA,NA,NA,NA,NA,NA,NA,NA
"v6zly","f",24.6712322235107,0.819999992847443,"bl9vt",71.1342468261719,46.4630126953125,6,"eocnw",59.6958885192871,35.024658203125,9
"r7rjx","m",23.6712322235107,0,"d07y8",38.024658203125,14.3534250259399,9,"gts60",58.689998626709,35.0187683105469,6
"t3dhe","f",37.5178070068359,3.64000010490417,"ns62j",61.5534248352051,24.0356159210205,8,"m7g5v",60,22.4821910858154,10
"l4o7k","m",23.6712322235107,0.819999992847443,NA,NA,NA,NA,"nrp9n",64.0438385009766,40.3726043701172,5
"hmc4q","m",28.6739730834961,0,"s6ywf",52.6904106140137,24.0164375305176,6,"il6db",51.6904106140137,23.0164375305176,6
"ti240","m",23.6712322235107,0,"hpzze",52.6767120361328,29.0054798126221,11,"zxq97",49.0684928894043,25.3972606658936,6
"ud048","f",36.6794509887695,5.82000017166138,NA,NA,NA,NA,NA,NA,NA,NA
"kc58i","m",33.8712310791016,1.63999998569489,"djtm0",65.6986312866211,31.8273963928223,8,"gapa8",62.6986312866211,28.8273963928223,8
"bshlz","f",47.687671661377,3,NA,NA,NA,NA,NA,NA,NA,NA
"x3o5o","m",61.6958885192871,8,NA,NA,NA,NA,NA,NA,NA,NA
"oacav","f",46.7780838012695,NA,NA,NA,NA,NA,"m8jcf",81.3835601806641,34.6054801940918,6
"dtjkw","f",59.7698631286621,NA,NA,NA,NA,NA,NA,NA,NA,NA
"jbqay","f",21.4164390563965,0.819999992847443,"gkr12",58.4931488037109,37.0767135620117,8,"yh33s",49.2904090881348,27.8739719390869,8
"y75sj","m",21.668493270874,0,"r5ond",43.6849327087402,22.0164375305176,9,"vo3o3",43.5698623657227,21.9013690948486,8
"u04hn","f",22.7616443634033,1,NA,NA,NA,NA,NA,NA,NA,NA
"nwyjs","m",29.7506847381592,1.82000005245209,"ckk5y",NA,NA,NA,"v4xq2",76.7068481445312,46.9561653137207,8
"kniu1","m",31.6767120361328,NA,"vqyp3",NA,NA,NA,"m6n61",48.687671661377,17.0109596252441,4
"ioz0i","f",24.6712322235107,1.82000005245209,NA,NA,NA,NA,"oajta",59.6958885192871,35.024658203125,8
"p6ihp","f",35.024658203125,3,"b02l0",68.1095886230469,33.0849304199219,11,"xp23u",51.0356178283691,16.0109596252441,8
"bryby","f",19.8986301422119,0,"wo7v8",57.3835601806641,37.4849319458008,5,"dohum",55.9643821716309,36.0657539367676,5
"ojmnk","f",29.6739730834961,4.6399998664856,NA,NA,NA,NA,NA,NA,NA,NA
"xaiho","m",24.4931507110596,0,"m7ovk",66.4383544921875,41.9452056884766,8,"kwqym",62.5945205688477,38.1013717651367,8
"a82fp","f",26.6739730834961,2.64000010490417,"i02te",48.687671661377,22.0136985778809,8,"pj6gi",46.687671661377,20.0136985778809,8
"va4qh","m",37.6794509887695,1,NA,NA,NA,NA,"shmnm",80.5780792236328,42.8986282348633,8
"n4bnw","f",18.668493270874,0.819999992847443,"b73wv",39.7726020812988,21.1041088104248,2,"osgtl",44.6849327087402,26.0164375305176,4
"nt05g","f",56.6931495666504,3,NA,NA,NA,NA,NA,NA,NA,NA
"cvlem","f",45.6849327087402,5.82000017166138,NA,NA,NA,NA,"ldo6h",50.6164398193359,4.93150663375854,5
"tbio6","f",18.9178085327148,1.63999998569489,"sdpgv",57.6931495666504,38.7753410339355,11,"psbka",53.4137001037598,34.4958915710449,6
"cv4w4","f",32.6767120361328,2.64000010490417,"xb4af",51,18.3232879638672,9,"w98hh",59.6958885192871,27.0191783905029,8
"w3lki","m",31.6767120361328,NA,NA,NA,NA,NA,NA,NA,NA,NA
"frxjr","f",33.2438354492188,0,"gacrv",61.8904113769531,28.6465759277344,9,NA,NA,NA,NA
"wkilb","f",42.6849327087402,2,NA,NA,NA,NA,NA,NA,NA,NA
"gm1fy","m",22.6602745056152,0,"wo7v8",57.3835601806641,34.7232894897461,5,"dohum",55.9643821716309,33.3041114807129,5
"ov36g","f",56.6931495666504,6,NA,NA,NA,NA,NA,NA,NA,NA
"h4wlc","f",21.693151473999,1.63999998569489,"z4oz2",44.2849311828613,22.5917816162109,5,"iumiz",39.2547950744629,17.5616436004639,5
"utd0g","f",15.213698387146,0,NA,NA,NA,NA,"lsphv",31.1068496704102,15.8931503295898,5
"iy6jp","f",35.6794509887695,5,"wkvbx",76.7068481445312,41.0273971557617,7,"mzg96",66.7013702392578,31.0219173431396,7
"fjxek","f",37.7561645507812,4.6399998664856,"ennjt",70.2958908081055,32.5397262573242,7,"v3eiu",67.2931518554688,29.5369853973389,5
"enuhr","m",31.4054794311523,2.8199999332428,"su674",57.6931495666504,26.2876720428467,8,"q9ltf",51.9945220947266,20.5890407562256,8
"yxe6k","m",21.0876712799072,0,"lydne",44.6849327087402,23.5972595214844,6,"ahe8m",39.6821899414062,18.5945205688477,6
"znzc9","f",19.7534255981445,0.819999992847443,"tl1i3",44.6849327087402,24.9315071105957,6,"w9k50",40.6821899414062,20.9287662506104,6
"oayyk","f",23.0465755462646,2.64000010490417,"k8osu",34.0219192504883,10.9753427505493,6,"c5n0z",54.6931495666504,31.6465759277344,7
"uildo","f",61.7424659729004,6,NA,NA,NA,NA,NA,NA,NA,NA
"motig","m",33.6767120361328,2.46000003814697,"xx5lt",62.6986312866211,29.0219173431396,3,"nt05g",56.6931495666504,23.0164375305176,3
"gpzwn","m",31.0438346862793,3.8199999332428,"m7ovk",66.4383544921875,35.3945198059082,8,"kwqym",62.5945205688477,31.5506858825684,8
"lard0","m",32.758903503418,1.82000005245209,"lm10r",69.4904098510742,36.7315063476562,9,"eud8v",NA,NA,NA
"xyn1z","f",44.0739707946777,8,NA,NA,NA,NA,NA,NA,NA,NA
"kdijb","m",25.6712322235107,2.64000010490417,"x95x7",48.687671661377,23.0164375305176,6,"i1r6g",45.6849327087402,20.0136985778809,6
"f93kg","m",66.7013702392578,2,NA,NA,NA,NA,NA,NA,NA,NA
"zxq2k","m",17.5643844604492,0,"eezra",NA,NA,NA,NA,NA,NA,NA
"atsoy","f",26.6739730834961,4.6399998664856,NA,NA,NA,NA,NA,NA,NA,NA
"ybo44","f",49.7808227539062,6,"p7gf1",NA,NA,NA,"yv6mi",NA,NA,NA
"q4620","f",30.7315063476562,2,"d55g6",59.3698616027832,28.638355255127,6,"uildo",61.7424659729004,31.0109596252441,6
"ht0hf","f",16.7315063476562,0.819999992847443,"rxrlk",52.2082176208496,35.4767112731934,3,"wve6b",NA,NA,NA
"a9olt","m",32.6767120361328,NA,"wkvbx",76.7068481445312,44.0301361083984,7,"mzg96",66.7013702392578,34.024658203125,7
"apqu8","f",38.5205497741699,7,"tt3t6",64.6986312866211,26.1780815124512,4,"nql9h",60.6958885192871,22.1753425598145,4
"gyqby","m",46.687671661377,1,NA,NA,NA,NA,NA,NA,NA,NA
"wtpdn","f",21.758903503418,NA,NA,NA,NA,NA,NA,NA,NA,NA
"m6kq7","f",17.9178085327148,0,"mak28",41.6821899414062,23.76438331604,6,NA,NA,NA,NA
"qy043","f",19.6739730834961,1,"ka6ve",49.7643852233887,30.0904102325439,5,"bs7le",45.7616424560547,26.0876712799072,5
"l034n","m",21.9808216094971,0,"difg7",34.0219192504883,12.0410957336426,6,"wif8n",51.6904106140137,29.7095890045166,7
"jw7ft","f",17.2849311828613,0.819999992847443,"dx3a1",58.0410957336426,40.7561645507812,9,"j3a53",59.9232864379883,42.638355255127,9
"tri6b","m",18.668493270874,0,NA,NA,NA,NA,"flddj",NA,NA,NA
"uvpp8","m",41.6821899414062,5.82000017166138,NA,NA,NA,NA,"gts60",58.689998626709,17.0078086853027,6
"rh09r","m",46.4356155395508,3.8199999332428,NA,NA,NA,NA,NA,NA,NA,NA
"pvj2s","m",47.7972602844238,0,"p7gf1",NA,NA,NA,"yv6mi",NA,NA,NA
"s7kpg","m",30.6767120361328,0,NA,NA,NA,NA,"oajta",59.6958885192871,29.0191783905029,8
"n90qr","f",38.9068489074707,8.81999969482422,NA,NA,NA,NA,NA,NA,NA,NA
"yh33s","f",49.2904090881348,8,NA,NA,NA,NA,NA,NA,NA,NA
"jg5ri","f",34.3534240722656,1,"hz6a4",83.7123260498047,49.3589057922363,4,"ublf6",78.709587097168,44.3561630249023,1
"zdo9f","m",24.6712322235107,0,"m5e5y",46.687671661377,22.0164375305176,7,"k1cjs",42.6849327087402,18.0136985778809,7
"gxc7z","f",54.6931495666504,6,NA,NA,NA,NA,NA,NA,NA,NA
"xjanf","m",20.4082183837891,0,"gacrv",61.8904113769531,41.4821929931641,9,"xyn1z",46,25.5917816162109,8
"iumiz","f",39.2547950744629,5.82000017166138,"vnsnz",67.7013702392578,28.4465751647949,8,"zmak2",67.7013702392578,28.4465751647949,8
"nsyji","m",21.7616443634033,0,"ka6ve",49.7643852233887,28.0027389526367,5,"bs7le",45.7616424560547,24,5
"j3a53","f",59.9232864379883,9,NA,NA,NA,NA,NA,NA,NA,NA
"b291o","f",20.0986309051514,0.819999992847443,"ichyy",53.6904106140137,33.5917816162109,4,"eqjs9",46.687671661377,26.5890407562256,4
"ntacu","f",55.6986312866211,6,NA,NA,NA,NA,NA,NA,NA,NA
"p3zo7","m",54.0356178283691,4,NA,NA,NA,NA,"x6d95",NA,NA,NA
"dqclv","m",55.6931495666504,9,"f3ixh",72.04931640625,16.356164932251,7,"dit9p",72.9643859863281,17.2712326049805,6
"bmmtj","f",37.7561645507812,5.46000003814697,"svjgk",69.8000030517578,32.0438346862793,7,"shmnm",80.5780792236328,42.8219184875488,8
"imooh","f",32.7671241760254,1.63999998569489,NA,NA,NA,NA,NA,NA,NA,NA
"o2zig","f",36.7698631286621,6.6399998664856,NA,NA,NA,NA,NA,NA,NA,NA
"q53aw","m",45.7753410339355,NA,NA,NA,NA,NA,NA,NA,NA,NA
"p01rw","m",54.6931495666504,5,"ennjt",70.2958908081055,15.6027393341064,7,"v3eiu",67.2931518554688,12.6000003814697,5
"g3nog","f",22.9232883453369,0,"djtm0",65.6986312866211,42.7753410339355,8,"gapa8",62.6986312866211,39.7753410339355,8
"pdw5h","f",48.687671661377,3,"g55ic",78.5589065551758,29.8712329864502,7,"h539p",70.0383529663086,21.3506851196289,7
"bu6h5","m",23.120548248291,0,"b02l0",68.1095886230469,44.9890403747559,11,"a54cw",62,38.879451751709,4
"y5zop","f",21.1863021850586,1.63999998569489,"jq61d",47.0986289978027,25.9123287200928,8,"lxwvn",45.613697052002,24.427396774292,7
"osgtl","f",44.6849327087402,4,"vnsnz",67.7013702392578,23.0164375305176,8,"zmak2",67.7013702392578,23.0164375305176,8
"ivew3","f",31.210958480835,3,"rb1sk",62.1863021850586,30.975341796875,6,"ov36g",56.6931495666504,25.4821910858154,6
"u15cf","f",34.6794509887695,2.8199999332428,"difg7",34.0219192504883,-0.657534241676331,6,"wif8n",51.6904106140137,17.0109596252441,7
"eaie9","m",22.6712322235107,0,NA,NA,NA,NA,"r7aoy",40.6821899414062,18.0109596252441,7
"ii4y2","f",31.4301376342773,4.6399998664856,"m2coc",71.7041091918945,40.2739715576172,4,"rotbq",68.7013702392578,37.2712326049805,4
"qdg62","m",38.7561645507812,NA,NA,NA,NA,NA,NA,NA,NA,NA
"a1sj4","m",28.0164375305176,4.82000017166138,"m9b4g",63.3506851196289,35.3342475891113,6,"hi4t0",55.9452056884766,27.9287662506104,6
"a9phk","f",20.668493270874,NA,NA,NA,NA,NA,NA,NA,NA,NA
"td770","f",24.7260265350342,3.64000010490417,"z560m",51.6904106140137,26.9643840789795,6,"c37zu",45.6849327087402,20.9589042663574,6
"kwqym","f",62.5945205688477,8,NA,NA,NA,NA,NA,NA,NA,NA
"kx159","f",69.7917785644531,NA,NA,NA,NA,NA,NA,NA,NA,NA
"r7aoy","f",40.6821899414062,8.64000034332275,NA,NA,NA,NA,NA,NA,NA,NA
"ve5tn","m",28.6739730834961,0.819999992847443,"kbpme",51.6904106140137,23.0164375305176,9,"ehddk",39.0273971557617,10.3534250259399,4
"d3xeu","f",20.758903503418,1,NA,NA,NA,NA,NA,NA,NA,NA
"h71u1","f",28.6739730834961,4.6399998664856,NA,NA,NA,NA,NA,NA,NA,NA
"ic20w","f",17.6657543182373,0,NA,NA,NA,NA,"mpd19",38.024658203125,20.3589038848877,4
"e7846","f",18.668493270874,0.819999992847443,NA,NA,NA,NA,NA,NA,NA,NA
"jzf2m","m",33.1616439819336,4.6399998664856,"m9b4g",63.3506851196289,30.1890411376953,6,"hi4t0",55.9452056884766,22.783561706543,6
"bs7le","f",45.7616424560547,5,NA,NA,NA,NA,NA,NA,NA,NA
"x5gca","f",37.5178070068359,4.82000017166138,"ns62j",61.5534248352051,24.0356159210205,8,"m7g5v",60,22.4821910858154,10
"mjgwi","m",24.6821918487549,0,"uzsw5",38.0273971557617,13.3452053070068,3,"f9fzz",31.0219173431396,6.33972597122192,3
"ydiqo","m",45.6849327087402,3,NA,NA,NA,NA,NA,NA,NA,NA
"tz61p","m",15.6712331771851,0,"nsc6f",54.0383567810059,38.3671226501465,6,"ntacu",55.6986312866211,40.0273971557617,6
"kt975","m",52.2246589660645,8.64000034332275,NA,NA,NA,NA,NA,NA,NA,NA
"y5b34","f",28.1671237945557,1,"ttpdq",65.6438369750977,37.4767112731934,4,"h1frn",48.687671661377,20.5205478668213,4
"ftzvu","f",17.3671226501465,0.819999992847443,"d07y8",38.024658203125,20.6575336456299,9,"azw88",48.312328338623,30.9452056884766,7
"usz1u","m",35.6739730834961,3.64000010490417,NA,NA,NA,NA,NA,NA,NA,NA
"lvkzl","f",52.783561706543,4,NA,NA,NA,NA,NA,NA,NA,NA
"zgmtc","f",48.687671661377,9.81999969482422,NA,NA,NA,NA,NA,NA,NA,NA
"ccjbb","f",49.687671661377,5,"rah09",77.0904083251953,27.4027404785156,5,"ktlim",78.7315063476562,29.0438346862793,5
"msik4","m",51.0821914672852,2.8199999332428,"svjgk",69.8000030517578,18.7178077697754,7,"shmnm",80.5780792236328,29.4958896636963,8
"hsci1","m",45.2794532775879,3,NA,NA,NA,NA,"m3m35",76.7068481445312,31.427396774292,2
"fdqca","f",19.668493270874,1.63999998569489,"ydiqo",45.6849327087402,26.0164375305176,3,"mpyu1",42.6849327087402,23.0164375305176,3
"dgov9","f",26.6739730834961,2.8199999332428,NA,NA,NA,NA,NA,NA,NA,NA
"i1r6g","f",45.6849327087402,6.82000017166138,"m7ovk",66.4383544921875,20.7534255981445,8,"kwqym",62.5945205688477,16.9095897674561,8
"l11ak","f",22.6712322235107,0,"ichyy",53.6904106140137,31.0191783905029,4,"eqjs9",46.687671661377,24.0164375305176,4
"ralyg","m",16.0410957336426,0,"gkr12",58.4931488037109,42.4520530700684,8,"yh33s",49.2904090881348,33.2493133544922,8
"i6mzm","f",21.7452049255371,1.63999998569489,NA,NA,NA,NA,NA,NA,NA,NA
"qbb65","f",32.6849327087402,1,"g55ic",78.5589065551758,45.8739738464355,7,"h539p",70.0383529663086,37.3534240722656,7
"lcm0k","f",26.6739730834961,3.46000003814697,NA,NA,NA,NA,NA,NA,NA,NA
"za0c3","m",24.7616443634033,NA,NA,NA,NA,NA,NA,NA,NA,NA
"lydne","m",44.6849327087402,7.6399998664856,"xp939",69.4602737426758,24.7753429412842,6,"f2m2s",71.7041091918945,27.0191783905029,3
"yfose","m",23.7616443634033,0,"e7how",65.9589004516602,42.1972618103027,5,NA,NA,NA,NA
"wy97i","f",24.6712322235107,1.63999998569489,NA,NA,NA,NA,NA,NA,NA,NA
"wovdr","m",53.0054779052734,11,NA,NA,NA,NA,NA,NA,NA,NA
"cvv94","m",32.6602745056152,4.82000017166138,"dx3a1",58.0410957336426,25.3808212280273,9,"j3a53",59.9232864379883,27.2630138397217,9
"q33gs","m",21.5068492889404,0,"qojbm",45.6849327087402,24.1780815124512,7,"tk810",42.4000015258789,20.8931503295898,7
"m2coc","m",71.7041091918945,4,NA,NA,NA,NA,NA,NA,NA,NA
"u26ac","m",22.6712322235107,0,NA,NA,NA,NA,"sg5qo",53.2999992370605,30.6287670135498,8
"i02te","m",48.687671661377,9.64000034332275,NA,NA,NA,NA,NA,NA,NA,NA
"eu6oi","m",16.6739730834961,NA,NA,NA,NA,NA,NA,NA,NA,NA
"auyvk","f",37.6794509887695,0,NA,NA,NA,NA,NA,NA,NA,NA
"w50it","m",78.6137008666992,1,NA,NA,NA,NA,NA,NA,NA,NA
"gkx34","f",29.1616439819336,2.64000010490417,NA,NA,NA,NA,NA,NA,NA,NA
"cwcl0","f",41.1150703430176,9.64000034332275,"hz6a4",83.7123260498047,42.5972595214844,4,"eocnw",59.6958885192871,18.5808219909668,9
"k7ep5","f",29.6739730834961,2,"bsnmn",60.6958885192871,31.0219173431396,7,"ddyp5",55.6931495666504,26.0191783905029,7
"av879","m",22.6712322235107,0.819999992847443,NA,NA,NA,NA,NA,NA,NA,NA
"z2efv","f",23.7452049255371,0.819999992847443,NA,NA,NA,NA,NA,NA,NA,NA
"vo36y","m",26.1561641693115,1,"v5viw",47.263011932373,21.1068496704102,7,"vi3sc",45.3397254943848,19.1835613250732,8
"v3hak","f",20.3972606658936,0,"xb4af",51,30.6027393341064,9,"w98hh",59.6958885192871,39.2986297607422,8
"pvlct","m",24.6712322235107,2.46000003814697,"peio9",62.6986312866211,38.0273971557617,8,NA,NA,NA,NA
"nqii1","f",17.7945213317871,0,"hpzze",52.6767120361328,34.8821907043457,11,"cvlem",45.6849327087402,27.8904113769531,5
"ih9j7","f",37.4410972595215,5,"nsc6f",54.0383567810059,16.5972595214844,6,"ntacu",55.6986312866211,18.2575340270996,6
"eguwf","f",23.2465744018555,1.82000005245209,NA,NA,NA,NA,NA,NA,NA,NA
"uee8u","f",28.6739730834961,2.8199999332428,"wkvbx",76.7068481445312,48.0328750610352,7,"mzg96",66.7013702392578,38.0273971557617,7
"cd7qo","f",32.5890426635742,3.64000010490417,"xb4af",51,18.4109592437744,9,"w98hh",59.6958885192871,27.1068496704102,8
"m79n5","f",30.5616436004639,1,NA,NA,NA,NA,"ldo6h",50.6164398193359,20.0547943115234,5
"fxrnq","f",27.687671661377,3.64000010490417,"su674",57.6931495666504,30.0054798126221,8,"q9ltf",51.9945220947266,24.306848526001,8
"br22z","m",41.0273971557617,3,"j02o1",77.0400009155273,36.0126037597656,4,"dysgr",81.6958923339844,40.6684913635254,4
"jksa1","m",20.2958908081055,0,"d55g6",59.3698616027832,39.0739707946777,6,"uildo",61.7424659729004,41.4465751647949,6
"q9ltf","f",51.9945220947266,8,NA,NA,NA,NA,NA,NA,NA,NA
"s773d","f",24.4109592437744,NA,"gd0wb",NA,NA,NA,"kbev9",49.5013694763184,25.0904102325439,5
"ym22s","m",20.668493270874,0,"x95x7",48.687671661377,28.0191783905029,6,"i1r6g",45.6849327087402,25.0164375305176,6
"su674","m",57.6931495666504,8,NA,NA,NA,NA,NA,NA,NA,NA
"m6y99","m",20.7452049255371,0,"oa8jz",51.6904106140137,30.9452056884766,3,"mr20g",42.7753410339355,22.0301361083984,3
"u18df","m",17.9835624694824,0,"z560m",51.6904106140137,33.7068481445312,6,"c37zu",45.6849327087402,27.7013702392578,6
"spq5s","f",59.8383560180664,3,NA,NA,NA,NA,NA,NA,NA,NA
"x2y6l","f",33.7671241760254,NA,NA,NA,NA,NA,NA,NA,NA,NA
"a76fj","m",28.7671241760254,NA,NA,NA,NA,NA,NA,NA,NA,NA
"jjsw4","m",16.2739734649658,0,"ztbne",29.0191783905029,12.7452058792114,3,"nuyml",40.6821899414062,24.4082183837891,7
"wox37","f",27.7479457855225,1.82000005245209,NA,NA,NA,NA,NA,NA,NA,NA
"m7ovk","m",66.4383544921875,8,NA,NA,NA,NA,"qjeep",84.7260284423828,18.2876720428467,5
"pdg4y","m",31.6767120361328,0.819999992847443,"s6ywf",52.6904106140137,21.0136985778809,6,"il6db",51.6904106140137,20.0136985778809,6
"c94to","f",17.5671234130859,0,NA,NA,NA,NA,"pdw5h",48.687671661377,31.120548248291,3
"wuqnj","m",38.6821899414062,2.64000010490417,"f93kg",66.7013702392578,28.0191783905029,2,"kvhm2",61.6958885192871,23.0136985778809,2
"peo7v","m",24.1561641693115,0,"vr4qp",49.2356147766113,25.0794525146484,6,"ih9j7",37.4410972595215,13.2849311828613,5
"qpftr","f",74.7068481445312,6,NA,NA,NA,NA,NA,NA,NA,NA
"l5hl2","f",41.758903503418,NA,NA,NA,NA,NA,NA,NA,NA,NA
"x3n04","f",72.7945175170898,5,NA,NA,NA,NA,NA,NA,NA,NA
"nyc7c","f",59.6958885192871,5,NA,NA,NA,NA,"sm54x",76.2986297607422,16.6027393341064,3
"pxz8r","f",42.4876708984375,6,"b02l0",68.1095886230469,25.6219177246094,11,"xp23u",51.0356178283691,8.54794502258301,8
"n9bbw","f",27.76438331604,2.8199999332428,"fs8ry",49.783561706543,22.0191783905029,2,"nwq0q",44.0301361083984,16.2657527923584,2
"mwffk","f",34.0904121398926,3.8199999332428,NA,NA,NA,NA,NA,NA,NA,NA
"kq4jh","m",29.6739730834961,3.64000010490417,"hqfs2",NA,NA,NA,"qpftr",74.7068481445312,45.0328750610352,6
"vtcgf","m",37.3041114807129,4.82000017166138,NA,NA,NA,NA,"ldo6h",50.6164398193359,13.312328338623,5
"lwsxh","f",21.7753429412842,1.82000005245209,"vqyp3",NA,NA,NA,"m6n61",48.687671661377,26.9123287200928,4
"edd8v","m",44.6849327087402,3,NA,NA,NA,NA,NA,NA,NA,NA
"prej6","m",24.5972595214844,0,"gacrv",61.8904113769531,37.2931518554688,9,"xyn1z",46,21.4027404785156,8
"keen1","m",32.6767120361328,0,"jjux9",61.6958885192871,29.0191783905029,8,"x7fgu",58.6958885192871,26.0191783905029,8
"goy7c","f",57.6931495666504,5,"ncdfy",78.709587097168,21.0164375305176,5,"tarsl",76.7068481445312,19.0136985778809,5
"d1xt5","m",19.1452045440674,0,"jq61d",47.0986289978027,27.9534244537354,8,"lxwvn",45.613697052002,26.4684925079346,7
"q30au","f",22.6712322235107,2.64000010490417,NA,NA,NA,NA,NA,NA,NA,NA
"fwyu0","f",16.879451751709,0,"bpetr",35,18.120548248291,1,"y7j89",37.7643852233887,20.8849315643311,3
"jfv5e","f",36.6794509887695,1.63999998569489,NA,NA,NA,NA,"afq0a",41.7780838012695,5.09862995147705,3
"aq00r","f",38.6821899414062,4.6399998664856,"wkvbx",76.7068481445312,38.024658203125,7,"mzg96",66.7013702392578,28.0191783905029,7
"gwj12","f",26.6739730834961,2.64000010490417,NA,NA,NA,NA,NA,NA,NA,NA
"btuqm","m",28.0191783905029,1.63999998569489,NA,NA,NA,NA,"tsvqd",52.6904106140137,24.6712322235107,3
"pfoqm","m",34.6794509887695,0.819999992847443,"p3zo7",54.0356178283691,19.356164932251,4,"pkk0e",55.2000007629395,20.5205478668213,4
"sde1x","f",31.8191776275635,3.8199999332428,"tc53o",56.0383567810059,24.2191772460938,5,"fmq5b",61.9561653137207,30.1369857788086,5
"ncdfy","m",78.709587097168,5,NA,NA,NA,NA,NA,NA,NA,NA
"iv7a3","f",35.5643844604492,3.8199999332428,"lm10r",69.4904098510742,33.9260292053223,9,"eud8v",NA,NA,NA
"gvxty","f",20.758903503418,1,NA,NA,NA,NA,NA,NA,NA,NA
"kvhm2","f",61.6958885192871,2,NA,NA,NA,NA,NA,NA,NA,NA
"zk3wk","f",26.76438331604,3.64000010490417,"lan5p",44,17.23561668396,2,"gxc7z",54.6931495666504,27.9287662506104,6
"zjeml","f",16.668493270874,0,"bynnz",32.0219192504883,15.3534250259399,4,"d1sha",42.8849296569824,26.216438293457,7
"kwn9c","f",33.6767120361328,NA,NA,NA,NA,NA,NA,NA,NA,NA
"wwlub","m",42.3643836975098,5.46000003814697,"d55g6",59.3698616027832,17.0054798126221,6,"uildo",61.7424659729004,19.3780822753906,6
"zineq","m",36.6794509887695,1.82000005245209,"c4u0r",67.7013702392578,31.0219173431396,7,"ixics",57.0410957336426,20.361644744873,7
"cmohb","f",22.7616443634033,1,NA,NA,NA,NA,NA,NA,NA,NA
"qxjew","m",31.7315063476562,8.64000034332275,"np17s",53.6904106140137,21.9589042663574,8,"jm868",51,19.2684936523438,2
"j46zl","m",17.3945198059082,0,"lm10r",69.4904098510742,52.095890045166,9,"l5hl2",NA,NA,NA
"axhag","f",19.758903503418,0,NA,NA,NA,NA,"kzzxj",46.687671661377,26.9287662506104,4
"h8ya1","f",19.7424659729004,1,NA,NA,NA,NA,NA,NA,NA,NA
"nf820","m",36.5945205688477,NA,NA,NA,NA,NA,NA,NA,NA,NA
"o25gm","m",23.572603225708,0,"xb4af",51,27.427396774292,9,"w98hh",59.6958885192871,36.1232872009277,8
"lviwh","m",56.6931495666504,NA,NA,NA,NA,NA,NA,NA,NA,NA
"h539p","f",70.0383529663086,7,NA,NA,NA,NA,NA,NA,NA,NA
"ayk0c","m",51.7643852233887,7.82000017166138,NA,NA,NA,NA,NA,NA,NA,NA
"r5y5o","f",17.5041103363037,0.819999992847443,"qi1ip",48.687671661377,31.1835613250732,5,"msrcp",44.6849327087402,27.1808223724365,5
"t3m1d","m",24.6712322235107,0,"wovdr",53.0054779052734,28.3342456817627,11,"gxc7z",54.6931495666504,30.0219173431396,6
"eh6y8","m",31.7452049255371,2.64000010490417,"d07y8",38.024658203125,6.27945184707642,9,"azw88",48.312328338623,16.5671234130859,7
"y0alt","m",62.6986312866211,3,NA,NA,NA,NA,NA,NA,NA,NA
"cukld","f",25.76438331604,0,NA,NA,NA,NA,NA,NA,NA,NA
"v7urj","m",28.312328338623,1.82000005245209,"wo7v8",57.3835601806641,29.0712337493896,5,"dohum",55.9643821716309,27.6520557403564,5
"ewtua","m",29.6000003814697,0.819999992847443,"xb4af",51,21.3999996185303,9,"w98hh",59.6958885192871,30.095890045166,8
"pn0zl","m",24.6712322235107,0,"c4u0r",67.7013702392578,43.0301361083984,7,"ixics",57.0410957336426,32.3698616027832,7
"co7xc","m",16.2986297607422,0,"fyqv0",NA,NA,NA,"j4ubf",39.6821899414062,23.3835620880127,4
"y4q44","m",62.3835601806641,1,NA,NA,NA,NA,NA,NA,NA,NA
"p33lw","f",26.5835609436035,1,"gkr12",58.4931488037109,31.9095897674561,8,"yh33s",49.2904090881348,22.7068500518799,8
"hw57t","f",24.7506847381592,0.819999992847443,"lm10r",69.4904098510742,44.7397270202637,9,"l5hl2",NA,NA,NA
"vx1rw","f",20.8849315643311,1.63999998569489,"su674",57.6931495666504,36.808219909668,8,"q9ltf",51.9945220947266,31.1095886230469,8
"ujftv","m",26.7479457855225,0,NA,NA,NA,NA,"q9xao",44.6849327087402,17.9369869232178,6
"eeyrp","m",21.2438354492188,0,"ddmko",NA,NA,NA,"ntc3a",39.9945220947266,18.7506847381592,3
"w8lw6","m",45.8986282348633,1,"a9li1",81.5369873046875,35.638355255127,8,"siwhu",71.1600036621094,25.2613697052002,8
"n5sju","m",30.6821918487549,NA,"frfis",69.6109619140625,38.928768157959,8,"toaz9",37.024658203125,6.34246587753296,4
"w4l6q","f",32.7452049255371,2,"d55g6",59.3698616027832,26.6246566772461,6,"uildo",61.7424659729004,28.9972610473633,6
"kfaxy","m",24.6712322235107,0,"kbpme",51.6904106140137,27.0191783905029,9,NA,NA,NA,NA
"flwm0","f",18.668493270874,NA,NA,NA,NA,NA,NA,NA,NA,NA
"b4esr","f",28.6739730834961,2.8199999332428,"frfis",69.6109619140625,40.9369850158691,8,"veo3p",58.5862998962402,29.9123287200928,4
