"id","idf","idm","ed","edf","edm","age","agef","agem","sex"
"ur5t2","mln9o",NA,11,10,9999,17,44,9999,"M"
"lx5vl","aefyh","h6pyj",10,9999,8,37.40999316,9999,63,"F"
"ajfaf","kdnwe","uexjh",9999,9999,9999,9999,9999,9999,"F"
"o0k8h","vqm2w","z0dcl",10,9999,9999,44.80766598,9999,9999,"F"
"xzuam","ti150","yi7z6",9,9999,9999,19.93976728,30,29,"F"
"x3w9k","q5931","dbbd7",9,9999,10,21.27857632,49,40,"F"
"vmoec","t9241","x25k6",9,9999,9999,24.32032854,64,51,"M"
"hf5cu","it2z0","cb1de",10,9999,9999,59.33196441,9999,9999,"M"
"mzxrb","wayb4","n0l9b",9999,9999,9999,9999,9999,9999,"M"
"x3von",NA,"yxpxo",9,9999,10,15.67693361,9999,36,"M"
"drs8k","q0124","cwqjd",10,9999,9999,59.62765229,9999,9999,"F"
"zko3q","m1c7w","cm7ow",9999,9999,9999,9999,9999,9999,"M"
"fw3we","icb7n","bfxhf",9999,9999,9999,9999,9999,9999,"M"
"zsr0h","q5931","dbbd7",9,9999,10,19.39219713,49,40,"M"
"njev3","g4rdd","p3nis",10,9999,9999,38.39288159,9999,67,"F"
"hn7j0","j9h27",NA,10,9999,9999,51.34291581,9999,9999,"M"
"cc567","f16hg","oqcz0",11,9999,9999,58.29431896,9999,9999,"F"
"gxyq0","cpizp","gjx1s",8,3,9999,36.96372348,78,9999,"F"
"ggbcz","lot37","h1ish",10,9999,9999,46.03148528,66,9999,"M"
"mm9ut","ybngd","bl8i0",4,9999,9999,33.76865161,52,9999,"M"
"s3ed2","l1nom",NA,11,8,9999,32.80766598,55,9999,"M"
"sz84w","a2mvk","aatg4",11,9999,3,35.8384668,9999,62,"F"
"q2amr","y0vkl","cqtsv",9,11,9999,19.03627652,45,9999,"F"
"uryvx","srgb0","va60j",11,10,10,25.92744695,53,47,"F"
"qrixf","supi3","uyquc",10,9999,9999,50.19301848,9999,9999,"M"
"eh4w9","y43x0","jgy04",11,10,9999,21.87268994,56,56,"F"
"uhpsq","vlua3","cpo8q",10,9999,9999,56.93086927,9999,9999,"M"
"t59h5",NA,"jpsuo",9999,9999,9999,57.48939083,9999,9999,"M"
"pvfb4","vxwkr","sqfua",7,10,9999,19.22518823,42,35,"F"
"ocv02","ybngd","bl8i0",10,9999,9999,36.26557153,52,9999,"F"
"krk2n","fk3nn","cgfji",7,9999,11,15.61396304,42,48,"M"
"glc0r","nyfl4","slxf1",9999,9999,9999,9999,9999,9999,"M"
"gxn01","kuso4","ssrx5",10,9999,9999,50.38193018,9999,9999,"F"
"fqe70","mf3l8","shgw0",9,10,11,20.10951403,51,52,"M"
"thac5","ngruy","pnlyn",3,9999,9999,52.92539357,9999,9999,"M"
"i9pir","a2mvk","aatg4",9,9999,3,26.97878166,9999,62,"M"
"qmwmy","yex4m","apx4n",9,9999,10,18.56262834,29,40,"M"
"tm5jz","kd3wy","kjd2t",10,10,11,36.60232717,74,68,"F"
"yex4m",NA,"ji9zk",9999,9999,9999,29,9999,9999,"M"
"ib2yl","hf5cu","npo2h",9,10,9999,32.21629021,59,9999,"M"
"ii382","mammn","e6jc4",9999,9999,9999,47.77823409,9999,9999,"F"
"zl2a7",NA,"c1ozg",11,9999,8,17.01026694,9999,42,"F"
"wayb4","icb7n","bfxhf",9999,9999,9999,9999,9999,9999,"M"
"t1x28","c43kk","xq77k",9999,11,11,9999,33,28,"F"
"hwdji","kj9iz","z0aax",10,3,9999,52.01368925,72,9999,"M"
"uy9ra","lvcwe","do2w5",9,9999,9999,33.16084873,9999,9999,"M"
"hh2mz","k55g1","rw9lt",11,9999,10,28.34223135,9999,50,"F"
"qln35","l1nom",NA,9999,8,9999,9999,55,9999,"M"
"diy26","m1c7w","cm7ow",11,9999,9999,45.08966461,9999,9999,"M"
"jfclp","lez6g","fyh5q",11,10,10,25,50,52,"M"
"a92bs","c99f8","qie2h",11,11,10,20.27652293,40,41,"M"
"jgy04","glc0r","hjc67",9999,9999,9999,56,9999,9999,"F"
"jid35","srgb0","va60j",11,10,10,21,53,47,"M"
"j3m6w","yex4m","apx4n",10,9999,10,16.80219028,29,40,"F"
"wn631","qm9iw","zxxoq",11,3,9999,33.65913758,68,52,"M"
"fv466",NA,"l4i0b",9999,9999,9999,9999,9999,9999,"M"
"zr8rr","echph","drs8k",9,9999,10,18.55441478,41,60,"F"
"ab9w2",NA,"f9ubm",9,9999,9999,21.2073922,9999,34,"M"
"tgyfq","hf5cu","npo2h",9999,10,9999,9999,59,9999,"M"
"meq9g","sl1w1","g7psp",9999,9999,9999,9999,81,9999,"M"
"shm6o","x3vq8","sslxh",3,9999,9999,78.57905544,9999,9999,"F"
"d8pa5","pq5y9","aldbb",9999,9999,9999,9999,9999,9999,"M"
"tppxo","yrrk3","szaip",10,11,10,35.45516769,62,58,"M"
"za884","uqrf9","onkto",11,9999,9999,36.94729637,9999,9999,"M"
"i8hnk","c0k98","rn38y",9,10,8,17,50,46,"M"
"i88z9","utgl7","udu4s",11,9999,9999,51.35660507,9999,9999,"F"
"ogqh1","mp6zg","aj20q",11,9999,3,39,9999,67,"M"
"iujqi","b7jow","cfpfi",9999,9999,9999,9999,9999,9999,"M"
"ybngd","x3fwf","j2bzi",9999,9999,9999,52,9999,9999,"M"
"lqh2s","m98vk","tskce",11,10,10,25.01574264,47,48,"F"
"q16j2","tckmo","u7cjl",10,9999,9999,52.39151266,9999,9999,"F"
"s9nce","mp6zg","lswwx",9999,9999,9999,9999,9999,9999,"M"
"ho8td",NA,"l4uxx",9999,9999,9999,32.26283368,9999,9999,"M"
"kdgxr","e1ehz","jf73v",11,9999,9,18,36,44,"M"
"wo1xi","cddyt","s2eww",10,9999,10,35.4715948,9999,58,"M"
"abrg0","vg9bu","w6j6f",9999,9999,9999,9999,9999,9999,"F"
"r7e4y","ilovh","hysn2",10,9999,9999,48.73648186,9999,9999,"F"
"y8wdv",NA,"dgeap",9999,9999,9999,9999,9999,9999,"F"
"bolk8","ghps3","r7e4y",9,10,10,23.44695414,52,49,"F"
"orhff","fwb1n","cxl2c",9999,9999,9999,32,9999,9999,"M"
"iidtw","h8zj9","yiyiy",9,11,11,24.24366872,53,51,"M"
"nb42s","utgl7","udu4s",10,9999,9999,41.99589322,9999,9999,"F"
"rr9af","ghps3","r7e4y",9,10,10,20.41341547,52,49,"M"
"s373w","aefyh","h6pyj",8,9999,8,39.8384668,9999,63,"M"
"lxpc8","h8zj9","yiyiy",8,11,11,18.41204654,53,51,"M"
"vt4wt","atnjx","p65d0",9999,9999,9999,57,9999,9999,"M"
"cyp18",NA,"fx0m4",9,9999,10,25.02121834,9999,47,"M"
"blqu5","m1c7w","cm7ow",10,9999,9999,50,9999,9999,"F"
"o0mki","sl1w1","g7psp",10,9999,9999,34.75975359,81,9999,"M"
"u9wi9","klcqp","qvgrk",9999,9999,9999,70,9999,9999,"F"
"pxy2e","hn7j0","ntphh",9,10,10,16.99931554,51,51,"F"
"in9f3","go9n9","a615m",9999,10,8,9999,46,38,"F"
"zbim8","k212r","i88z9",9999,11,11,9999,64,51,"F"
"ukj5r","dszww","sqfua",11,9999,9999,22.91033539,34,35,"F"
"luju3","r5poh","y8wdv",9999,10,9999,9999,36,9999,"M"
"ux52d","lez6g","fyh5q",11,10,10,18.11362081,50,52,"F"
"ayg9x","f81j8","zy815",9,9999,10,19,39,41,"M"
"p8cnd","mp6zg","aj20q",9,9999,3,32.33675565,9999,67,"M"
"l8l9x","fk3nn","cgfji",9,9999,11,17.60985626,42,48,"M"
"sq8uw","ghps3","r7e4y",10,10,10,17.01300479,52,49,"F"
"atnjx","ikek5",NA,9999,9999,9999,9999,9999,9999,"M"
"lonb4","fkhs6","ne5lm",2,9999,9,9999,9999,9999,"F"
"ztus0","fwb1n","cxl2c",9999,9999,9999,9999,9999,9999,"M"
"detkz","zmu07","blqu5",11,9999,10,30.5982204,9999,50,"F"
"tckmo","nrhgy","q5it9",9999,9999,9999,9999,9999,9999,"M"
"ubcq7","r4u2e","bkpdn",9,11,9999,26,55,9999,"M"
"nfiy3","yh053","h1r4d",9999,9999,9999,69,9999,91,"F"
"i31z0","bks0y","yjryr",9,10,9999,17.47022587,49,9999,"F"
"btu5w","vt4wt","mz2h0",9,9999,10,31,57,60,"M"
"cbx91","nd1ac",NA,10,9999,9999,48,9999,9999,"F"
"tjehh","gsmna","q16j2",11,10,10,20.3504449,54,52,"F"
"zxxoq","f9wpo","pp35x",9999,9999,9999,52,9999,74,"F"
"vwwe5","zmu07","blqu5",9,9999,10,24.44079398,9999,50,"F"
"yd602","fw3we","owa5a",10,9999,9999,42.5982204,9999,78,"F"
"ouaqs","f81j8","zy815",11,9999,10,17,39,41,"F"
"rjlz1","fwb1n","cxl2c",9999,9999,9999,42,9999,9999,"F"
"oi580","aefyh","h6pyj",8,9999,8,41.04859685,9999,63,"M"
"ebzkw","y0vkl","cqtsv",10,11,9999,16.76933607,45,9999,"F"
"gf1b9","pq5y9","aldbb",3,9999,9999,75.87679671,9999,9999,"F"
"vzdtv","clv41","pqz0h",11,9999,9999,35.02258727,67,9999,"F"
"vvhs6","uhpfy","njev3",9999,10,10,9999,50,38,"M"
"ddqcv","u88e7","f614l",9999,9,8,9999,34,35,"F"
"sl1w1","g3c1v","lk0mn",9999,9999,9999,81,9999,9999,"M"
"f9ubm","mzxrb","iqho9",9999,9999,9999,34,9999,59,"F"
"se6r3","x5b6a","j5vu5",9999,9999,9999,9999,9999,9999,"F"
"rf1cb","k9gm5","v6tpx",9999,9999,9999,73,9999,9999,"F"
"ogxbx","pux44","fz9ta",11,11,9999,19.28268309,52,43,"M"
"vql6l","jcuow","arn3r",11,3,3,23.26078029,70,54,"F"
"dtgc9",NA,"jp0uc",11,9999,3,20.90896646,9999,52,"F"
"fyr9z","mammn","e6jc4",10,9999,9999,40.05201916,9999,9999,"F"
"nq9ag","dszww","rk74u",11,9999,10,23.62491444,34,43,"M"
"go9n9","h70yo","wdu5f",10,9999,9999,45.69472964,9999,75,"M"
"ewdko","xaow3","ppsu3",11,9999,9999,53.14442163,9999,9999,"F"
"twekj","lez6g","fyh5q",9999,10,10,9999,50,52,"M"
"mq71x",NA,"aijlu",9,9999,10,22.9650924,9999,43,"M"
"h0fk8","x3fwf","j2bzi",3,9999,9999,57,9999,9999,"F"
"iienr","hw1o5","o8z7x",11,9999,8,27.02532512,9999,53,"M"
"ad7g5","pcg89","dwrcg",6,10,10,15.95345654,42,38,"M"
"echp4","yuxhf","a22d2",9,10,10,20.49281314,40,50,"M"
"mqi2f",NA,"qsi6a",9,9999,11,16.78028747,9999,40,"M"
"pul1y","fk3nn","cgfji",11,9999,11,23.71252567,42,48,"F"
"jtujw","hqoqg","lx5vl",11,10,10,18.83915127,44,37,"F"
"cwqjd","dzhlg","rn6uk",9999,9999,9999,9999,9999,9999,"F"
"ad2sm","au8iz","s5a2e",9,10,10,18.04791239,53,45,"M"
"gq7ao","h1up3","mzdnm",12,10,11,20.69815195,48,42,"F"
"weud6","r8ui2","lswwx",9,9999,9999,27.77823409,9999,9999,"M"
"uzdfd","uk7ot","nfiy3",10,9999,9999,37.55509925,9999,69,"F"
"yh053","nyfl4","slxf1",9999,9999,9999,9999,9999,9999,"M"
"whaye","w4ggi","wyzvw",11,10,10,18.82819986,44,49,"M"
"hq243","bb4om","yd602",11,10,10,17.84531143,45,43,"M"
"rym4z","cpizp","gjx1s",8,3,9999,40.43805613,78,9999,"M"
"thn5d","jospm","sjveu",4,9999,10,22,9999,56,"M"
"g3js2","lcagy","bm2ah",10,9999,3,37.50308008,9999,69,"F"
"b1dr4","ze7w6","gxn01",11,9999,10,27.38124572,50,50,"F"
"wj99z","fw3we","owa5a",12,9999,9999,38.38740589,9999,78,"F"
"wpwrp","en685","aijlu",11,9999,10,19.39219713,9999,43,"F"
"kchwe","oukiz","t141m",8,9999,3,36.42162902,9999,69,"M"
"zylai",NA,"ewdko",11,9999,11,27.03627652,9999,53,"M"
"ix0sc","k212r","i88z9",11,11,11,27.90691307,64,51,"M"
"qosmc","tgejs","c1s6c",10,10,10,18.99520876,49,45,"M"
"szaip","glc0r","hjc67",10,9999,9999,58.36550308,9999,9999,"F"
"kdkao","pkbz2","u9wi9",10,9999,9999,50.78439425,78,70,"M"
"t25j3","jt4ec","prrk9",9999,9999,3,45.48665298,73,74,"M"
"ljzyu","jerg2","umwto",11,9999,11,18.03422313,42,41,"M"
"mz2h0","c7stz","ajfaf",10,9999,9999,60.49281314,9999,9999,"M"
"sy60c","jcuow","arn3r",11,3,3,18.95140315,70,54,"F"
"labog","jt4ec","prrk9",9999,9999,3,31,73,74,"M"
"hkwdi","k55g1","e05bt",9,9999,10,16.64613279,9999,52,"M"
"e05bt","d8pa5","fhurt",10,9999,9999,51.65776865,9999,61,"F"
"wep4d","w8vpn","kdlxg",9999,9999,9999,9999,62,70,"F"
"x48v6",NA,"rc55t",10,9999,9999,38.51608487,9999,9999,"M"
"uj4uc","wayb4","n0l9b",9999,9999,9999,42,9999,9999,"M"
"xq174","h70yo","wdu5f",10,9999,9999,48.30937714,9999,75,"M"
"pjuwm","yiabg","l4i0b",9999,9999,9999,9999,9999,9999,"M"
"cmxgm","gptwx","seq1l",11,10,9999,26.39835729,53,45,"M"
"l1nom","g4rdd","p3nis",8,9999,9999,55.14031485,9999,67,"M"
"exdmh","hqoqg","lx5vl",11,10,10,18.83915127,44,37,"F"
"t3rp5",NA,"a615m",9,9999,8,17.74401095,9999,38,"F"
"zhzuj","a95wr","shm6o",10,3,3,44,84,79,"F"
"ykurp","c0k98","rn38y",7,10,8,19.61670089,50,46,"M"
"jcuow","glc0r","hjc67",3,9999,9999,70.15195072,9999,9999,"M"
"x7xzx","lcoaw","cbx91",7,10,10,17.48939083,51,48,"M"
"l4uxx","fwb1n",NA,9999,9999,9999,9999,9999,9999,"F"
"lbs8a","xq174","i97eg",11,10,10,18.64202601,48,42,"M"
"lnpn5","vg9bu","w6j6f",9999,9999,9999,9999,9999,9999,"F"
"cjdc9","ze7w6","gxn01",11,9999,10,25.5578371,50,50,"F"
"vmsrd","mp6zg","aj20q",8,9999,3,37.77686516,9999,67,"F"
"e66gn","en685","aijlu",9,9999,10,16.89253936,9999,43,"F"
"vxwkr",NA,"aatg4",10,9999,3,42.05612594,9999,62,"M"
"bks0y","d8pa5","fhurt",10,9999,9999,48.90622861,9999,61,"M"
"jfa4v",NA,"hg3kw",9999,9999,9999,21.15263518,9999,23,"M"
"sv6e0","lvcwe","do2w5",9,9999,9999,34.49691992,9999,9999,"M"
"xq77k",NA,"jp0uc",11,9999,3,28.01916496,9999,52,"F"
"ha99v","vt4wt","wqgbc",9,9999,9999,27.4770705,57,9999,"M"
"lgt22","jcuow","arn3r",9,3,3,25.00752909,70,54,"M"
"iqayz","uhpfy","njev3",9,10,10,18.01505818,50,38,"F"
"ix5eh","oz5zu","y4xc7",9999,11,8,9999,24,20,"F"
"t3bk8","r8ui2","lswwx",11,9999,9999,43.30732375,9999,9999,"M"
"c9axj","hw1o5","o8z7x",11,9999,8,24.22176591,9999,53,"F"
"a2qtw","mp6zg","lswwx",9999,9999,9999,33,9999,9999,"F"
"bwrqh","yf040","urok2",9999,9999,9999,23.67145791,9999,9999,"F"
"zdhdb","c0k98","rn38y",9,10,8,25.5523614,50,46,"M"
"k4dmk","f16hg","oqcz0",9999,9999,9999,35,9999,9999,"F"
"cznm6",NA,"jbbad",9999,9999,9999,27,9999,9999,"M"
"u7cjl","ymvdi",NA,9999,9999,9999,9999,9999,9999,"F"
"do2w5","x3fwf","j2bzi",9999,9999,9999,9999,9999,9999,"F"
"go5jj","y43x0","jgy04",9,10,9999,19.32375086,56,56,"M"
"i1jsf","b8np4","hxyq8",3,9999,9999,64.68172485,9999,9999,"F"
"orr6z","hf5cu","npo2h",11,10,9999,32.21629021,59,9999,"M"
"t141m","atnjx","p65d0",3,9999,9999,69.0403833,9999,9999,"F"
"oz5zu","jsnf1","wyzvw",11,9999,10,23.72347707,9999,49,"M"
"h70yo","c7axj",NA,9999,9999,9999,9999,9999,9999,"M"
"fx0m4","wa4y3","hfpsc",10,9999,9999,47.4661191,9999,9999,"F"
"qcpk2","uk7ot","nfiy3",9999,9999,9999,36,9999,69,"F"
"msx8z","vt4wt","wqgbc",9,9999,9999,16.18617385,57,9999,"F"
"kxd4o","mzxrb","iqho9",3,9999,9999,55.84668036,9999,59,"M"
"ogfpx","igsc5","sffhs",9999,9999,9999,9999,9999,9999,"F"
"umcs7","cv9zm","jkozw",9999,9999,9999,9999,9999,9999,"M"
"vvmve","w8vpn","kdlxg",9999,9999,9999,9999,62,70,"M"
"rk74u","m1c7w","cm7ow",10,9999,9999,43.01984942,9999,9999,"F"
"uhpfy","x7ij2",NA,10,9999,9999,49.68925394,9999,9999,"M"
"sjqb1","xq4s3","c085w",11,3,9999,26.81998631,66,51,"M"
"kn2ki","mi0uj","qkblg",9999,9999,8,16,9999,58,"F"
"kjd2t","q0124","cwqjd",11,9999,9999,68.29842574,9999,9999,"F"
"srgb0","mammn","e6jc4",10,9999,9999,53.14168378,9999,9999,"M"
"ncdzd",NA,"arn3r",4,9999,3,32.35318275,9999,54,"M"
"u0o3x","f16hg","oqcz0",10,9999,9999,41.29226557,9999,9999,"F"
"a2kda","gptwx","seq1l",9,10,9999,21.10061602,53,45,"M"
"hqoqg","cpizp","gjx1s",10,3,9999,44.38056126,78,9999,"M"
"pxjpl","ggbcz","wgmdt",6,10,3,19,46,47,"M"
"s9rzb","yex4m","apx4n",9,9999,10,16.31485284,29,40,"F"
"thoem","klcqp","qvgrk",9999,9999,9999,9999,9999,9999,"M"
"t1ady","lcagy","bm2ah",9,9999,3,34.55715264,9999,69,"M"
"ji9zk","gsqqi","kbrx7",9999,9999,9999,9999,9999,9999,"F"
"rjy5r","labog","f9ubm",9,9999,9999,17.34428474,31,34,"F"
"hg3kw","opg10","jpcf2",9999,9999,9999,23,9999,9999,"F"
"cpizp","jva7n","rl7i3",3,9999,9999,77.5797399,9999,9999,"M"
"dwrcg","mzxrb","iqho9",10,9999,9999,38.05065024,9999,59,"F"
"bl8i0","c7stz","ajfaf",9999,9999,9999,9999,9999,9999,"F"
"dvmfw","wbjdd","ji9zk",9,9999,9999,28.79397673,9999,9999,"M"
"guhrb","ghps3","r7e4y",11,10,10,18.84736482,52,49,"F"
"ac9gc",NA,"ji9zk",11,9999,9999,34.38466804,9999,9999,"F"
"k1fp8","pux44","fz9ta",9,11,9999,21.29226557,52,43,"F"
"ne5lm","m98vk","tskce",9,10,10,9999,47,48,"F"
"c7axj","f1fif","pb204",9999,9999,9999,9999,9999,9999,"M"
"aiqbz","q076e","qoodv",9999,9,11,9999,21,27,"M"
"j236p","pkbz2","u9wi9",10,9999,9999,41.10609172,78,70,"M"
"dlnrc","yrrk3","szaip",11,8,10,28.63791923,62,58,"F"
"evfi9","s9nce","tq827",6,9999,10,16.19712526,9999,37,"M"
"wkja4","lcoaw","cbx91",11,10,10,25.908282,51,48,"F"
"c25t2","b8np4","hxyq8",10,9999,9999,50.45585216,9999,9999,"F"
"a95wr","rvbmx","kt8n6",3,9999,9999,83.58110883,9999,9999,"M"
"ihnid","a95wr","shm6o",8,3,3,55.77002053,84,79,"M"
"fzn1e","ivimo","yvvfs",9999,10,10,9999,53,46,"F"
"z0aax","thoem","abrg0",9999,9999,9999,9999,9999,9999,"F"
"zaqfr","bb4om","yd602",12,10,10,19.68240931,45,43,"F"
"it2z0","b7jow","cfpfi",9999,9999,9999,9999,9999,9999,"M"
"d3sep","a2mvk","aatg4",11,9999,3,29.45927447,9999,62,"F"
"styw6","pe4er","hh2mz",9999,9,11,9999,26,28,"M"
"orrc9","uugpo","tjfa4",5,10,9999,15.68240931,40,41,"M"
"lip7q","ti150","yi7z6",11,9999,9999,22.09445585,30,29,"M"
"ppxhr","oukiz","t141m",8,9999,3,36.42162902,9999,69,"F"
"st0fm","ho2rr","zjel8",9999,9999,9999,35,9999,9999,"M"
"gvs7y","jospm","sjveu",12,9999,10,22.40109514,9999,56,"F"
"zjmnx","xq174","i97eg",9,10,10,20.81861739,48,42,"M"
"k2i03",NA,"fx0m4",11,9999,10,22.55715264,9999,47,"F"
"brp4y","yqows","h9qg1",9999,9999,9999,9999,9999,54,"F"
"wt5d8",NA,"jp0uc",10,9999,3,22.17111567,9999,52,"M"
"sr3f5","tro7x","jgc3c",10,10,10,16.49281314,49,40,"F"
"zsm0n","kdhq8","jgy04",9999,9999,9999,9999,9999,56,"F"
"d3s4t","xq4s3","c085w",11,3,9999,27,66,51,"M"
"kdhq8","xaow3","ppsu3",9999,9999,9999,9999,9999,9999,"M"
"mln9o",NA,"i1jsf",10,9999,3,43.57289528,9999,65,"M"
"a1tvp","zmu07","blqu5",4,9999,10,22.46954141,9999,50,"M"
"ffge5","srgb0","va60j",11,10,10,18.35455168,53,47,"M"
"gn9wd","k0eft","bkrh4",9999,10,11,9999,20,19,"M"
"t50rk","qrixf","tq827",9999,10,10,9999,50,37,"F"
"kd5xc","a8teo","injdj",10,9999,9999,40.01916496,9999,57,"M"
"kz9ow","go9n9","a615m",9999,10,8,9999,46,38,"M"
"e37im","hwdji","ogktu",11,10,10,24.34223135,52,45,"F"
"q076e","k55g1","e05bt",9,9999,10,21.0349076,9999,52,"M"
"c7stz","o47p4","zr2c2",9999,9999,9999,9999,9999,9999,"M"
"pe4er","jsnf1","wyzvw",9,9999,10,25.92197125,9999,49,"M"
"wdu5f","x3vq8","sslxh",9999,9999,9999,75,9999,9999,"F"
"yhqqc","lez6g","fyh5q",9,10,10,20.59958932,50,52,"M"
"yhgve","hf5cu","npo2h",10,10,9999,35.58932238,59,9999,"M"
"yuxhf","jt4ec","prrk9",10,9999,3,40,73,74,"M"
"pik3m",NA,"ss9se",11,9999,9999,22.32717317,9999,28,"M"
"q8j54","ybngd","bl8i0",11,9999,9999,24.49555099,52,9999,"M"
"fpymy",NA,"f614l",9,9999,8,17.31143053,9999,35,"F"
"n3x15",NA,"shgw0",9999,9999,11,9999,9999,52,"F"
"pvjne","t9yk0","v7szi",9999,9999,9999,9999,9999,9999,"M"
"ss12h","pe4er","hh2mz",9999,9,11,9999,26,28,"M"
"nqtxz","qrixf","fv9lx",11,10,9999,20.70910335,50,9999,"M"
"ho2rr","x5b6a","j5vu5",9999,9999,9999,9999,9999,9999,"M"
"u2pgs","p259o","rw9lt",11,9999,10,24.89253936,9999,50,"M"
"xwvr9","e1ehz","jf73v",11,9999,9,19,36,44,"F"
"klr2v","qt1pb","opy3k",9999,9999,9999,9999,9999,9999,"M"
"uukwy","yqows","h9qg1",9999,9999,9999,32.67077344,9999,54,"F"
"umwto","l1roj","b6cbk",11,3,3,41.43737166,69,67,"F"
"aefyh","fw3we","owa5a",9999,9999,9999,9999,9999,78,"M"
"igsjz",NA,"shgw0",11,9999,11,27.24709103,9999,52,"F"
"amivp",NA,"f614l",9,9999,8,15.88501027,9999,35,"F"
"hxyq8","o47p4","zr2c2",9999,9999,9999,9999,9999,9999,"F"
"scism","cwv2x","g906x",10,9999,8,16.3613963,61,39,"F"
"rvth9",NA,"yvvfs",6,9999,10,17.65366188,9999,46,"M"
"a6mc8","qrixf","fv9lx",11,10,9999,23.07734428,50,9999,"F"
"ntphh","gg8h0",NA,10,9999,9999,51.12388775,9999,9999,"F"
"y0vkl","opg10","jpcf2",11,9999,9999,45.28678987,9999,9999,"M"
"fire3","l1nom",NA,9999,8,9999,16,55,9999,"M"
"c43kk","cddyt","s2eww",11,9999,10,33.23203285,9999,58,"M"
"mas88",NA,"bkpdn",11,9999,9999,42.30253251,9999,9999,"F"
"jwwt0","kd3wy","kjd2t",9999,10,11,39.02806297,73,68,"F"
"udu4s","dqksh","xclwz",9999,9999,9999,9999,9999,9999,"F"
"ti150","vt4wt",NA,9999,9999,9999,30,57,9999,"M"
"r6h0r","tro7x","jgc3c",9,10,10,15.70978782,49,40,"M"
"wyzvw","ov5s1","gf1b9",10,9999,3,49.07049966,64,76,"F"
"ke92f","t25j3","g1kpk",11,9999,10,20.00273785,45,39,"F"
"n0l9b","nmo3k","cfqj0",9999,9999,9999,9999,9999,9999,"F"
"vgrmd","igsc5","sffhs",9999,9999,9999,9999,9999,9999,"M"
"lhast","gsmna","q16j2",11,10,10,31.74537988,54,52,"F"
"bkpdn","p0fqr","rlsnz",9999,9999,9999,9999,9999,9999,"F"
"supi3","vqm2w","z0dcl",9999,9999,9999,9999,9999,9999,"M"
"iw2sl","lot37","h1ish",9999,9999,9999,9999,66,9999,"F"
"q2gjt","uugpo","tjfa4",9999,10,9999,17.00752909,40,41,"F"
"x4w6l","kj9iz","z0aax",10,3,9999,50.35455168,72,9999,"M"
"aj20q","tjaee","se6r3",3,9999,9999,67.35112936,9999,9999,"F"
"aatg4","vlua3","cpo8q",3,9999,9999,61.99863107,9999,9999,"F"
"ca9zy","jva7n","rl7i3",3,9999,9999,70,9999,9999,"M"
"lgapg","y43x0","jgy04",9999,10,9999,9999,56,56,"F"
"a2mvk","msvqx","ljwsl",9999,9999,9999,9999,9999,9999,"M"
"vy6gm","ov5s1","gf1b9",9999,9999,3,34,64,76,"M"
"o56dc",NA,"dy80e",10,9999,9999,17.71937029,9999,9999,"M"
"z5hpw","l1roj","b6cbk",10,3,3,39.6440794,69,67,"M"
"pdh48","hx5zf","o70nl",11,11,11,20.10403833,50,44,"F"
"kdlxg","dzhlg","rn6uk",9999,9999,9999,70,9999,9999,"F"
"w6yuo","t3qpe","a615m",9,3,8,15.63039014,42,38,"F"
"lvcwe","k9gm5","v6tpx",9999,9999,9999,9999,9999,9999,"M"
"m4kn7","awrn3","u6zp1",10,9999,9999,41,70,9999,"M"
"kt8n6","f1fif","pb204",9999,9999,9999,9999,9999,9999,"F"
"b6cbk","vgrmd","lnpn5",3,9999,9999,66.85010267,9999,9999,"F"
"vsatv","njgyh","mas88",11,10,11,18,45,42,"M"
"owa5a","k9gm5","v6tpx",9999,9999,9999,78,9999,9999,"F"
"cijo2",NA,"c25t2",11,9999,10,23.76180698,9999,50,"F"
"w0ux1","lcagy","bm2ah",8,9999,3,41.81793292,9999,69,"F"
"yi7z6","ca9zy","hnjxs",9999,3,9999,29,70,50,"F"
"bkrh4","h1up3","mzdnm",11,10,11,18.82272416,48,42,"F"
"jbbad","glc0r","hjc67",9999,9999,9999,9999,9999,9999,"F"
"dgkbt","kdhq8","jgy04",11,9999,9999,33.59890486,9999,56,"F"
"y1g0m","ex138","fj4ex",9,10,9999,18.11362081,48,9999,"F"
"gg6eg","jospm","sjveu",11,9999,10,30.82272416,9999,56,"F"
"hael9","xq4s3","c085w",11,3,9999,28.24640657,66,51,"F"
"b60jb",NA,"ewdko",9,9999,11,20,9999,53,"M"
"lhxps",NA,"s432f",10,9999,11,36.79945243,9999,9999,"F"
"uyquc","nmo3k","cfqj0",9999,9999,9999,9999,9999,9999,"F"
"cpj0p","l1nom",NA,9,8,9999,26.60643395,55,9999,"M"
"uk7ot","pvjne","fmjng",9999,9999,9999,9999,9999,9999,"M"
"yrrk3","it2z0","cb1de",8,9999,9999,62.04791239,9999,9999,"M"
"mp6zg","kcfl0","rcsra",9999,9999,9999,9999,9999,9999,"M"
"sqfua","a95wr","shm6o",9999,3,3,35,84,79,"F"
"xy51j","hn7j0","ntphh",9999,10,10,16,51,51,"F"
"eh59d","yrrk3","szaip",11,8,10,29.86173854,62,58,"M"
"ac9l5","diy26","ogktu",8,11,10,16.44626968,45,45,"F"
"zb6dj","lcoaw","cbx91",11,10,10,27.36755647,51,48,"F"
"pb8a1","vg9bu","w6j6f",9999,9999,9999,9999,9999,9999,"F"
"jospm","yh053","h1r4d",9999,9999,9999,9999,9999,91,"M"
"cwyy9","c99f8","qie2h",12,11,10,18.40657084,40,41,"M"
"z1moi","a2mvk","aatg4",9999,9999,10,23,9999,62,"M"
"xwpzt","a2mvk","aatg4",11,9999,3,34.00684463,9999,62,"M"
"xevje","d9k9j","qsbhm",9999,9999,9999,9999,9999,9999,"M"
"x5xzk","q5931","dbbd7",9999,9999,10,18,49,40,"M"
"b8np4","kdnwe","uexjh",9999,9999,9999,9999,9999,9999,"M"
"ghps3","h70yo","wdu5f",10,9999,9999,52.36413415,9999,75,"M"
"va92c","xulhb","jah6r",8,9999,9999,45.93292266,9999,59,"F"
"xs0pq","a2mvk","aatg4",9999,9999,3,9999,9999,62,"M"
"c1ozg","clv41","pqz0h",8,9999,9999,41.84257358,67,9999,"F"
"i79ao","hn7j0","ntphh",9,10,10,23.02532512,51,51,"M"
"ss9se","a2mvk","aatg4",9999,9999,3,28,9999,62,"F"
"cdrxa","njgyh","mas88",9,10,11,16,45,42,"F"
"y1aqm","lpc14","w8km2",11,10,11,9999,50,46,"M"
"bysdg",NA,"jwwt0",9999,9999,9999,9999,9999,39,"F"
"apx4n","h70yo","wdu5f",10,9999,9999,38.72689938,9999,75,"F"
"ehgqz","vxwkr","wej0a",11,10,10,17.02121834,42,39,"F"
"ymvdi","icb7n","bfxhf",9999,9999,9999,9999,9999,9999,"M"
"tij7k","mln9o",NA,11,10,9999,23.64134155,44,9999,"M"
"jsnf1","glc0r","hjc67",9999,9999,9999,9999,9999,9999,"M"
"ujr1m","t9241","x25k6",9999,9999,9999,9999,64,51,"F"
"l1roj","ymvdi","rxqcc",3,9999,9999,69.09240246,9999,9999,"M"
"nk97f","xtq07","ocv02",7,8,10,17.45106092,38,36,"M"
"lr1jl","s9nce","tq827",9,9999,10,17.07323751,9999,37,"F"
"fk3nn","awrn3","u6zp1",9999,9999,9999,42,70,9999,"M"
"kxzuf",NA,"dgeap",9999,9999,9999,9999,9999,9999,"F"
"xq3sm","cddyt","s2eww",9999,9999,10,31.42778919,9999,58,"F"
"l4i0b","dqksh","xclwz",9999,9999,9999,9999,9999,9999,"F"
"t3qpe",NA,"ql6mi",3,9999,8,41.5633128,9999,59,"M"
"vlua3","x5b6a","j5vu5",9999,9999,9999,9999,9999,9999,"M"
"mnlre","hwdji","ogktu",11,10,10,22.95140315,52,45,"M"
"ex138","ab8i2","ca77a",10,9999,3,47.55373032,67,67,"M"
"la1cc",NA,"ss9se",11,9999,9999,17.60438056,9999,28,"F"
"e95xe","vt4wt","wqgbc",11,9999,9999,31.52635181,57,9999,"M"
"g20p1",NA,"i39wg",11,9999,10,27.1430527,9999,62,"M"
"t7njp",NA,"ogfpx",9999,9999,9999,9999,9999,9999,"M"
"ptjxe","zmu07","blqu5",7,9999,10,19.08008214,9999,50,"M"
"i39wg","h70yo","wdu5f",10,9999,9999,62.02600958,9999,75,"F"
"x0s9h","ib2yl","y8wdv",6,9,9999,9999,32,9999,"M"
"ck6su","fc7jz","a2qtw",9,10,9999,19.64681725,41,33,"F"
"u88e7","mp6zg","aj20q",9,9999,3,34.36276523,9999,67,"M"
"cpo8q","ikek5",NA,9999,9999,9999,9999,9999,9999,"F"
"g1kpk",NA,"y4mtm",10,9999,9999,38.56810404,9999,52,"F"
"t2qwv","nrfan","i1lyu",9,11,10,25.50308008,48,45,"M"
"hd92l","gg8h0",NA,9999,9999,9999,9999,9999,9999,"M"
"j9h27","ikek5",NA,9999,9999,9999,9999,9999,9999,"F"
"n7fdk",NA,"r5wgd",11,9999,9999,34.9705681,9999,9999,"F"
"yeiqe","hf5cu","npo2h",11,10,9999,26.42847365,59,9999,"M"
"zv3e0","uj4uc",NA,9999,9999,9999,9999,42,9999,"F"
"seq1l","sl1w1","g7psp",9999,9999,9999,45,81,9999,"F"
"h6pyj","c7stz","ajfaf",8,9999,9999,63,9999,9999,"F"
"con88","a95wr","shm6o",9999,3,3,25,84,79,"F"
"hcvdc","ov5s1","gf1b9",10,9999,3,38.72142368,64,76,"M"
"wi9so","nrhgy","q5it9",9999,9999,9999,9999,9999,9999,"M"
"sf787",NA,"jp0uc",10,9999,3,18.6146475,9999,52,"F"
"p764z","njxz6","u0o3x",11,9999,10,19.60301164,9999,41,"F"
"ls68d","hn7j0","ntphh",9,10,10,19.35934292,51,51,"F"
"qoodv","cmrhe","dy3fj",11,9999,10,27.26078029,9999,52,"F"
"k9bh4","jcuow","arn3r",11,3,3,26.15468857,70,54,"F"
"hhlek","yrrk3","szaip",9,8,10,33.21013005,62,58,"F"
"h1up3","xulhb","jah6r",10,9999,9999,47.55920602,9999,59,"M"
"wbjdd","h70yo","wdu5f",9999,9999,9999,9999,9999,75,"M"
"cwt9e","pux44","fz9ta",10,11,9999,17.18275154,52,43,"F"
"vnc1b",NA,"a92sa",8,9999,9999,32,9999,57,"M"
"uqrf9","iujqi","s5m6k",9999,9999,9999,9999,9999,9999,"M"
"nd1ac","wa9k1","qiuo4",9999,9999,9999,9999,9999,9999,"M"
"shgw0","p0fqr","rlsnz",11,9999,9999,51.69062286,9999,9999,"F"
"dy3fj","f9wpo","pp35x",10,9999,9999,52.36413415,9999,74,"F"
"e2ee8","pcg89","dwrcg",9999,10,10,9999,42,38,"M"
"bm2ah","qt1pb","opy3k",3,9999,9999,69.42368241,9999,9999,"F"
"ejc6a","i2qw6","vntsk",8,9999,3,57.44284736,78,76,"M"
"cgfji","nkvfe",NA,11,9999,9999,48,9999,9999,"F"
"kej1n","srgb0","va60j",11,10,10,21.74401095,53,47,"M"
"swg1c","mammn","e6jc4",9999,9999,9999,9999,9999,9999,"M"
"acog7","mp6zg","aj20q",10,9999,3,39.95071869,9999,67,"M"
"esymt","xq4s3","c085w",11,3,9999,34.36276523,66,51,"M"
"a22d2","f9wpo","pp35x",10,9999,9999,50.00958248,9999,74,"F"
"ox6ku","r5poh","y8wdv",0,10,9999,9999,36,9999,"M"
"yvvfs","cpizp","gjx1s",10,3,9999,46,78,9999,"F"
"jkbqk",NA,"zsm0n",9999,9999,9999,9999,9999,9999,"F"
"ia1vt","pe4er","hh2mz",9999,9,11,9999,26,28,"F"
"aijlu","mzxrb","iqho9",10,9999,9999,43.05817933,9999,59,"F"
"i5exr",NA,"rwrd7",9999,9999,9999,38.13552361,9999,9999,"F"
"p3nis","umcs7",NA,9999,9999,9999,67,9999,9999,"F"
"oprex","hf5cu","npo2h",9999,10,9999,9999,59,9999,"M"
"zy815","h70yo","wdu5f",10,9999,9999,40.58042437,9999,75,"F"
"fwb1n","d9k9j","qsbhm",9999,9999,9999,9999,9999,9999,"M"
"f19d5","lcoaw","cbx91",11,10,10,24.862423,51,48,"M"
"f42mn","wa4y3","hfpsc",11,9999,9999,31.91238877,9999,9999,"F"
"p65d0","x5b6a","j5vu5",9999,9999,9999,9999,9999,9999,"F"
"dbbd7","mp6zg","aj20q",10,9999,3,40,9999,67,"F"
"g41f6","q5931","dbbd7",9,9999,10,22.41478439,49,40,"M"
"r5poh","xq4s3","c085w",10,3,9999,36.01368925,66,51,"M"
"xhooq","pkbz2","u9wi9",10,9999,9999,38.28884326,78,70,"F"
"motzt","iakce","ii382",9999,9999,9999,17,9999,48,"M"
"qsi6a",NA,"t141m",11,9999,3,39.62217659,9999,69,"F"
"vb4ea","h8zj9","yiyiy",9,11,11,25.95208761,53,51,"M"
"j49sm","xh4jb","ktwz5",9,10,11,18.36824093,52,62,"F"
"pvih7","mp6zg","aj20q",11,9999,3,27.18959617,9999,67,"M"
"o70nl","s4hca","g2cv3",11,9999,9999,44.02464066,70,9999,"F"
"tq827","mp6zg","aj20q",10,9999,3,36.60232717,9999,67,"F"
"kxckd","wsxy8","re3wj",11,11,9999,36.10951403,70,9999,"F"
"cqtsv","wa4y3","hfpsc",9999,9999,9999,9999,9999,9999,"F"
"g8qmk","bks0y","yjryr",7,10,9999,19.85489391,49,9999,"M"
"bg6o9","fkhs6","ne5lm",0,9999,9,9999,9999,9999,"F"
"prrk9","km66u","ruub2",3,9999,9999,74,9999,9999,"F"
"b5ozd","bb4om","yd602",11,10,10,21.36071184,45,43,"F"
"p9ytb","pcg89","dwrcg",9,10,10,17.00479124,42,38,"F"
"s5ox0","jospm","sjveu",9999,9999,10,18,9999,56,"M"
"i6zju","b8np4","hxyq8",9999,9999,9999,40,9999,9999,"F"
"qkblg","w4mcg","dr04j",8,9999,9999,57.62354552,9999,9999,"F"
"t5qkf","qm9iw","zxxoq",10,3,9999,37.98494182,68,52,"M"
"r8ui2","nrhgy","q5it9",9999,9999,9999,9999,9999,9999,"M"
"en685","g4rdd","p3nis",9999,9999,9999,9999,9999,67,"M"
"rn38y","f16hg","oqcz0",8,9999,9999,46.17659138,9999,9999,"F"
"g7psp","dhz2u","sns6c",9999,9999,9999,9999,9999,9999,"F"
"uu7fw","h70yo","wdu5f",10,9999,9999,42.86105407,9999,75,"M"
"pcg89","wsxy8","re3wj",10,11,9999,42.12457221,70,9999,"M"
"i97eg","xevje","hmc92",10,9999,9999,42.40930869,9999,9999,"F"
"wsxy8","yh053","h1r4d",11,9999,9999,69.75770021,9999,91,"M"
"s432f",NA,"pb8a1",11,9999,9999,9999,9999,9999,"F"
"bq173","c0k98","rn38y",9,10,8,23.21697467,50,46,"M"
"ih5k2","yrrk3","szaip",11,8,10,22.71047228,62,58,"M"
"jva7n","o47p4","zr2c2",9999,9999,9999,9999,9999,9999,"M"
"zoqd1","rqesi","kxckd",9,11,11,16.54483231,40,36,"M"
"t06r5","wbjdd","ji9zk",9,9999,9999,32.79671458,9999,9999,"M"
"wys13","yhgve","uukwy",9999,10,9999,9999,36,33,"F"
"q0124","igsc5","sffhs",9999,9999,9999,9999,9999,9999,"M"
"y4xc7","au8iz","wj99z",8,10,12,19.55646817,53,38,"F"
"rcykq","fk3nn","cgfji",11,9999,11,21.67556468,42,48,"M"
"k55g1","fw3we","owa5a",9999,9999,9999,9999,9999,78,"M"
"l4t7n","r5poh","y8wdv",9999,10,9999,9999,36,9999,"M"
"hiuka","lcoaw","cbx91",9,10,10,15.81930185,51,48,"M"
"qm7eu","a8teo","injdj",10,9999,9999,32,9999,57,"M"
"dy80e","mi0uj","qkblg",9999,9999,8,9999,9999,58,"F"
"woqko","igsc5","sffhs",9999,9999,9999,72,9999,9999,"M"
"lv03l","yiabg","l4i0b",9999,9999,9999,9999,9999,9999,"F"
"a15h5","p259o","rw9lt",9,9999,10,22,9999,50,"M"
"pqmri","mp6zg","aj20q",11,9999,3,27.18959617,9999,67,"M"
"xpgsw","c0k98","rn38y",9,10,8,21.58247775,50,46,"M"
"nl8cq","ab8i2","ca77a",10,9999,3,36.02464066,67,67,"M"
"gd1dd","ti150","yi7z6",10,9999,9999,15.79739904,30,29,"M"
"fgq6q","p259o","rw9lt",11,9999,10,17.41820671,9999,50,"F"
"awrn3","g3c1v","lk0mn",9999,9999,9999,70,9999,9999,"M"
"az9dk",NA,"bkofs",9999,9999,11,9999,9999,22,"M"
"wfc3s","l1roj","b6cbk",11,3,3,37.7412731,69,67,"F"
"tk56m","cmrhe","dy3fj",7,9999,10,18.97878166,9999,52,"M"
"h8zj9","kuso4","ssrx5",11,9999,9999,52.60506502,9999,9999,"M"
"e4so1","tro7x","jgc3c",10,10,10,18.68856947,49,40,"M"
"l1bpe","ab8i2","ca77a",10,9999,3,38.41204654,67,67,"F"
"xnhta","zmu07","blqu5",11,9999,10,26.17932923,9999,50,"F"
"jk851","tgejs","c1s6c",11,10,10,21.24572211,49,45,"M"
"km66u","t9yk0","v7szi",9999,9999,9999,9999,9999,9999,"M"
"e1ehz",NA,"y4mtm",9999,9999,9999,36,9999,52,"M"
"kj9iz","glc0r","hjc67",3,9999,9999,72,9999,9999,"M"
"cj10k",NA,"lswwx",10,9999,9999,37.88364134,9999,9999,"M"
"vm2gt","w8vpn","kdlxg",10,9999,9999,40.90622861,62,70,"M"
"kt4el","wo1xi","uzdfd",8,11,10,9999,35,38,"M"
"rwrd7","dhz2u","sns6c",9999,9999,9999,9999,9999,9999,"F"
"ldicm","ti150","yi7z6",6,9999,9999,17.88637919,30,29,"F"
"j9sls",NA,"dy80e",9,9999,9999,16.29568789,9999,9999,"M"
"q0wix",NA,"ej3mn",11,9999,11,20,9999,54,"F"
"oywy4",NA,"lv03l",8,9999,9999,34.95140315,9999,9999,"M"
"llw1q","t9241","x25k6",9,9999,9999,25.35523614,64,51,"M"
"dszww","d8pa5","fhurt",9999,9999,9999,34,9999,61,"M"
"ljaqy","q5931","dbbd7",10,9999,10,18.12731006,49,40,"F"
"t1je9","lsj8v","nb42s",11,11,10,18.52156057,47,42,"M"
"i89ff","i2qw6","vntsk",9999,9999,3,33,78,76,"F"
"k0d1z","a8teo","injdj",10,9999,9999,41.02395619,9999,57,"M"
"iq6uy","mebvv","i6zju",11,3,9999,21.4017796,9999,40,"F"
"pnlyn","wa9k1","qiuo4",9999,9999,9999,9999,9999,9999,"F"
"sl5r2","mi0uj","qkblg",9,9999,8,21.76865161,9999,58,"M"
"i68un",NA,"shgw0",11,9999,11,25.19917864,9999,52,""
"urok2","vlua3","cpo8q",9999,9999,9999,9999,9999,9999,"F"
"h18g6","atnjx","p65d0",9999,9999,9999,74,9999,9999,"F"
"jp0uc","x7ij2",NA,3,9999,9999,51.97809719,9999,9999,"F"
"xbqu2","h1up3","mzdnm",9,10,11,16.77481177,48,42,"M"
"k0eft","dszww","rk74u",10,9999,10,19.61670089,34,43,"M"
"tlhw6",NA,"ewdko",11,9999,11,30.91854894,9999,53,"M"
"ogktu","xevje","hmc92",10,9999,9999,45.12525667,9999,9999,"F"
"h9qg1",NA,"g42wh",9999,9999,9999,54.01232033,9999,9999,"F"
"jst0b","a2mvk","aatg4",9,9999,3,23.98631075,9999,62,"M"
"yjryr","uk7ot","nfiy3",9999,9999,9999,9999,9999,69,"F"
"u70rm","zmu07","blqu5",11,9999,10,28.7063655,9999,50,"F"
"gt9pu","w8vpn","kdlxg",10,9999,9999,43.33470226,62,70,"M"
"hysn2","kcfl0","rcsra",9999,9999,9999,9999,9999,9999,"F"
"hv43b","l1nom",NA,11,8,9999,30.55441478,55,9999,"F"
"z7nq2","r05kq","vmsrd",9999,10,8,9999,45,38,"M"
"t77xy","t7njp","oc9yw",10,9999,9999,37.36892539,9999,9999,"F"
"g5ymu","uhpfy","njev3",9,10,10,15.8329911,50,38,"F"
"bkofs","dszww","rk74u",11,9999,10,22.0752909,34,43,"F"
"rdft4","ihnid","va92c",9,8,8,24.13963039,56,46,"M"
"d27ar","t9241",NA,10,9999,9999,35.96440794,64,9999,"F"
"eikmy","pkbz2","u9wi9",11,9999,9999,47.03901437,78,70,"F"
"q5931","supi3","cv4ea",9999,9999,9999,48.82956879,9999,61,"M"
"lc9wr","nl8cq","f42mn",9999,10,11,9999,36,32,"F"
"bavfb","hn7j0","ntphh",9,10,10,23.01711157,51,51,"F"
"c1s6c","d8pa5","fhurt",10,9999,9999,45.01574264,9999,61,"F"
"pkbz2","nmo3k","cfqj0",9999,9999,9999,78,9999,9999,"M"
"t6h7j","kd3wy","kjd2t",9,10,11,29.36071184,73,68,"M"
"b0617","yf040","urok2",11,9999,9999,29,9999,9999,"M"
"nvvji","hw1o5","i68un",9999,9999,11,9999,9999,25,"M"
"nm2uj","msvqx","ljwsl",9999,9999,9999,9999,9999,9999,"M"
"cf1jk","hw1o5","o8z7x",12,9999,8,29.72758385,9999,53,"F"
"npo2h","wayb4","n0l9b",9999,9999,9999,9999,9999,9999,"F"
"lswwx","klr2v","c61qw",9999,9999,9999,9999,9999,9999,"F"
"y524x","yf040","urok2",11,9999,9999,22.19028063,9999,9999,"F"
"pb7g1",NA,"l9g1n",11,9999,8,23,9999,56,"F"
"s4hca","qt1pb","opy3k",9999,9999,9999,70,9999,9999,"M"
"jgc3c","x7ij2",NA,10,9999,9999,40.05201916,9999,9999,"F"
"oc9yw","gsqqi","kbrx7",9999,9999,9999,9999,9999,9999,"F"
"erlvw","xq174","i97eg",9,10,10,16.13415469,48,42,"M"
"o0nzl","woqko",NA,8,9999,9999,43.50171116,72,9999,"M"
"wgmdt","uk7ot","nfiy3",3,9999,9999,46.99794661,9999,69,"F"
"ab8i2","ikek5",NA,9999,9999,9999,67,9999,9999,"M"
"y4mtm","ymvdi","rxqcc",9999,9999,9999,52,9999,9999,"F"
"u98el","ho2rr","zjel8",9999,9999,9999,48,9999,9999,"F"
"ql6mi","atnjx","p65d0",8,9999,9999,59,9999,9999,"F"
"e7vul","srgb0","va60j",11,10,10,22.88569473,53,47,"M"
"dl4yh",NA,"o0k8h",4,9999,10,21.13347023,9999,45,"M"
"g42wh","klcqp","qvgrk",9999,9999,9999,9999,9999,9999,"F"
"o2ph0","njxz6","u0o3x",1,9999,10,17.8973306,9999,41,"F"
"wiord","pkbz2","u9wi9",9999,9999,9999,35,78,70,"M"
"oqcz0","igsc5","sffhs",9999,9999,9999,9999,9999,9999,"F"
"nfyys","y0vkl","zi7fz",9,11,8,17,45,36,"F"
"gducz","l1roj","b6cbk",10,3,3,35.59479808,69,67,"M"
"dytcv","klr2v","c61qw",11,9999,9999,59.79466119,9999,9999,"F"
"v9wvk",NA,"sqfua",9,9999,9999,16.66255989,9999,35,"F"
"bjv0f","y43x0","jgy04",11,10,9999,25.14168378,56,56,"F"
"y90de",NA,"i89ff",10,9999,9999,16.62970568,9999,33,"F"
"qie2h","uk7ot","nfiy3",10,9999,9999,41.229295,9999,69,"F"
"yak1d","ex138","fj4ex",10,10,9999,16.25188227,47,9999,"M"
"j5mtm","wa4y3","hfpsc",9999,9999,9999,23,9999,9999,"F"
"tgejs","pkbz2","u9wi9",10,9999,9999,49.05407255,78,70,"M"
"h8oaa","pux44","fz9ta",9,11,9999,23.39767283,52,43,"F"
"mqj5y","bks0y","yjryr",11,10,9999,26.32443532,49,9999,"M"
"vnrt1","gptwx","seq1l",11,10,9999,22.70499658,53,45,"F"
"sorl8","st0fm","l9g1n",9999,9999,8,20,35,56,"M"
"s2oo3","meq9g","r5wgd",11,9999,9999,32.8843258,9999,9999,"F"
"dzs7q","au8iz","s5a2e",10,10,10,19.24435318,53,45,""
"u8pwr","yrrk3","szaip",9,8,10,21.10882957,62,58,"F"
"h1wpv","a95wr","shm6o",10,3,3,36.76933607,84,79,"M"
"ly4uy","t9241","x25k6",10,9999,9999,37.45653662,64,51,"M"
"g906x","lot37","h1ish",8,9999,9999,39,66,9999,"F"
"p1rsi",NA,"fx0m4",9,9999,10,16.64339493,9999,47,"F"
"t9241","glc0r","hjc67",9999,9999,9999,64.07939767,9999,9999,"M"
"f614l","xulhb","jah6r",8,9999,9999,35.41957563,9999,59,"F"
"g9oun","diy26","ogktu",8,11,10,18,45,45,"M"
"gsmna","iujqi","s5m6k",10,9999,9999,54.4421629,9999,9999,"M"
"yfefo","hn7j0","ntphh",9,10,10,26.09993155,51,51,"M"
"aywb3","x3fwf","j2bzi",3,9999,9999,75.20602327,9999,9999,"M"
"rq2fo","x48v6","t77xy",9,10,10,17.82067077,39,37,"F"
"q1es5","bks0y","yjryr",9999,10,9999,17,49,9999,"M"
"onhj9","fk3nn","cgfji",11,9999,11,19.66324435,42,48,"F"
"l25cs","hx5zf","o70nl",11,11,11,19.17316906,50,44,"F"
"y49yq",NA,"dytcv",11,9999,11,30.0752909,9999,60,"M"
"mxo0j",NA,"jgy04",9999,9999,9999,27,9999,56,"M"
"nkvfe","d9k9j","qsbhm",9999,9999,9999,9999,9999,9999,"M"
"yd68b","bks0y","yjryr",11,10,9999,22.10540726,49,9999,"M"
"x25k6","yiabg","l4i0b",9999,9999,9999,51,9999,9999,"F"
"jnu01","qm9iw","zxxoq",9999,3,9999,9999,68,52,"M"
"fz9ta","opg10","jpcf2",9999,9999,9999,43,9999,9999,"F"
"yhuzt",NA,"jwwt0",11,9999,9999,18.42847365,9999,39,"M"
"o8z7x","i2qw6","vntsk",10,9999,3,52.62696783,78,76,"F"
"og1cs","cwv2x","g906x",4,9999,8,17.90554415,61,39,"M"
"yy7cd","zmu07","blqu5",7,9999,10,20,9999,50,"F"
"yzwlz",NA,"o0k8h",9,9999,10,19.04722793,9999,45,"F"
"jpsuo","qt1pb","opy3k",9999,9999,9999,9999,9999,9999,"F"
"bd4ky","uhpfy","njev3",9,10,10,19.71526352,50,38,"F"
"sjveu","q0124","cwqjd",10,9999,9999,56.47091034,9999,9999,"F"
